2026-05-21 15:35:09: ◇ injected env (4) from .env // tip: ⌘ enable debugging { debug: true }
2026-05-21 15:35:11: [35m [WEB] Servidor iniciado na porta 3000[39m
2026-05-21 15:35:17: ◇ injected env (4) from .env // tip: ◈ secrets for agents [www.dotenvx.com]
2026-05-21 15:35:18: [35m [WEB] Servidor iniciado na porta 3000[39m
2026-05-21 15:35:23: ◇ injected env (4) from .env // tip: ◈ encrypted .env [www.dotenvx.com]
2026-05-21 15:35:24: [35m [WEB] Servidor iniciado na porta 3000[39m
2026-05-21 15:35:30: ◇ injected env (4) from .env // tip: ⌘ multiple files { path: ['.env.local', '.env'] }
2026-05-21 15:35:31: [35m [WEB] Servidor iniciado na porta 3000[39m
2026-05-21 15:35:36: ◇ injected env (4) from .env // tip: ⌘ enable debugging { debug: true }
2026-05-21 15:35:38: [35m [WEB] Servidor iniciado na porta 3000[39m
2026-05-21 15:35:43: ◇ injected env (4) from .env // tip: ⌘ enable debugging { debug: true }
2026-05-21 15:35:44: [35m [WEB] Servidor iniciado na porta 3000[39m
2026-05-21 15:35:50: ◇ injected env (4) from .env // tip: ⌁ auth for agents [www.vestauth.com]
2026-05-21 15:35:55: [35m [WEB] Servidor iniciado na porta 3000[39m
2026-05-21 15:36:00: ◇ injected env (4) from .env // tip: ⌘ override existing { override: true }
2026-05-21 15:36:02: [35m [WEB] Servidor iniciado na porta 3000[39m
2026-05-21 15:36:07: ◇ injected env (4) from .env // tip: ⌘ enable debugging { debug: true }
2026-05-21 15:36:08: [35m [WEB] Servidor iniciado na porta 3000[39m
2026-05-21 15:36:13: ◇ injected env (4) from .env // tip: ⌘ custom filepath { path: '/custom/path/.env' }
2026-05-21 15:36:15: [35m [WEB] Servidor iniciado na porta 3000[39m
2026-05-21 15:36:20: ◇ injected env (4) from .env // tip: ◈ secrets for agents [www.dotenvx.com]
2026-05-21 15:36:22: [35m [WEB] Servidor iniciado na porta 3000[39m
2026-05-21 15:36:27: ◇ injected env (4) from .env // tip: ⌁ auth for agents [www.vestauth.com]
2026-05-21 15:36:28: [35m [WEB] Servidor iniciado na porta 3000[39m
2026-05-21 15:36:33: ◇ injected env (4) from .env // tip: ⌘ enable debugging { debug: true }
2026-05-21 15:36:35: [35m [WEB] Servidor iniciado na porta 3000[39m
2026-05-21 15:36:40: ◇ injected env (4) from .env // tip: ⌘ custom filepath { path: '/custom/path/.env' }
2026-05-21 15:36:42: [35m [WEB] Servidor iniciado na porta 3000[39m
2026-05-21 15:36:47: ◇ injected env (4) from .env // tip: ⌘ custom filepath { path: '/custom/path/.env' }
2026-05-21 15:36:48: [35m [WEB] Servidor iniciado na porta 3000[39m
2026-05-21 15:36:53: ◇ injected env (4) from .env // tip: ⌘ multiple files { path: ['.env.local', '.env'] }
2026-05-21 15:36:55: [35m [WEB] Servidor iniciado na porta 3000[39m
2026-05-21 15:37:00: ◇ injected env (4) from .env // tip: ⌁ auth for agents [www.vestauth.com]
2026-05-21 15:37:01: [35m [WEB] Servidor iniciado na porta 3000[39m
2026-05-21 15:37:07: ◇ injected env (4) from .env // tip: ◈ encrypted .env [www.dotenvx.com]
2026-05-21 15:37:08: [35m [WEB] Servidor iniciado na porta 3000[39m
2026-05-21 15:37:14: ◇ injected env (4) from .env // tip: ⌘ enable debugging { debug: true }
2026-05-21 15:37:15: [35m [WEB] Servidor iniciado na porta 3000[39m
2026-05-21 15:37:21: ◇ injected env (4) from .env // tip: ⌘ multiple files { path: ['.env.local', '.env'] }
2026-05-21 15:37:22: [35m [WEB] Servidor iniciado na porta 3000[39m
2026-05-21 15:37:27: ◇ injected env (4) from .env // tip: ⌘ enable debugging { debug: true }
2026-05-21 15:37:29: [35m [WEB] Servidor iniciado na porta 3000[39m
2026-05-21 15:37:34: ◇ injected env (4) from .env // tip: ⌘ override existing { override: true }
2026-05-21 15:37:35: [35m [WEB] Servidor iniciado na porta 3000[39m
2026-05-21 15:37:41: ◇ injected env (4) from .env // tip: ⌘ custom filepath { path: '/custom/path/.env' }
2026-05-21 15:37:42: [35m [WEB] Servidor iniciado na porta 3000[39m
2026-05-21 15:37:47: ◇ injected env (4) from .env // tip: ⌘ multiple files { path: ['.env.local', '.env'] }
2026-05-21 15:37:49: [35m [WEB] Servidor iniciado na porta 3000[39m
2026-05-21 15:37:54: ◇ injected env (4) from .env // tip: ⌘ override existing { override: true }
2026-05-21 15:37:55: [35m [WEB] Servidor iniciado na porta 3000[39m
2026-05-21 15:38:00: ◇ injected env (4) from .env // tip: ⌘ suppress logs { quiet: true }
2026-05-21 15:38:02: [35m [WEB] Servidor iniciado na porta 3000[39m
2026-05-21 15:38:07: ◇ injected env (4) from .env // tip: ◈ encrypted .env [www.dotenvx.com]
2026-05-21 15:38:08: [35m [WEB] Servidor iniciado na porta 3000[39m
2026-05-21 15:38:14: ◇ injected env (4) from .env // tip: ⌘ custom filepath { path: '/custom/path/.env' }
2026-05-21 15:38:15: [35m [WEB] Servidor iniciado na porta 3000[39m
2026-05-21 15:38:20: ◇ injected env (4) from .env // tip: ⌘ override existing { override: true }
2026-05-21 15:38:21: [35m [WEB] Servidor iniciado na porta 3000[39m
2026-05-21 15:38:27: ◇ injected env (4) from .env // tip: ⌘ multiple files { path: ['.env.local', '.env'] }
2026-05-21 15:38:28: [35m [WEB] Servidor iniciado na porta 3000[39m
2026-05-21 15:38:33: ◇ injected env (4) from .env // tip: ⌘ multiple files { path: ['.env.local', '.env'] }
2026-05-21 15:38:35: [35m [WEB] Servidor iniciado na porta 3000[39m
2026-05-21 15:38:40: ◇ injected env (4) from .env // tip: ⌘ multiple files { path: ['.env.local', '.env'] }
2026-05-21 15:38:42: [35m [WEB] Servidor iniciado na porta 3000[39m
2026-05-21 15:38:48: ◇ injected env (4) from .env // tip: ⌘ override existing { override: true }
2026-05-21 15:38:49: [35m [WEB] Servidor iniciado na porta 3000[39m
2026-05-21 15:38:55: ◇ injected env (4) from .env // tip: ⌘ enable debugging { debug: true }
2026-05-21 15:38:56: [35m [WEB] Servidor iniciado na porta 3000[39m
2026-05-21 15:39:01: ◇ injected env (4) from .env // tip: ⌘ override existing { override: true }
2026-05-21 15:39:03: [35m [WEB] Servidor iniciado na porta 3000[39m
2026-05-21 15:39:08: ◇ injected env (4) from .env // tip: ⌘ multiple files { path: ['.env.local', '.env'] }
2026-05-21 15:39:09: [35m [WEB] Servidor iniciado na porta 3000[39m
2026-05-21 15:39:15: ◇ injected env (4) from .env // tip: ◈ encrypted .env [www.dotenvx.com]
2026-05-21 15:39:16: [35m [WEB] Servidor iniciado na porta 3000[39m
2026-05-21 15:39:21: ◇ injected env (4) from .env // tip: ◈ encrypted .env [www.dotenvx.com]
2026-05-21 15:39:23: [35m [WEB] Servidor iniciado na porta 3000[39m
2026-05-21 15:39:28: ◇ injected env (4) from .env // tip: ⌘ suppress logs { quiet: true }
2026-05-21 15:39:29: [35m [WEB] Servidor iniciado na porta 3000[39m
2026-05-21 15:39:35: ◇ injected env (4) from .env // tip: ⌘ custom filepath { path: '/custom/path/.env' }
2026-05-21 15:39:36: [35m [WEB] Servidor iniciado na porta 3000[39m
2026-05-21 15:39:41: ◇ injected env (4) from .env // tip: ◈ encrypted .env [www.dotenvx.com]
2026-05-21 15:39:43: [35m [WEB] Servidor iniciado na porta 3000[39m
2026-05-21 15:39:48: ◇ injected env (4) from .env // tip: ◈ secrets for agents [www.dotenvx.com]
2026-05-21 15:39:49: [35m [WEB] Servidor iniciado na porta 3000[39m
2026-05-21 15:39:54: ◇ injected env (4) from .env // tip: ⌁ auth for agents [www.vestauth.com]
2026-05-21 15:39:56: [35m [WEB] Servidor iniciado na porta 3000[39m
2026-05-21 15:40:01: ◇ injected env (4) from .env // tip: ◈ secrets for agents [www.dotenvx.com]
2026-05-21 15:40:02: [35m [WEB] Servidor iniciado na porta 3000[39m
2026-05-21 15:40:07: ◇ injected env (4) from .env // tip: ⌘ suppress logs { quiet: true }
2026-05-21 15:40:09: [35m [WEB] Servidor iniciado na porta 3000[39m
2026-05-21 15:40:14: ◇ injected env (4) from .env // tip: ◈ secrets for agents [www.dotenvx.com]
2026-05-21 15:40:15: [35m [WEB] Servidor iniciado na porta 3000[39m
2026-05-21 15:40:21: ◇ injected env (4) from .env // tip: ⌘ override existing { override: true }
2026-05-21 15:40:22: [35m [WEB] Servidor iniciado na porta 3000[39m
2026-05-21 15:40:27: ◇ injected env (4) from .env // tip: ⌘ override existing { override: true }
2026-05-21 15:40:29: [35m [WEB] Servidor iniciado na porta 3000[39m
2026-05-21 15:40:34: ◇ injected env (4) from .env // tip: ⌘ suppress logs { quiet: true }
2026-05-21 15:40:35: [35m [WEB] Servidor iniciado na porta 3000[39m
2026-05-21 15:40:40: ◇ injected env (4) from .env // tip: ⌘ suppress logs { quiet: true }
2026-05-21 15:40:42: [35m [WEB] Servidor iniciado na porta 3000[39m
2026-05-21 15:40:47: ◇ injected env (4) from .env // tip: ⌘ override existing { override: true }
2026-05-21 15:40:48: [35m [WEB] Servidor iniciado na porta 3000[39m
2026-05-21 15:40:54: ◇ injected env (4) from .env // tip: ⌘ enable debugging { debug: true }
2026-05-21 15:40:55: [35m [WEB] Servidor iniciado na porta 3000[39m
2026-05-21 15:41:00: ◇ injected env (4) from .env // tip: ⌘ suppress logs { quiet: true }
2026-05-21 15:41:02: [35m [WEB] Servidor iniciado na porta 3000[39m
2026-05-21 15:41:07: ◇ injected env (4) from .env // tip: ⌘ override existing { override: true }
2026-05-21 15:41:08: [35m [WEB] Servidor iniciado na porta 3000[39m
2026-05-21 15:41:13: ◇ injected env (4) from .env // tip: ◈ secrets for agents [www.dotenvx.com]
2026-05-21 15:41:15: [35m [WEB] Servidor iniciado na porta 3000[39m
2026-05-21 15:41:20: ◇ injected env (4) from .env // tip: ⌘ custom filepath { path: '/custom/path/.env' }
2026-05-21 15:41:21: [35m [WEB] Servidor iniciado na porta 3000[39m
2026-05-21 15:41:27: ◇ injected env (4) from .env // tip: ⌘ custom filepath { path: '/custom/path/.env' }
2026-05-21 15:41:28: [35m [WEB] Servidor iniciado na porta 3000[39m
2026-05-21 15:41:33: ◇ injected env (4) from .env // tip: ◈ secrets for agents [www.dotenvx.com]
2026-05-21 15:41:34: [35m [WEB] Servidor iniciado na porta 3000[39m
2026-05-21 15:41:40: ◇ injected env (4) from .env // tip: ⌘ suppress logs { quiet: true }
2026-05-21 15:41:41: [35m [WEB] Servidor iniciado na porta 3000[39m
2026-05-21 15:41:46: ◇ injected env (4) from .env // tip: ⌁ auth for agents [www.vestauth.com]
2026-05-21 15:41:48: [35m [WEB] Servidor iniciado na porta 3000[39m
2026-05-21 15:41:53: ◇ injected env (4) from .env // tip: ⌘ custom filepath { path: '/custom/path/.env' }
2026-05-21 15:41:54: [35m [WEB] Servidor iniciado na porta 3000[39m
2026-05-21 15:41:59: ◇ injected env (4) from .env // tip: ⌁ auth for agents [www.vestauth.com]
2026-05-21 15:42:01: [35m [WEB] Servidor iniciado na porta 3000[39m
2026-05-21 15:42:06: ◇ injected env (4) from .env // tip: ⌘ custom filepath { path: '/custom/path/.env' }
2026-05-21 15:42:08: [35m [WEB] Servidor iniciado na porta 3000[39m
2026-05-21 15:42:13: ◇ injected env (4) from .env // tip: ⌘ enable debugging { debug: true }
2026-05-21 15:42:14: [35m [WEB] Servidor iniciado na porta 3000[39m
2026-05-21 15:42:19: ◇ injected env (4) from .env // tip: ◈ secrets for agents [www.dotenvx.com]
2026-05-21 15:42:21: [35m [WEB] Servidor iniciado na porta 3000[39m
2026-05-21 15:42:26: ◇ injected env (4) from .env // tip: ⌘ suppress logs { quiet: true }
2026-05-21 15:42:27: [35m [WEB] Servidor iniciado na porta 3000[39m
2026-05-21 15:42:32: ◇ injected env (4) from .env // tip: ◈ encrypted .env [www.dotenvx.com]
2026-05-21 15:42:34: [35m [WEB] Servidor iniciado na porta 3000[39m
2026-05-21 15:42:39: ◇ injected env (4) from .env // tip: ⌘ multiple files { path: ['.env.local', '.env'] }
2026-05-21 15:42:40: [35m [WEB] Servidor iniciado na porta 3000[39m
2026-05-21 15:42:46: ◇ injected env (4) from .env // tip: ⌘ override existing { override: true }
2026-05-21 15:42:47: [35m [WEB] Servidor iniciado na porta 3000[39m
2026-05-21 15:42:52: ◇ injected env (4) from .env // tip: ⌘ custom filepath { path: '/custom/path/.env' }
2026-05-21 15:42:54: [35m [WEB] Servidor iniciado na porta 3000[39m
2026-05-21 15:42:59: ◇ injected env (4) from .env // tip: ⌘ enable debugging { debug: true }
2026-05-21 15:43:00: [35m [WEB] Servidor iniciado na porta 3000[39m
2026-05-21 15:43:05: ◇ injected env (4) from .env // tip: ◈ secrets for agents [www.dotenvx.com]
2026-05-21 15:43:07: [35m [WEB] Servidor iniciado na porta 3000[39m
2026-05-21 15:43:12: ◇ injected env (4) from .env // tip: ⌘ multiple files { path: ['.env.local', '.env'] }
2026-05-21 15:43:14: [35m [WEB] Servidor iniciado na porta 3000[39m
2026-05-21 15:43:19: ◇ injected env (4) from .env // tip: ◈ encrypted .env [www.dotenvx.com]
2026-05-21 15:43:20: [35m [WEB] Servidor iniciado na porta 3000[39m
2026-05-21 15:43:26: ◇ injected env (4) from .env // tip: ⌘ custom filepath { path: '/custom/path/.env' }
2026-05-21 15:43:27: [35m [WEB] Servidor iniciado na porta 3000[39m
2026-05-21 15:43:32: ◇ injected env (4) from .env // tip: ⌘ override existing { override: true }
2026-05-21 15:43:34: [35m [WEB] Servidor iniciado na porta 3000[39m
2026-05-21 15:43:39: ◇ injected env (4) from .env // tip: ⌘ override existing { override: true }
2026-05-21 15:43:40: [35m [WEB] Servidor iniciado na porta 3000[39m
2026-05-21 15:43:46: ◇ injected env (4) from .env // tip: ◈ encrypted .env [www.dotenvx.com]
2026-05-21 15:43:47: [35m [WEB] Servidor iniciado na porta 3000[39m
2026-05-21 15:43:52: ◇ injected env (4) from .env // tip: ◈ encrypted .env [www.dotenvx.com]
2026-05-21 15:43:54: [35m [WEB] Servidor iniciado na porta 3000[39m
2026-05-21 15:43:59: ◇ injected env (4) from .env // tip: ◈ encrypted .env [www.dotenvx.com]
2026-05-21 15:44:00: [35m [WEB] Servidor iniciado na porta 3000[39m
2026-05-21 15:44:06: ◇ injected env (4) from .env // tip: ⌘ override existing { override: true }
2026-05-21 15:44:07: [35m [WEB] Servidor iniciado na porta 3000[39m
2026-05-21 15:44:12: ◇ injected env (4) from .env // tip: ⌘ override existing { override: true }
2026-05-21 15:44:13: [35m [WEB] Servidor iniciado na porta 3000[39m
2026-05-21 15:44:19: ◇ injected env (4) from .env // tip: ⌘ override existing { override: true }
2026-05-21 15:44:20: [35m [WEB] Servidor iniciado na porta 3000[39m
2026-05-21 15:44:25: ◇ injected env (4) from .env // tip: ⌘ enable debugging { debug: true }
2026-05-21 15:44:27: [35m [WEB] Servidor iniciado na porta 3000[39m
2026-05-21 15:44:32: ◇ injected env (4) from .env // tip: ⌘ custom filepath { path: '/custom/path/.env' }
2026-05-21 15:44:33: [35m [WEB] Servidor iniciado na porta 3000[39m
2026-05-21 15:44:38: ◇ injected env (4) from .env // tip: ◈ encrypted .env [www.dotenvx.com]
2026-05-21 15:44:40: [35m [WEB] Servidor iniciado na porta 3000[39m
2026-05-21 15:44:46: ◇ injected env (4) from .env // tip: ⌘ suppress logs { quiet: true }
2026-05-21 15:44:46: [35m [WEB] Servidor iniciado na porta 3000[39m
2026-05-21 15:44:52: ◇ injected env (4) from .env // tip: ⌁ auth for agents [www.vestauth.com]
2026-05-21 15:44:53: [35m [WEB] Servidor iniciado na porta 3000[39m
2026-05-21 15:44:58: ◇ injected env (4) from .env // tip: ⌘ suppress logs { quiet: true }
2026-05-21 15:45:00: [35m [WEB] Servidor iniciado na porta 3000[39m
2026-05-21 15:45:05: ◇ injected env (4) from .env // tip: ⌁ auth for agents [www.vestauth.com]
2026-05-21 15:45:06: [35m [WEB] Servidor iniciado na porta 3000[39m
2026-05-21 15:45:12: ◇ injected env (4) from .env // tip: ⌘ custom filepath { path: '/custom/path/.env' }
2026-05-21 15:45:13: [35m [WEB] Servidor iniciado na porta 3000[39m
2026-05-21 15:45:18: ◇ injected env (4) from .env // tip: ⌘ suppress logs { quiet: true }
2026-05-21 15:45:19: [35m [WEB] Servidor iniciado na porta 3000[39m
2026-05-21 15:45:25: ◇ injected env (4) from .env // tip: ⌘ override existing { override: true }
2026-05-21 15:45:26: [35m [WEB] Servidor iniciado na porta 3000[39m
2026-05-21 15:45:31: ◇ injected env (4) from .env // tip: ⌘ enable debugging { debug: true }
2026-05-21 15:45:33: [35m [WEB] Servidor iniciado na porta 3000[39m
2026-05-21 15:45:38: ◇ injected env (4) from .env // tip: ⌘ enable debugging { debug: true }
2026-05-21 15:45:39: [35m [WEB] Servidor iniciado na porta 3000[39m
2026-05-21 15:45:44: ◇ injected env (4) from .env // tip: ◈ encrypted .env [www.dotenvx.com]
2026-05-21 15:45:46: [35m [WEB] Servidor iniciado na porta 3000[39m
2026-05-21 15:45:51: ◇ injected env (4) from .env // tip: ⌁ auth for agents [www.vestauth.com]
2026-05-21 15:45:53: [35m [WEB] Servidor iniciado na porta 3000[39m
2026-05-21 15:45:58: ◇ injected env (4) from .env // tip: ⌘ custom filepath { path: '/custom/path/.env' }
2026-05-21 15:45:59: [35m [WEB] Servidor iniciado na porta 3000[39m
2026-05-21 15:46:05: ◇ injected env (4) from .env // tip: ⌁ auth for agents [www.vestauth.com]
2026-05-21 15:46:06: [35m [WEB] Servidor iniciado na porta 3000[39m
2026-05-21 15:46:11: ◇ injected env (4) from .env // tip: ⌘ custom filepath { path: '/custom/path/.env' }
2026-05-21 15:46:13: [35m [WEB] Servidor iniciado na porta 3000[39m
2026-05-21 15:46:18: ◇ injected env (4) from .env // tip: ◈ secrets for agents [www.dotenvx.com]
2026-05-21 15:46:19: [35m [WEB] Servidor iniciado na porta 3000[39m
2026-05-21 15:46:24: ◇ injected env (4) from .env // tip: ⌘ custom filepath { path: '/custom/path/.env' }
2026-05-21 15:46:26: [35m [WEB] Servidor iniciado na porta 3000[39m
2026-05-21 15:46:31: ◇ injected env (4) from .env // tip: ⌘ suppress logs { quiet: true }
2026-05-21 15:46:32: [35m [WEB] Servidor iniciado na porta 3000[39m
2026-05-21 15:46:38: ◇ injected env (4) from .env // tip: ◈ secrets for agents [www.dotenvx.com]
2026-05-21 15:46:40: [35m [WEB] Servidor iniciado na porta 3000[39m
2026-05-21 15:46:45: ◇ injected env (4) from .env // tip: ◈ secrets for agents [www.dotenvx.com]
2026-05-21 15:46:46: [35m [WEB] Servidor iniciado na porta 3000[39m
2026-05-21 15:46:51: ◇ injected env (4) from .env // tip: ⌘ override existing { override: true }
2026-05-21 15:46:53: [35m [WEB] Servidor iniciado na porta 3000[39m
2026-05-21 15:46:58: ◇ injected env (4) from .env // tip: ⌘ suppress logs { quiet: true }
2026-05-21 15:47:00: [35m [WEB] Servidor iniciado na porta 3000[39m
2026-05-21 15:47:05: ◇ injected env (4) from .env // tip: ◈ secrets for agents [www.dotenvx.com]
2026-05-21 15:47:06: [35m [WEB] Servidor iniciado na porta 3000[39m
2026-05-21 15:47:12: ◇ injected env (4) from .env // tip: ◈ secrets for agents [www.dotenvx.com]
2026-05-21 15:47:13: [35m [WEB] Servidor iniciado na porta 3000[39m
2026-05-21 15:47:18: ◇ injected env (4) from .env // tip: ⌘ override existing { override: true }
2026-05-21 15:47:19: [35m [WEB] Servidor iniciado na porta 3000[39m
2026-05-21 15:47:25: ◇ injected env (4) from .env // tip: ⌘ override existing { override: true }
2026-05-21 15:47:26: [35m [WEB] Servidor iniciado na porta 3000[39m
2026-05-21 15:47:31: ◇ injected env (4) from .env // tip: ◈ encrypted .env [www.dotenvx.com]
2026-05-21 15:47:33: [35m [WEB] Servidor iniciado na porta 3000[39m
2026-05-21 15:47:38: ◇ injected env (4) from .env // tip: ◈ secrets for agents [www.dotenvx.com]
2026-05-21 15:47:39: [35m [WEB] Servidor iniciado na porta 3000[39m
2026-05-21 15:47:45: ◇ injected env (4) from .env // tip: ◈ secrets for agents [www.dotenvx.com]
2026-05-21 15:47:46: [35m [WEB] Servidor iniciado na porta 3000[39m
2026-05-21 15:47:51: ◇ injected env (4) from .env // tip: ⌁ auth for agents [www.vestauth.com]
2026-05-21 15:47:52: [35m [WEB] Servidor iniciado na porta 3000[39m
2026-05-21 15:47:58: ◇ injected env (4) from .env // tip: ⌘ multiple files { path: ['.env.local', '.env'] }
2026-05-21 15:47:59: [35m [WEB] Servidor iniciado na porta 3000[39m
2026-05-21 15:48:04: ◇ injected env (4) from .env // tip: ⌘ enable debugging { debug: true }
2026-05-21 15:48:06: [35m [WEB] Servidor iniciado na porta 3000[39m
2026-05-21 15:48:11: ◇ injected env (4) from .env // tip: ⌘ enable debugging { debug: true }
2026-05-21 15:48:12: [35m [WEB] Servidor iniciado na porta 3000[39m
2026-05-21 15:48:17: ◇ injected env (4) from .env // tip: ⌘ custom filepath { path: '/custom/path/.env' }
2026-05-21 15:48:19: [35m [WEB] Servidor iniciado na porta 3000[39m
2026-05-21 15:48:24: ◇ injected env (4) from .env // tip: ⌘ enable debugging { debug: true }
2026-05-21 15:48:25: [35m [WEB] Servidor iniciado na porta 3000[39m
2026-05-21 15:48:31: ◇ injected env (4) from .env // tip: ⌘ enable debugging { debug: true }
2026-05-21 15:48:32: [35m [WEB] Servidor iniciado na porta 3000[39m
2026-05-21 15:48:37: ◇ injected env (4) from .env // tip: ⌁ auth for agents [www.vestauth.com]
2026-05-21 15:48:39: [35m [WEB] Servidor iniciado na porta 3000[39m
2026-05-21 15:48:44: ◇ injected env (4) from .env // tip: ⌘ multiple files { path: ['.env.local', '.env'] }
2026-05-21 15:48:45: [35m [WEB] Servidor iniciado na porta 3000[39m
2026-05-21 15:48:50: ◇ injected env (4) from .env // tip: ⌘ enable debugging { debug: true }
2026-05-21 15:48:52: [35m [WEB] Servidor iniciado na porta 3000[39m
2026-05-21 15:48:57: ◇ injected env (4) from .env // tip: ⌘ multiple files { path: ['.env.local', '.env'] }
2026-05-21 15:48:58: [35m [WEB] Servidor iniciado na porta 3000[39m
2026-05-21 15:49:04: ◇ injected env (4) from .env // tip: ◈ secrets for agents [www.dotenvx.com]
2026-05-21 15:49:05: [35m [WEB] Servidor iniciado na porta 3000[39m
2026-05-21 15:49:10: ◇ injected env (4) from .env // tip: ⌘ override existing { override: true }
2026-05-21 15:49:11: [35m [WEB] Servidor iniciado na porta 3000[39m
2026-05-21 15:49:17: ◇ injected env (4) from .env // tip: ◈ encrypted .env [www.dotenvx.com]
2026-05-21 15:49:18: [35m [WEB] Servidor iniciado na porta 3000[39m
2026-05-21 15:49:23: ◇ injected env (4) from .env // tip: ◈ secrets for agents [www.dotenvx.com]
2026-05-21 15:49:25: [35m [WEB] Servidor iniciado na porta 3000[39m
2026-05-21 15:49:30: ◇ injected env (4) from .env // tip: ⌘ enable debugging { debug: true }
2026-05-21 15:49:31: [35m [WEB] Servidor iniciado na porta 3000[39m
2026-05-21 15:49:36: ◇ injected env (4) from .env // tip: ⌘ suppress logs { quiet: true }
2026-05-21 15:49:38: [35m [WEB] Servidor iniciado na porta 3000[39m
2026-05-21 15:49:43: ◇ injected env (4) from .env // tip: ⌘ custom filepath { path: '/custom/path/.env' }
2026-05-21 15:49:44: [35m [WEB] Servidor iniciado na porta 3000[39m
2026-05-21 15:49:50: ◇ injected env (4) from .env // tip: ◈ encrypted .env [www.dotenvx.com]
2026-05-21 15:49:51: [35m [WEB] Servidor iniciado na porta 3000[39m
2026-05-21 15:49:56: ◇ injected env (4) from .env // tip: ◈ encrypted .env [www.dotenvx.com]
2026-05-21 15:49:58: [35m [WEB] Servidor iniciado na porta 3000[39m
2026-05-21 15:50:03: ◇ injected env (4) from .env // tip: ⌁ auth for agents [www.vestauth.com]
2026-05-21 15:50:04: [35m [WEB] Servidor iniciado na porta 3000[39m
2026-05-21 15:50:09: ◇ injected env (4) from .env // tip: ◈ secrets for agents [www.dotenvx.com]
2026-05-21 15:50:11: [35m [WEB] Servidor iniciado na porta 3000[39m
2026-05-21 15:50:16: ◇ injected env (4) from .env // tip: ⌘ suppress logs { quiet: true }
2026-05-21 15:50:17: [35m [WEB] Servidor iniciado na porta 3000[39m
2026-05-21 15:50:23: ◇ injected env (4) from .env // tip: ⌘ multiple files { path: ['.env.local', '.env'] }
2026-05-21 15:50:24: [35m [WEB] Servidor iniciado na porta 3000[39m
2026-05-21 15:50:29: ◇ injected env (4) from .env // tip: ⌘ custom filepath { path: '/custom/path/.env' }
2026-05-21 15:50:31: [35m [WEB] Servidor iniciado na porta 3000[39m
2026-05-21 15:50:36: ◇ injected env (4) from .env // tip: ◈ secrets for agents [www.dotenvx.com]
2026-05-21 15:50:37: [35m [WEB] Servidor iniciado na porta 3000[39m
2026-05-21 15:50:43: ◇ injected env (4) from .env // tip: ⌁ auth for agents [www.vestauth.com]
2026-05-21 15:50:44: [35m [WEB] Servidor iniciado na porta 3000[39m
2026-05-21 15:50:49: ◇ injected env (4) from .env // tip: ⌘ custom filepath { path: '/custom/path/.env' }
2026-05-21 15:50:50: [35m [WEB] Servidor iniciado na porta 3000[39m
2026-05-21 15:50:56: ◇ injected env (4) from .env // tip: ⌘ multiple files { path: ['.env.local', '.env'] }
2026-05-21 15:50:57: [35m [WEB] Servidor iniciado na porta 3000[39m
2026-05-21 15:51:02: ◇ injected env (4) from .env // tip: ⌘ suppress logs { quiet: true }
2026-05-21 15:51:04: [35m [WEB] Servidor iniciado na porta 3000[39m
2026-05-21 15:51:09: ◇ injected env (4) from .env // tip: ⌁ auth for agents [www.vestauth.com]
2026-05-21 15:51:10: [35m [WEB] Servidor iniciado na porta 3000[39m
2026-05-21 15:51:15: ◇ injected env (4) from .env // tip: ◈ secrets for agents [www.dotenvx.com]
2026-05-21 15:51:17: [35m [WEB] Servidor iniciado na porta 3000[39m
2026-05-21 15:51:22: ◇ injected env (4) from .env // tip: ⌘ custom filepath { path: '/custom/path/.env' }
2026-05-21 15:51:23: [35m [WEB] Servidor iniciado na porta 3000[39m
2026-05-21 15:51:29: ◇ injected env (4) from .env // tip: ⌘ override existing { override: true }
2026-05-21 15:51:30: [35m [WEB] Servidor iniciado na porta 3000[39m
2026-05-21 15:51:35: ◇ injected env (4) from .env // tip: ◈ secrets for agents [www.dotenvx.com]
2026-05-21 15:51:36: [35m [WEB] Servidor iniciado na porta 3000[39m
2026-05-21 15:51:42: ◇ injected env (4) from .env // tip: ◈ secrets for agents [www.dotenvx.com]
2026-05-21 15:51:43: [35m [WEB] Servidor iniciado na porta 3000[39m
2026-05-21 15:51:48: ◇ injected env (4) from .env // tip: ⌘ override existing { override: true }
2026-05-21 15:51:50: [35m [WEB] Servidor iniciado na porta 3000[39m
2026-05-21 15:51:55: ◇ injected env (4) from .env // tip: ⌘ multiple files { path: ['.env.local', '.env'] }
2026-05-21 15:51:56: [35m [WEB] Servidor iniciado na porta 3000[39m
2026-05-21 15:52:01: ◇ injected env (4) from .env // tip: ⌘ suppress logs { quiet: true }
2026-05-21 15:52:03: [35m [WEB] Servidor iniciado na porta 3000[39m
2026-05-21 15:52:08: ◇ injected env (4) from .env // tip: ⌘ override existing { override: true }
2026-05-21 15:52:09: [35m [WEB] Servidor iniciado na porta 3000[39m
2026-05-21 15:52:14: ◇ injected env (4) from .env // tip: ⌘ enable debugging { debug: true }
2026-05-21 15:52:16: [35m [WEB] Servidor iniciado na porta 3000[39m
2026-05-21 15:52:21: ◇ injected env (4) from .env // tip: ⌘ custom filepath { path: '/custom/path/.env' }
2026-05-21 15:52:22: [35m [WEB] Servidor iniciado na porta 3000[39m
2026-05-21 15:52:28: ◇ injected env (4) from .env // tip: ⌘ suppress logs { quiet: true }
2026-05-21 15:52:29: [35m [WEB] Servidor iniciado na porta 3000[39m
2026-05-21 15:52:34: ◇ injected env (4) from .env // tip: ⌘ override existing { override: true }
2026-05-21 15:52:36: [35m [WEB] Servidor iniciado na porta 3000[39m
2026-05-21 15:52:41: ◇ injected env (4) from .env // tip: ⌘ multiple files { path: ['.env.local', '.env'] }
2026-05-21 15:52:42: [35m [WEB] Servidor iniciado na porta 3000[39m
2026-05-21 15:52:47: ◇ injected env (4) from .env // tip: ⌘ multiple files { path: ['.env.local', '.env'] }
2026-05-21 15:52:49: [35m [WEB] Servidor iniciado na porta 3000[39m
2026-05-21 15:52:54: ◇ injected env (4) from .env // tip: ◈ secrets for agents [www.dotenvx.com]
2026-05-21 15:52:55: [35m [WEB] Servidor iniciado na porta 3000[39m
2026-05-21 15:53:00: ◇ injected env (4) from .env // tip: ⌘ custom filepath { path: '/custom/path/.env' }
2026-05-21 15:53:02: [35m [WEB] Servidor iniciado na porta 3000[39m
2026-05-21 15:53:07: ◇ injected env (4) from .env // tip: ⌘ custom filepath { path: '/custom/path/.env' }
2026-05-21 15:53:08: [35m [WEB] Servidor iniciado na porta 3000[39m
2026-05-21 15:53:13: ◇ injected env (4) from .env // tip: ⌘ multiple files { path: ['.env.local', '.env'] }
2026-05-21 15:53:15: [35m [WEB] Servidor iniciado na porta 3000[39m
2026-05-21 15:53:20: ◇ injected env (4) from .env // tip: ⌁ auth for agents [www.vestauth.com]
2026-05-21 15:53:21: [35m [WEB] Servidor iniciado na porta 3000[39m
2026-05-21 15:53:27: ◇ injected env (4) from .env // tip: ⌘ custom filepath { path: '/custom/path/.env' }
2026-05-21 15:53:28: [35m [WEB] Servidor iniciado na porta 3000[39m
2026-05-21 15:53:33: ◇ injected env (4) from .env // tip: ⌘ multiple files { path: ['.env.local', '.env'] }
2026-05-21 15:53:34: [35m [WEB] Servidor iniciado na porta 3000[39m
2026-05-21 15:53:40: ◇ injected env (4) from .env // tip: ◈ secrets for agents [www.dotenvx.com]
2026-05-21 15:53:41: [35m [WEB] Servidor iniciado na porta 3000[39m
2026-05-21 15:53:46: ◇ injected env (4) from .env // tip: ◈ encrypted .env [www.dotenvx.com]
2026-05-21 15:53:48: [35m [WEB] Servidor iniciado na porta 3000[39m
2026-05-21 15:53:53: ◇ injected env (4) from .env // tip: ⌘ enable debugging { debug: true }
2026-05-21 15:53:54: [35m [WEB] Servidor iniciado na porta 3000[39m
2026-05-21 15:53:59: ◇ injected env (4) from .env // tip: ⌘ override existing { override: true }
2026-05-21 15:54:01: [35m [WEB] Servidor iniciado na porta 3000[39m
2026-05-21 15:54:06: ◇ injected env (4) from .env // tip: ⌘ suppress logs { quiet: true }
2026-05-21 15:54:07: [35m [WEB] Servidor iniciado na porta 3000[39m
2026-05-21 15:54:12: ◇ injected env (4) from .env // tip: ◈ secrets for agents [www.dotenvx.com]
2026-05-21 15:54:14: [35m [WEB] Servidor iniciado na porta 3000[39m
2026-05-21 15:54:19: ◇ injected env (4) from .env // tip: ⌘ suppress logs { quiet: true }
2026-05-21 15:54:20: [35m [WEB] Servidor iniciado na porta 3000[39m
2026-05-21 15:54:26: ◇ injected env (4) from .env // tip: ⌘ suppress logs { quiet: true }
2026-05-21 15:54:27: [35m [WEB] Servidor iniciado na porta 3000[39m
2026-05-21 15:54:32: ◇ injected env (4) from .env // tip: ◈ secrets for agents [www.dotenvx.com]
2026-05-21 15:54:33: [35m [WEB] Servidor iniciado na porta 3000[39m
2026-05-21 15:54:39: ◇ injected env (4) from .env // tip: ⌘ suppress logs { quiet: true }
2026-05-21 15:54:40: [35m [WEB] Servidor iniciado na porta 3000[39m
2026-05-21 15:54:45: ◇ injected env (4) from .env // tip: ⌘ enable debugging { debug: true }
2026-05-21 15:54:46: [35m [WEB] Servidor iniciado na porta 3000[39m
2026-05-21 15:54:52: ◇ injected env (4) from .env // tip: ⌘ custom filepath { path: '/custom/path/.env' }
2026-05-21 15:54:53: [35m [WEB] Servidor iniciado na porta 3000[39m
2026-05-21 15:54:58: ◇ injected env (4) from .env // tip: ◈ secrets for agents [www.dotenvx.com]
2026-05-21 15:55:00: [35m [WEB] Servidor iniciado na porta 3000[39m
2026-05-21 15:55:05: ◇ injected env (4) from .env // tip: ◈ encrypted .env [www.dotenvx.com]
2026-05-21 15:55:06: [35m [WEB] Servidor iniciado na porta 3000[39m
2026-05-21 15:55:12: ◇ injected env (4) from .env // tip: ⌘ suppress logs { quiet: true }
2026-05-21 15:55:13: [35m [WEB] Servidor iniciado na porta 3000[39m
2026-05-21 15:55:18: ◇ injected env (4) from .env // tip: ⌘ enable debugging { debug: true }
2026-05-21 15:55:20: [35m [WEB] Servidor iniciado na porta 3000[39m
2026-05-21 15:55:25: ◇ injected env (4) from .env // tip: ⌘ custom filepath { path: '/custom/path/.env' }
2026-05-21 15:55:26: [35m [WEB] Servidor iniciado na porta 3000[39m
2026-05-21 15:55:32: ◇ injected env (4) from .env // tip: ◈ encrypted .env [www.dotenvx.com]
2026-05-21 15:55:33: [35m [WEB] Servidor iniciado na porta 3000[39m
2026-05-21 15:55:38: ◇ injected env (4) from .env // tip: ⌁ auth for agents [www.vestauth.com]
2026-05-21 15:55:40: [35m [WEB] Servidor iniciado na porta 3000[39m
2026-05-21 15:55:45: ◇ injected env (4) from .env // tip: ⌘ custom filepath { path: '/custom/path/.env' }
2026-05-21 15:55:46: [35m [WEB] Servidor iniciado na porta 3000[39m
2026-05-21 15:55:52: ◇ injected env (4) from .env // tip: ◈ secrets for agents [www.dotenvx.com]
2026-05-21 15:55:53: [35m [WEB] Servidor iniciado na porta 3000[39m
2026-05-21 15:55:58: ◇ injected env (4) from .env // tip: ⌘ override existing { override: true }
2026-05-21 15:56:00: [35m [WEB] Servidor iniciado na porta 3000[39m
2026-05-21 15:56:05: ◇ injected env (4) from .env // tip: ⌘ override existing { override: true }
2026-05-21 15:56:06: [35m [WEB] Servidor iniciado na porta 3000[39m
2026-05-21 15:56:12: ◇ injected env (4) from .env // tip: ⌘ multiple files { path: ['.env.local', '.env'] }
2026-05-21 15:56:13: [35m [WEB] Servidor iniciado na porta 3000[39m
2026-05-21 15:56:18: ◇ injected env (4) from .env // tip: ⌘ override existing { override: true }
2026-05-21 15:56:20: [35m [WEB] Servidor iniciado na porta 3000[39m
2026-05-21 15:56:25: ◇ injected env (4) from .env // tip: ⌘ multiple files { path: ['.env.local', '.env'] }
2026-05-21 15:56:26: [35m [WEB] Servidor iniciado na porta 3000[39m
2026-05-21 15:56:31: ◇ injected env (4) from .env // tip: ⌘ custom filepath { path: '/custom/path/.env' }
2026-05-21 15:56:33: [35m [WEB] Servidor iniciado na porta 3000[39m
2026-05-21 15:56:38: ◇ injected env (4) from .env // tip: ⌘ suppress logs { quiet: true }
2026-05-21 15:56:40: [35m [WEB] Servidor iniciado na porta 3000[39m
2026-05-21 15:56:45: ◇ injected env (4) from .env // tip: ⌘ override existing { override: true }
2026-05-21 15:56:46: [35m [WEB] Servidor iniciado na porta 3000[39m
2026-05-21 15:56:52: ◇ injected env (4) from .env // tip: ◈ secrets for agents [www.dotenvx.com]
2026-05-21 15:56:53: [35m [WEB] Servidor iniciado na porta 3000[39m
2026-05-21 15:56:58: ◇ injected env (4) from .env // tip: ⌘ override existing { override: true }
2026-05-21 15:57:00: [35m [WEB] Servidor iniciado na porta 3000[39m
2026-05-21 15:57:05: ◇ injected env (4) from .env // tip: ⌘ multiple files { path: ['.env.local', '.env'] }
2026-05-21 15:57:06: [35m [WEB] Servidor iniciado na porta 3000[39m
2026-05-21 15:57:12: ◇ injected env (4) from .env // tip: ⌁ auth for agents [www.vestauth.com]
2026-05-21 15:57:13: [35m [WEB] Servidor iniciado na porta 3000[39m
2026-05-21 15:57:18: ◇ injected env (4) from .env // tip: ⌘ enable debugging { debug: true }
2026-05-21 15:57:20: [35m [WEB] Servidor iniciado na porta 3000[39m
2026-05-21 15:57:25: ◇ injected env (4) from .env // tip: ⌘ custom filepath { path: '/custom/path/.env' }
2026-05-21 15:57:26: [35m [WEB] Servidor iniciado na porta 3000[39m
2026-05-21 15:57:32: ◇ injected env (4) from .env // tip: ⌁ auth for agents [www.vestauth.com]
2026-05-21 15:57:33: [35m [WEB] Servidor iniciado na porta 3000[39m
2026-05-21 15:57:38: ◇ injected env (4) from .env // tip: ⌘ enable debugging { debug: true }
2026-05-21 15:57:40: [35m [WEB] Servidor iniciado na porta 3000[39m
2026-05-21 15:57:46: ◇ injected env (4) from .env // tip: ⌘ custom filepath { path: '/custom/path/.env' }
2026-05-21 15:57:48: [35m [WEB] Servidor iniciado na porta 3000[39m
2026-05-21 15:57:53: ◇ injected env (4) from .env // tip: ◈ encrypted .env [www.dotenvx.com]
2026-05-21 15:57:54: [35m [WEB] Servidor iniciado na porta 3000[39m
2026-05-21 15:58:00: ◇ injected env (4) from .env // tip: ⌁ auth for agents [www.vestauth.com]
2026-05-21 15:58:01: [35m [WEB] Servidor iniciado na porta 3000[39m
2026-05-21 15:58:06: ◇ injected env (4) from .env // tip: ⌘ multiple files { path: ['.env.local', '.env'] }
2026-05-21 15:58:08: [35m [WEB] Servidor iniciado na porta 3000[39m
2026-05-21 15:58:13: ◇ injected env (4) from .env // tip: ⌘ custom filepath { path: '/custom/path/.env' }
2026-05-21 15:58:14: [35m [WEB] Servidor iniciado na porta 3000[39m
2026-05-21 15:58:20: ◇ injected env (4) from .env // tip: ⌘ override existing { override: true }
2026-05-21 15:58:21: [35m [WEB] Servidor iniciado na porta 3000[39m
2026-05-21 15:58:26: ◇ injected env (4) from .env // tip: ◈ encrypted .env [www.dotenvx.com]
2026-05-21 15:58:28: [35m [WEB] Servidor iniciado na porta 3000[39m
2026-05-21 15:58:33: ◇ injected env (4) from .env // tip: ⌘ enable debugging { debug: true }
2026-05-21 15:58:35: [35m [WEB] Servidor iniciado na porta 3000[39m
2026-05-21 15:58:40: ◇ injected env (4) from .env // tip: ⌘ multiple files { path: ['.env.local', '.env'] }
2026-05-21 15:58:41: [35m [WEB] Servidor iniciado na porta 3000[39m
2026-05-21 15:58:47: ◇ injected env (4) from .env // tip: ◈ encrypted .env [www.dotenvx.com]
2026-05-21 15:58:48: [35m [WEB] Servidor iniciado na porta 3000[39m
2026-05-21 15:58:53: ◇ injected env (4) from .env // tip: ⌘ custom filepath { path: '/custom/path/.env' }
2026-05-21 15:58:55: [35m [WEB] Servidor iniciado na porta 3000[39m
2026-05-21 15:59:00: ◇ injected env (4) from .env // tip: ⌘ override existing { override: true }
2026-05-21 15:59:01: [35m [WEB] Servidor iniciado na porta 3000[39m
2026-05-21 15:59:06: ◇ injected env (4) from .env // tip: ⌘ suppress logs { quiet: true }
2026-05-21 15:59:08: [35m [WEB] Servidor iniciado na porta 3000[39m
2026-05-21 15:59:13: ◇ injected env (4) from .env // tip: ◈ secrets for agents [www.dotenvx.com]
2026-05-21 15:59:15: [35m [WEB] Servidor iniciado na porta 3000[39m
2026-05-21 15:59:20: ◇ injected env (4) from .env // tip: ⌘ custom filepath { path: '/custom/path/.env' }
2026-05-21 15:59:21: [35m [WEB] Servidor iniciado na porta 3000[39m
2026-05-21 15:59:27: ◇ injected env (4) from .env // tip: ◈ secrets for agents [www.dotenvx.com]
2026-05-21 15:59:29: [35m [WEB] Servidor iniciado na porta 3000[39m
2026-05-21 15:59:34: ◇ injected env (4) from .env // tip: ⌁ auth for agents [www.vestauth.com]
2026-05-21 15:59:36: [35m [WEB] Servidor iniciado na porta 3000[39m
2026-05-21 15:59:41: ◇ injected env (4) from .env // tip: ◈ secrets for agents [www.dotenvx.com]
2026-05-21 15:59:43: [35m [WEB] Servidor iniciado na porta 3000[39m
2026-05-21 15:59:48: ◇ injected env (4) from .env // tip: ⌘ suppress logs { quiet: true }
2026-05-21 15:59:50: [35m [WEB] Servidor iniciado na porta 3000[39m
2026-05-21 15:59:55: ◇ injected env (4) from .env // tip: ◈ secrets for agents [www.dotenvx.com]
2026-05-21 15:59:57: [35m [WEB] Servidor iniciado na porta 3000[39m
2026-05-21 16:00:02: ◇ injected env (4) from .env // tip: ⌘ custom filepath { path: '/custom/path/.env' }
2026-05-21 16:00:04: [35m [WEB] Servidor iniciado na porta 3000[39m
2026-05-21 16:00:10: ◇ injected env (4) from .env // tip: ⌘ enable debugging { debug: true }
2026-05-21 16:00:11: [35m [WEB] Servidor iniciado na porta 3000[39m
2026-05-21 16:00:16: ◇ injected env (4) from .env // tip: ⌘ enable debugging { debug: true }
2026-05-21 16:00:18: [35m [WEB] Servidor iniciado na porta 3000[39m
2026-05-21 16:00:23: ◇ injected env (4) from .env // tip: ◈ encrypted .env [www.dotenvx.com]
2026-05-21 16:00:25: [35m [WEB] Servidor iniciado na porta 3000[39m
2026-05-21 16:00:30: ◇ injected env (4) from .env // tip: ⌁ auth for agents [www.vestauth.com]
2026-05-21 16:00:31: [35m [WEB] Servidor iniciado na porta 3000[39m
2026-05-21 16:00:37: ◇ injected env (4) from .env // tip: ⌘ suppress logs { quiet: true }
2026-05-21 16:00:38: [35m [WEB] Servidor iniciado na porta 3000[39m
2026-05-21 16:00:43: ◇ injected env (4) from .env // tip: ◈ encrypted .env [www.dotenvx.com]
2026-05-21 16:00:45: [35m [WEB] Servidor iniciado na porta 3000[39m
2026-05-21 16:00:50: ◇ injected env (4) from .env // tip: ⌘ enable debugging { debug: true }
2026-05-21 16:00:52: [35m [WEB] Servidor iniciado na porta 3000[39m
2026-05-21 16:00:58: ◇ injected env (4) from .env // tip: ⌁ auth for agents [www.vestauth.com]
2026-05-21 16:00:59: [35m [WEB] Servidor iniciado na porta 3000[39m
2026-05-21 16:01:04: ◇ injected env (4) from .env // tip: ◈ secrets for agents [www.dotenvx.com]
2026-05-21 16:01:06: [35m [WEB] Servidor iniciado na porta 3000[39m
2026-05-21 16:01:11: ◇ injected env (4) from .env // tip: ⌁ auth for agents [www.vestauth.com]
2026-05-21 16:01:12: [35m [WEB] Servidor iniciado na porta 3000[39m
2026-05-21 16:01:18: ◇ injected env (4) from .env // tip: ⌘ override existing { override: true }
2026-05-21 16:01:19: [35m [WEB] Servidor iniciado na porta 3000[39m
2026-05-21 16:01:24: ◇ injected env (4) from .env // tip: ◈ encrypted .env [www.dotenvx.com]
2026-05-21 16:01:26: [35m [WEB] Servidor iniciado na porta 3000[39m
2026-05-21 16:01:31: ◇ injected env (4) from .env // tip: ⌁ auth for agents [www.vestauth.com]
2026-05-21 16:01:33: [35m [WEB] Servidor iniciado na porta 3000[39m
2026-05-21 16:01:38: ◇ injected env (4) from .env // tip: ⌘ suppress logs { quiet: true }
2026-05-21 16:01:40: [35m [WEB] Servidor iniciado na porta 3000[39m
2026-05-21 16:01:45: ◇ injected env (4) from .env // tip: ⌘ suppress logs { quiet: true }
2026-05-21 16:01:46: [35m [WEB] Servidor iniciado na porta 3000[39m
2026-05-21 16:01:51: ◇ injected env (4) from .env // tip: ⌁ auth for agents [www.vestauth.com]
2026-05-21 16:01:54: [35m [WEB] Servidor iniciado na porta 3000[39m
2026-05-21 16:01:59: ◇ injected env (4) from .env // tip: ⌘ multiple files { path: ['.env.local', '.env'] }
2026-05-21 16:02:00: [35m [WEB] Servidor iniciado na porta 3000[39m
2026-05-21 16:02:06: ◇ injected env (4) from .env // tip: ⌘ enable debugging { debug: true }
2026-05-21 16:02:07: [35m [WEB] Servidor iniciado na porta 3000[39m
2026-05-21 16:02:12: ◇ injected env (4) from .env // tip: ⌘ override existing { override: true }
2026-05-21 16:02:14: [35m [WEB] Servidor iniciado na porta 3000[39m
2026-05-21 16:02:19: ◇ injected env (4) from .env // tip: ⌘ custom filepath { path: '/custom/path/.env' }
2026-05-21 16:02:21: [35m [WEB] Servidor iniciado na porta 3000[39m
2026-05-21 16:02:26: ◇ injected env (4) from .env // tip: ⌁ auth for agents [www.vestauth.com]
2026-05-21 16:02:27: [35m [WEB] Servidor iniciado na porta 3000[39m
2026-05-21 16:02:33: ◇ injected env (4) from .env // tip: ⌘ custom filepath { path: '/custom/path/.env' }
2026-05-21 16:02:34: [35m [WEB] Servidor iniciado na porta 3000[39m
2026-05-21 16:02:39: ◇ injected env (4) from .env // tip: ⌘ suppress logs { quiet: true }
2026-05-21 16:02:41: [35m [WEB] Servidor iniciado na porta 3000[39m
2026-05-21 16:02:46: ◇ injected env (4) from .env // tip: ⌘ multiple files { path: ['.env.local', '.env'] }
2026-05-21 16:02:47: [35m [WEB] Servidor iniciado na porta 3000[39m
2026-05-21 16:02:53: ◇ injected env (4) from .env // tip: ◈ secrets for agents [www.dotenvx.com]
2026-05-21 16:02:54: [35m [WEB] Servidor iniciado na porta 3000[39m
2026-05-21 16:03:00: ◇ injected env (4) from .env // tip: ⌘ enable debugging { debug: true }
2026-05-21 16:03:01: [35m [WEB] Servidor iniciado na porta 3000[39m
2026-05-21 16:03:07: ◇ injected env (4) from .env // tip: ◈ encrypted .env [www.dotenvx.com]
2026-05-21 16:03:08: [35m [WEB] Servidor iniciado na porta 3000[39m
2026-05-21 16:03:13: ◇ injected env (4) from .env // tip: ⌁ auth for agents [www.vestauth.com]
2026-05-21 16:03:15: [35m [WEB] Servidor iniciado na porta 3000[39m
2026-05-21 16:03:20: ◇ injected env (4) from .env // tip: ◈ encrypted .env [www.dotenvx.com]
2026-05-21 16:03:21: [35m [WEB] Servidor iniciado na porta 3000[39m
2026-05-21 16:03:27: ◇ injected env (4) from .env // tip: ◈ secrets for agents [www.dotenvx.com]
2026-05-21 16:03:28: [35m [WEB] Servidor iniciado na porta 3000[39m
2026-05-21 16:03:33: ◇ injected env (4) from .env // tip: ◈ secrets for agents [www.dotenvx.com]
2026-05-21 16:03:35: [35m [WEB] Servidor iniciado na porta 3000[39m
2026-05-21 16:03:41: ◇ injected env (4) from .env // tip: ⌁ auth for agents [www.vestauth.com]
2026-05-21 16:03:42: [35m [WEB] Servidor iniciado na porta 3000[39m
2026-05-21 16:03:47: ◇ injected env (4) from .env // tip: ⌘ multiple files { path: ['.env.local', '.env'] }
2026-05-21 16:03:49: [35m [WEB] Servidor iniciado na porta 3000[39m
2026-05-21 16:03:54: ◇ injected env (4) from .env // tip: ◈ secrets for agents [www.dotenvx.com]
2026-05-21 16:03:55: [35m [WEB] Servidor iniciado na porta 3000[39m
2026-05-21 16:04:01: ◇ injected env (4) from .env // tip: ◈ encrypted .env [www.dotenvx.com]
2026-05-21 16:04:03: [35m [WEB] Servidor iniciado na porta 3000[39m
2026-05-21 16:04:08: ◇ injected env (4) from .env // tip: ⌘ multiple files { path: ['.env.local', '.env'] }
2026-05-21 16:04:10: [35m [WEB] Servidor iniciado na porta 3000[39m
2026-05-21 16:04:15: ◇ injected env (4) from .env // tip: ⌘ suppress logs { quiet: true }
2026-05-21 16:04:16: [35m [WEB] Servidor iniciado na porta 3000[39m
2026-05-21 16:04:22: ◇ injected env (4) from .env // tip: ◈ encrypted .env [www.dotenvx.com]
2026-05-21 16:04:23: [35m [WEB] Servidor iniciado na porta 3000[39m
2026-05-21 16:04:28: ◇ injected env (4) from .env // tip: ⌘ override existing { override: true }
2026-05-21 16:04:30: [35m [WEB] Servidor iniciado na porta 3000[39m
2026-05-21 16:04:35: ◇ injected env (4) from .env // tip: ⌘ override existing { override: true }
2026-05-21 16:04:37: [35m [WEB] Servidor iniciado na porta 3000[39m
2026-05-21 16:04:42: ◇ injected env (4) from .env // tip: ◈ encrypted .env [www.dotenvx.com]
2026-05-21 16:04:44: [35m [WEB] Servidor iniciado na porta 3000[39m
2026-05-21 16:04:49: ◇ injected env (4) from .env // tip: ⌘ suppress logs { quiet: true }
2026-05-21 16:04:50: [35m [WEB] Servidor iniciado na porta 3000[39m
2026-05-21 16:04:56: ◇ injected env (4) from .env // tip: ⌘ custom filepath { path: '/custom/path/.env' }
2026-05-21 16:04:57: [35m [WEB] Servidor iniciado na porta 3000[39m
2026-05-21 16:05:02: ◇ injected env (4) from .env // tip: ⌘ multiple files { path: ['.env.local', '.env'] }
2026-05-21 16:05:04: [35m [WEB] Servidor iniciado na porta 3000[39m
2026-05-21 16:05:09: ◇ injected env (4) from .env // tip: ⌘ custom filepath { path: '/custom/path/.env' }
2026-05-21 16:05:10: [35m [WEB] Servidor iniciado na porta 3000[39m
2026-05-21 16:05:16: ◇ injected env (4) from .env // tip: ⌘ enable debugging { debug: true }
2026-05-21 16:05:17: [35m [WEB] Servidor iniciado na porta 3000[39m
2026-05-21 16:05:22: ◇ injected env (4) from .env // tip: ◈ secrets for agents [www.dotenvx.com]
2026-05-21 16:05:24: [35m [WEB] Servidor iniciado na porta 3000[39m
2026-05-21 16:05:30: ◇ injected env (4) from .env // tip: ⌘ override existing { override: true }
2026-05-21 16:05:31: [35m [WEB] Servidor iniciado na porta 3000[39m
2026-05-21 16:05:36: ◇ injected env (4) from .env // tip: ⌘ override existing { override: true }
2026-05-21 16:05:38: [35m [WEB] Servidor iniciado na porta 3000[39m
2026-05-21 16:05:43: ◇ injected env (4) from .env // tip: ◈ secrets for agents [www.dotenvx.com]
2026-05-21 16:05:45: [35m [WEB] Servidor iniciado na porta 3000[39m
2026-05-21 16:05:50: ◇ injected env (4) from .env // tip: ◈ encrypted .env [www.dotenvx.com]
2026-05-21 16:05:52: [35m [WEB] Servidor iniciado na porta 3000[39m
2026-05-21 16:05:57: ◇ injected env (4) from .env // tip: ⌁ auth for agents [www.vestauth.com]
2026-05-21 16:05:59: [35m [WEB] Servidor iniciado na porta 3000[39m
2026-05-21 16:06:04: ◇ injected env (4) from .env // tip: ⌁ auth for agents [www.vestauth.com]
2026-05-21 16:06:05: [35m [WEB] Servidor iniciado na porta 3000[39m
2026-05-21 16:06:11: ◇ injected env (4) from .env // tip: ⌘ suppress logs { quiet: true }
2026-05-21 16:06:14: [35m [WEB] Servidor iniciado na porta 3000[39m
2026-05-21 16:06:19: ◇ injected env (4) from .env // tip: ⌘ override existing { override: true }
2026-05-21 16:06:20: [35m [WEB] Servidor iniciado na porta 3000[39m
2026-05-21 16:06:26: ◇ injected env (4) from .env // tip: ◈ encrypted .env [www.dotenvx.com]
2026-05-21 16:06:27: [35m [WEB] Servidor iniciado na porta 3000[39m
2026-05-21 16:06:32: ◇ injected env (4) from .env // tip: ⌘ enable debugging { debug: true }
2026-05-21 16:06:34: [35m [WEB] Servidor iniciado na porta 3000[39m
2026-05-21 16:06:39: ◇ injected env (4) from .env // tip: ⌘ custom filepath { path: '/custom/path/.env' }
2026-05-21 16:06:40: [35m [WEB] Servidor iniciado na porta 3000[39m
2026-05-21 16:06:46: ◇ injected env (4) from .env // tip: ⌁ auth for agents [www.vestauth.com]
2026-05-21 16:06:47: [35m [WEB] Servidor iniciado na porta 3000[39m
2026-05-21 16:06:52: ◇ injected env (4) from .env // tip: ◈ secrets for agents [www.dotenvx.com]
2026-05-21 16:06:54: [35m [WEB] Servidor iniciado na porta 3000[39m
2026-05-21 16:06:59: ◇ injected env (4) from .env // tip: ◈ secrets for agents [www.dotenvx.com]
2026-05-21 16:07:00: [35m [WEB] Servidor iniciado na porta 3000[39m
2026-05-21 16:07:06: ◇ injected env (4) from .env // tip: ⌘ override existing { override: true }
2026-05-21 16:07:07: [35m [WEB] Servidor iniciado na porta 3000[39m
2026-05-21 16:07:12: ◇ injected env (4) from .env // tip: ◈ encrypted .env [www.dotenvx.com]
2026-05-21 16:07:14: [35m [WEB] Servidor iniciado na porta 3000[39m
2026-05-21 16:07:19: ◇ injected env (4) from .env // tip: ⌘ suppress logs { quiet: true }
2026-05-21 16:07:20: [35m [WEB] Servidor iniciado na porta 3000[39m
2026-05-21 16:07:26: ◇ injected env (4) from .env // tip: ◈ secrets for agents [www.dotenvx.com]
2026-05-21 16:07:27: [35m [WEB] Servidor iniciado na porta 3000[39m
2026-05-21 16:07:32: ◇ injected env (4) from .env // tip: ⌘ multiple files { path: ['.env.local', '.env'] }
2026-05-21 16:07:34: [35m [WEB] Servidor iniciado na porta 3000[39m
2026-05-21 16:07:39: ◇ injected env (4) from .env // tip: ⌘ override existing { override: true }
2026-05-21 16:07:41: [35m [WEB] Servidor iniciado na porta 3000[39m
2026-05-21 16:07:46: ◇ injected env (4) from .env // tip: ⌘ suppress logs { quiet: true }
2026-05-21 16:07:48: [35m [WEB] Servidor iniciado na porta 3000[39m
2026-05-21 16:07:53: ◇ injected env (4) from .env // tip: ⌘ override existing { override: true }
2026-05-21 16:07:54: [35m [WEB] Servidor iniciado na porta 3000[39m
2026-05-21 16:08:00: ◇ injected env (4) from .env // tip: ⌘ multiple files { path: ['.env.local', '.env'] }
2026-05-21 16:08:02: [35m [WEB] Servidor iniciado na porta 3000[39m
2026-05-21 16:08:07: ◇ injected env (4) from .env // tip: ⌘ multiple files { path: ['.env.local', '.env'] }
2026-05-21 16:08:08: [35m [WEB] Servidor iniciado na porta 3000[39m
2026-05-21 16:08:14: ◇ injected env (4) from .env // tip: ⌘ enable debugging { debug: true }
2026-05-21 16:08:15: [35m [WEB] Servidor iniciado na porta 3000[39m
2026-05-21 16:08:20: ◇ injected env (4) from .env // tip: ⌘ enable debugging { debug: true }
2026-05-21 16:08:22: [35m [WEB] Servidor iniciado na porta 3000[39m
2026-05-21 16:08:27: ◇ injected env (4) from .env // tip: ⌘ suppress logs { quiet: true }
2026-05-21 16:08:29: [35m [WEB] Servidor iniciado na porta 3000[39m
2026-05-21 16:08:34: ◇ injected env (4) from .env // tip: ⌘ suppress logs { quiet: true }
2026-05-21 16:08:36: [35m [WEB] Servidor iniciado na porta 3000[39m
2026-05-21 16:08:41: ◇ injected env (4) from .env // tip: ⌘ suppress logs { quiet: true }
2026-05-21 16:08:42: [35m [WEB] Servidor iniciado na porta 3000[39m
2026-05-21 16:08:48: ◇ injected env (4) from .env // tip: ◈ secrets for agents [www.dotenvx.com]
2026-05-21 16:08:49: [35m [WEB] Servidor iniciado na porta 3000[39m
2026-05-21 16:08:54: ◇ injected env (4) from .env // tip: ⌘ override existing { override: true }
2026-05-21 16:08:56: [35m [WEB] Servidor iniciado na porta 3000[39m
2026-05-21 16:09:01: ◇ injected env (4) from .env // tip: ⌘ override existing { override: true }
2026-05-21 16:09:03: [35m [WEB] Servidor iniciado na porta 3000[39m
2026-05-21 16:09:08: ◇ injected env (4) from .env // tip: ⌘ suppress logs { quiet: true }
2026-05-21 16:09:10: [35m [WEB] Servidor iniciado na porta 3000[39m
2026-05-21 16:09:15: ◇ injected env (4) from .env // tip: ⌘ suppress logs { quiet: true }
2026-05-21 16:09:16: [35m [WEB] Servidor iniciado na porta 3000[39m
2026-05-21 16:09:21: ◇ injected env (4) from .env // tip: ⌘ custom filepath { path: '/custom/path/.env' }
2026-05-21 16:09:23: [35m [WEB] Servidor iniciado na porta 3000[39m
2026-05-21 16:09:28: ◇ injected env (4) from .env // tip: ◈ encrypted .env [www.dotenvx.com]
2026-05-21 16:09:30: [35m [WEB] Servidor iniciado na porta 3000[39m
2026-05-21 16:09:35: ◇ injected env (4) from .env // tip: ⌘ enable debugging { debug: true }
2026-05-21 16:09:36: [35m [WEB] Servidor iniciado na porta 3000[39m
2026-05-21 16:09:41: ◇ injected env (4) from .env // tip: ⌘ multiple files { path: ['.env.local', '.env'] }
2026-05-21 16:09:43: [35m [WEB] Servidor iniciado na porta 3000[39m
2026-05-21 16:09:48: ◇ injected env (4) from .env // tip: ◈ secrets for agents [www.dotenvx.com]
2026-05-21 16:09:50: [35m [WEB] Servidor iniciado na porta 3000[39m
2026-05-21 16:09:55: ◇ injected env (4) from .env // tip: ◈ secrets for agents [www.dotenvx.com]
2026-05-21 16:09:57: [35m [WEB] Servidor iniciado na porta 3000[39m
2026-05-21 16:10:02: ◇ injected env (4) from .env // tip: ⌘ multiple files { path: ['.env.local', '.env'] }
2026-05-21 16:10:04: [35m [WEB] Servidor iniciado na porta 3000[39m
2026-05-21 16:10:09: ◇ injected env (4) from .env // tip: ⌘ override existing { override: true }
2026-05-21 16:10:10: [35m [WEB] Servidor iniciado na porta 3000[39m
2026-05-21 16:10:16: ◇ injected env (4) from .env // tip: ⌘ custom filepath { path: '/custom/path/.env' }
2026-05-21 16:10:17: [35m [WEB] Servidor iniciado na porta 3000[39m
2026-05-21 16:10:22: ◇ injected env (4) from .env // tip: ⌘ enable debugging { debug: true }
2026-05-21 16:10:24: [35m [WEB] Servidor iniciado na porta 3000[39m
2026-05-21 16:10:29: ◇ injected env (4) from .env // tip: ⌘ multiple files { path: ['.env.local', '.env'] }
2026-05-21 16:10:30: [35m [WEB] Servidor iniciado na porta 3000[39m
2026-05-21 16:10:36: ◇ injected env (4) from .env // tip: ⌘ enable debugging { debug: true }
2026-05-21 16:10:37: [35m [WEB] Servidor iniciado na porta 3000[39m
2026-05-21 16:10:42: ◇ injected env (4) from .env // tip: ⌘ suppress logs { quiet: true }
2026-05-21 16:10:44: [35m [WEB] Servidor iniciado na porta 3000[39m
2026-05-21 16:10:49: ◇ injected env (4) from .env // tip: ⌁ auth for agents [www.vestauth.com]
2026-05-21 16:10:50: [35m [WEB] Servidor iniciado na porta 3000[39m
2026-05-21 16:10:56: ◇ injected env (4) from .env // tip: ⌁ auth for agents [www.vestauth.com]
2026-05-21 16:10:57: [35m [WEB] Servidor iniciado na porta 3000[39m
2026-05-21 16:11:02: ◇ injected env (4) from .env // tip: ◈ secrets for agents [www.dotenvx.com]
2026-05-21 16:11:04: [35m [WEB] Servidor iniciado na porta 3000[39m
2026-05-21 16:11:09: ◇ injected env (4) from .env // tip: ⌘ suppress logs { quiet: true }
2026-05-21 16:11:10: [35m [WEB] Servidor iniciado na porta 3000[39m
2026-05-21 16:11:16: ◇ injected env (4) from .env // tip: ⌘ suppress logs { quiet: true }
2026-05-21 16:11:17: [35m [WEB] Servidor iniciado na porta 3000[39m
2026-05-21 16:11:22: ◇ injected env (4) from .env // tip: ⌘ multiple files { path: ['.env.local', '.env'] }
2026-05-21 16:11:24: [35m [WEB] Servidor iniciado na porta 3000[39m
2026-05-21 16:11:29: ◇ injected env (4) from .env // tip: ◈ secrets for agents [www.dotenvx.com]
2026-05-21 16:11:30: [35m [WEB] Servidor iniciado na porta 3000[39m
2026-05-21 16:11:36: ◇ injected env (4) from .env // tip: ⌘ enable debugging { debug: true }
2026-05-21 16:11:37: [35m [WEB] Servidor iniciado na porta 3000[39m
2026-05-21 16:11:42: ◇ injected env (4) from .env // tip: ◈ secrets for agents [www.dotenvx.com]
2026-05-21 16:11:44: [35m [WEB] Servidor iniciado na porta 3000[39m
2026-05-21 16:11:49: ◇ injected env (4) from .env // tip: ⌘ override existing { override: true }
2026-05-21 16:11:51: [35m [WEB] Servidor iniciado na porta 3000[39m
2026-05-21 16:11:56: ◇ injected env (4) from .env // tip: ⌘ suppress logs { quiet: true }
2026-05-21 16:11:57: [35m [WEB] Servidor iniciado na porta 3000[39m
2026-05-21 16:12:03: ◇ injected env (4) from .env // tip: ⌘ enable debugging { debug: true }
2026-05-21 16:12:04: [35m [WEB] Servidor iniciado na porta 3000[39m
2026-05-21 16:12:09: ◇ injected env (4) from .env // tip: ⌘ multiple files { path: ['.env.local', '.env'] }
2026-05-21 16:12:11: [35m [WEB] Servidor iniciado na porta 3000[39m
2026-05-21 16:12:16: ◇ injected env (4) from .env // tip: ◈ encrypted .env [www.dotenvx.com]
2026-05-21 16:12:18: [35m [WEB] Servidor iniciado na porta 3000[39m
2026-05-21 16:12:23: ◇ injected env (4) from .env // tip: ◈ secrets for agents [www.dotenvx.com]
2026-05-21 16:12:24: [35m [WEB] Servidor iniciado na porta 3000[39m
2026-05-21 16:12:30: ◇ injected env (4) from .env // tip: ⌘ suppress logs { quiet: true }
2026-05-21 16:12:31: [35m [WEB] Servidor iniciado na porta 3000[39m
2026-05-21 16:12:36: ◇ injected env (4) from .env // tip: ⌘ multiple files { path: ['.env.local', '.env'] }
2026-05-21 16:12:38: [35m [WEB] Servidor iniciado na porta 3000[39m
2026-05-21 16:12:43: ◇ injected env (4) from .env // tip: ⌘ override existing { override: true }
2026-05-21 16:12:44: [35m [WEB] Servidor iniciado na porta 3000[39m
2026-05-21 16:12:50: ◇ injected env (4) from .env // tip: ⌁ auth for agents [www.vestauth.com]
2026-05-21 16:12:51: [35m [WEB] Servidor iniciado na porta 3000[39m
2026-05-21 16:12:56: ◇ injected env (4) from .env // tip: ⌁ auth for agents [www.vestauth.com]
2026-05-21 16:12:58: [35m [WEB] Servidor iniciado na porta 3000[39m
2026-05-21 16:13:03: ◇ injected env (4) from .env // tip: ⌘ override existing { override: true }
2026-05-21 16:13:05: [35m [WEB] Servidor iniciado na porta 3000[39m
2026-05-21 16:13:10: ◇ injected env (4) from .env // tip: ⌘ custom filepath { path: '/custom/path/.env' }
2026-05-21 16:13:11: [35m [WEB] Servidor iniciado na porta 3000[39m
2026-05-21 16:13:16: ◇ injected env (4) from .env // tip: ⌘ custom filepath { path: '/custom/path/.env' }
2026-05-21 16:13:18: [35m [WEB] Servidor iniciado na porta 3000[39m
2026-05-21 16:13:23: ◇ injected env (4) from .env // tip: ⌘ multiple files { path: ['.env.local', '.env'] }
2026-05-21 16:13:24: [35m [WEB] Servidor iniciado na porta 3000[39m
2026-05-21 16:13:30: ◇ injected env (4) from .env // tip: ⌘ multiple files { path: ['.env.local', '.env'] }
2026-05-21 16:13:31: [35m [WEB] Servidor iniciado na porta 3000[39m
2026-05-21 16:13:36: ◇ injected env (4) from .env // tip: ⌁ auth for agents [www.vestauth.com]
2026-05-21 16:13:38: [35m [WEB] Servidor iniciado na porta 3000[39m
2026-05-21 16:13:43: ◇ injected env (4) from .env // tip: ◈ encrypted .env [www.dotenvx.com]
2026-05-21 16:13:45: [35m [WEB] Servidor iniciado na porta 3000[39m
2026-05-21 16:13:50: ◇ injected env (4) from .env // tip: ⌘ custom filepath { path: '/custom/path/.env' }
2026-05-21 16:13:52: [35m [WEB] Servidor iniciado na porta 3000[39m
2026-05-21 16:13:57: ◇ injected env (4) from .env // tip: ⌘ custom filepath { path: '/custom/path/.env' }
2026-05-21 16:13:58: [35m [WEB] Servidor iniciado na porta 3000[39m
2026-05-21 16:14:04: ◇ injected env (4) from .env // tip: ⌘ override existing { override: true }
2026-05-21 16:14:05: [35m [WEB] Servidor iniciado na porta 3000[39m
2026-05-21 16:14:10: ◇ injected env (4) from .env // tip: ◈ secrets for agents [www.dotenvx.com]
2026-05-21 16:14:12: [35m [WEB] Servidor iniciado na porta 3000[39m
2026-05-21 16:14:17: ◇ injected env (4) from .env // tip: ◈ encrypted .env [www.dotenvx.com]
2026-05-21 16:14:18: [35m [WEB] Servidor iniciado na porta 3000[39m
2026-05-21 16:14:24: ◇ injected env (4) from .env // tip: ◈ encrypted .env [www.dotenvx.com]
2026-05-21 16:14:25: [35m [WEB] Servidor iniciado na porta 3000[39m
2026-05-21 16:14:30: ◇ injected env (4) from .env // tip: ⌁ auth for agents [www.vestauth.com]
2026-05-21 16:14:32: [35m [WEB] Servidor iniciado na porta 3000[39m
2026-05-21 16:14:37: ◇ injected env (4) from .env // tip: ⌘ custom filepath { path: '/custom/path/.env' }
2026-05-21 16:14:39: [35m [WEB] Servidor iniciado na porta 3000[39m
2026-05-21 16:14:44: ◇ injected env (4) from .env // tip: ◈ secrets for agents [www.dotenvx.com]
2026-05-21 16:14:46: [35m [WEB] Servidor iniciado na porta 3000[39m
2026-05-21 16:14:51: ◇ injected env (4) from .env // tip: ⌁ auth for agents [www.vestauth.com]
2026-05-21 16:14:53: [35m [WEB] Servidor iniciado na porta 3000[39m
2026-05-21 16:14:58: ◇ injected env (4) from .env // tip: ◈ secrets for agents [www.dotenvx.com]
2026-05-21 16:14:59: [35m [WEB] Servidor iniciado na porta 3000[39m
2026-05-21 16:15:05: ◇ injected env (4) from .env // tip: ◈ encrypted .env [www.dotenvx.com]
2026-05-21 16:15:06: [35m [WEB] Servidor iniciado na porta 3000[39m
2026-05-21 16:15:12: ◇ injected env (4) from .env // tip: ⌘ custom filepath { path: '/custom/path/.env' }
2026-05-21 16:15:13: [35m [WEB] Servidor iniciado na porta 3000[39m
2026-05-21 16:15:18: ◇ injected env (4) from .env // tip: ⌘ override existing { override: true }
2026-05-21 16:15:20: [35m [WEB] Servidor iniciado na porta 3000[39m
2026-05-21 16:15:25: ◇ injected env (4) from .env // tip: ◈ secrets for agents [www.dotenvx.com]
2026-05-21 16:15:27: [35m [WEB] Servidor iniciado na porta 3000[39m
2026-05-21 16:15:32: ◇ injected env (4) from .env // tip: ◈ secrets for agents [www.dotenvx.com]
2026-05-21 16:15:33: [35m [WEB] Servidor iniciado na porta 3000[39m
2026-05-21 16:15:39: ◇ injected env (4) from .env // tip: ⌘ custom filepath { path: '/custom/path/.env' }
2026-05-21 16:15:40: [35m [WEB] Servidor iniciado na porta 3000[39m
2026-05-21 16:15:45: ◇ injected env (4) from .env // tip: ⌘ suppress logs { quiet: true }
2026-05-21 16:15:47: [35m [WEB] Servidor iniciado na porta 3000[39m
2026-05-21 16:15:52: ◇ injected env (4) from .env // tip: ⌘ suppress logs { quiet: true }
2026-05-21 16:15:54: [35m [WEB] Servidor iniciado na porta 3000[39m
2026-05-21 16:15:59: ◇ injected env (4) from .env // tip: ⌘ custom filepath { path: '/custom/path/.env' }
2026-05-21 16:16:01: [35m [WEB] Servidor iniciado na porta 3000[39m
2026-05-21 16:16:06: ◇ injected env (4) from .env // tip: ◈ secrets for agents [www.dotenvx.com]
2026-05-21 16:16:08: [35m [WEB] Servidor iniciado na porta 3000[39m
2026-05-21 16:16:13: ◇ injected env (4) from .env // tip: ◈ secrets for agents [www.dotenvx.com]
2026-05-21 16:16:15: [35m [WEB] Servidor iniciado na porta 3000[39m
2026-05-21 16:16:20: ◇ injected env (4) from .env // tip: ⌁ auth for agents [www.vestauth.com]
2026-05-21 16:16:22: [35m [WEB] Servidor iniciado na porta 3000[39m
2026-05-21 16:16:27: ◇ injected env (4) from .env // tip: ⌘ multiple files { path: ['.env.local', '.env'] }
2026-05-21 16:16:28: [35m [WEB] Servidor iniciado na porta 3000[39m
2026-05-21 16:16:33: ◇ injected env (4) from .env // tip: ⌁ auth for agents [www.vestauth.com]
2026-05-21 16:16:35: [35m [WEB] Servidor iniciado na porta 3000[39m
2026-05-21 16:16:40: ◇ injected env (4) from .env // tip: ⌘ override existing { override: true }
2026-05-21 16:16:41: [35m [WEB] Servidor iniciado na porta 3000[39m
2026-05-21 16:16:47: ◇ injected env (4) from .env // tip: ⌘ multiple files { path: ['.env.local', '.env'] }
2026-05-21 16:16:48: [35m [WEB] Servidor iniciado na porta 3000[39m
2026-05-21 16:16:53: ◇ injected env (4) from .env // tip: ⌁ auth for agents [www.vestauth.com]
2026-05-21 16:16:55: [35m [WEB] Servidor iniciado na porta 3000[39m
2026-05-21 16:17:00: ◇ injected env (4) from .env // tip: ⌘ override existing { override: true }
2026-05-21 16:17:01: [35m [WEB] Servidor iniciado na porta 3000[39m
2026-05-21 16:17:07: ◇ injected env (4) from .env // tip: ⌘ custom filepath { path: '/custom/path/.env' }
2026-05-21 16:17:09: [35m [WEB] Servidor iniciado na porta 3000[39m
2026-05-21 16:17:15: ◇ injected env (4) from .env // tip: ⌘ enable debugging { debug: true }
2026-05-21 16:17:16: [35m [WEB] Servidor iniciado na porta 3000[39m
2026-05-21 16:17:22: ◇ injected env (4) from .env // tip: ⌘ enable debugging { debug: true }
2026-05-21 16:17:23: [35m [WEB] Servidor iniciado na porta 3000[39m
2026-05-21 16:17:28: ◇ injected env (4) from .env // tip: ⌘ custom filepath { path: '/custom/path/.env' }
2026-05-21 16:17:32: [35m [WEB] Servidor iniciado na porta 3000[39m
2026-05-21 16:17:38: ◇ injected env (4) from .env // tip: ⌁ auth for agents [www.vestauth.com]
2026-05-21 16:17:40: [35m [WEB] Servidor iniciado na porta 3000[39m
2026-05-21 16:17:45: ◇ injected env (4) from .env // tip: ◈ encrypted .env [www.dotenvx.com]
2026-05-21 16:17:47: [35m [WEB] Servidor iniciado na porta 3000[39m
2026-05-21 16:17:53: ◇ injected env (4) from .env // tip: ⌘ override existing { override: true }
2026-05-21 16:17:55: [35m [WEB] Servidor iniciado na porta 3000[39m
2026-05-21 16:18:00: ◇ injected env (4) from .env // tip: ⌁ auth for agents [www.vestauth.com]
2026-05-21 16:18:02: [35m [WEB] Servidor iniciado na porta 3000[39m
2026-05-21 16:18:07: ◇ injected env (4) from .env // tip: ⌘ override existing { override: true }
2026-05-21 16:18:08: [35m [WEB] Servidor iniciado na porta 3000[39m
2026-05-21 16:18:14: ◇ injected env (4) from .env // tip: ⌘ override existing { override: true }
2026-05-21 16:18:15: [35m [WEB] Servidor iniciado na porta 3000[39m
2026-05-21 16:18:20: ◇ injected env (4) from .env // tip: ⌘ suppress logs { quiet: true }
2026-05-21 16:18:22: [35m [WEB] Servidor iniciado na porta 3000[39m
2026-05-21 16:18:27: ◇ injected env (4) from .env // tip: ⌁ auth for agents [www.vestauth.com]
2026-05-21 16:18:28: [35m [WEB] Servidor iniciado na porta 3000[39m
2026-05-21 16:18:34: ◇ injected env (4) from .env // tip: ⌘ multiple files { path: ['.env.local', '.env'] }
2026-05-21 16:18:35: [35m [WEB] Servidor iniciado na porta 3000[39m
2026-05-21 16:18:40: ◇ injected env (4) from .env // tip: ⌘ custom filepath { path: '/custom/path/.env' }
2026-05-21 16:18:42: [35m [WEB] Servidor iniciado na porta 3000[39m
2026-05-21 16:18:47: ◇ injected env (4) from .env // tip: ⌘ enable debugging { debug: true }
2026-05-21 16:18:48: [35m [WEB] Servidor iniciado na porta 3000[39m
2026-05-21 16:18:53: ◇ injected env (4) from .env // tip: ⌘ custom filepath { path: '/custom/path/.env' }
2026-05-21 16:18:55: [35m [WEB] Servidor iniciado na porta 3000[39m
2026-05-21 16:19:00: ◇ injected env (4) from .env // tip: ⌘ enable debugging { debug: true }
2026-05-21 16:19:01: [35m [WEB] Servidor iniciado na porta 3000[39m
2026-05-21 16:19:07: ◇ injected env (4) from .env // tip: ⌘ enable debugging { debug: true }
2026-05-21 16:19:08: [35m [WEB] Servidor iniciado na porta 3000[39m
2026-05-21 16:19:13: ◇ injected env (4) from .env // tip: ⌘ custom filepath { path: '/custom/path/.env' }
2026-05-21 16:19:15: [35m [WEB] Servidor iniciado na porta 3000[39m
2026-05-21 16:19:20: ◇ injected env (4) from .env // tip: ⌁ auth for agents [www.vestauth.com]
2026-05-21 16:19:21: [35m [WEB] Servidor iniciado na porta 3000[39m
2026-05-21 16:19:26: ◇ injected env (4) from .env // tip: ◈ encrypted .env [www.dotenvx.com]
2026-05-21 16:19:28: [35m [WEB] Servidor iniciado na porta 3000[39m
2026-05-21 16:19:33: ◇ injected env (4) from .env // tip: ⌘ override existing { override: true }
2026-05-21 16:19:34: [35m [WEB] Servidor iniciado na porta 3000[39m
2026-05-21 16:19:40: ◇ injected env (4) from .env // tip: ⌘ override existing { override: true }
2026-05-21 16:19:41: [35m [WEB] Servidor iniciado na porta 3000[39m
2026-05-21 16:19:46: ◇ injected env (4) from .env // tip: ⌘ enable debugging { debug: true }
2026-05-21 16:19:47: [35m [WEB] Servidor iniciado na porta 3000[39m
2026-05-21 16:19:53: ◇ injected env (4) from .env // tip: ⌘ override existing { override: true }
2026-05-21 16:19:54: [35m [WEB] Servidor iniciado na porta 3000[39m
2026-05-21 16:19:59: ◇ injected env (4) from .env // tip: ⌘ multiple files { path: ['.env.local', '.env'] }
2026-05-21 16:20:01: [35m [WEB] Servidor iniciado na porta 3000[39m
2026-05-21 16:20:06: ◇ injected env (4) from .env // tip: ⌘ suppress logs { quiet: true }
2026-05-21 16:20:08: [35m [WEB] Servidor iniciado na porta 3000[39m
2026-05-21 16:20:13: ◇ injected env (4) from .env // tip: ⌘ custom filepath { path: '/custom/path/.env' }
2026-05-21 16:20:14: [35m [WEB] Servidor iniciado na porta 3000[39m
2026-05-21 16:20:19: ◇ injected env (4) from .env // tip: ⌁ auth for agents [www.vestauth.com]
2026-05-21 16:20:21: [35m [WEB] Servidor iniciado na porta 3000[39m
2026-05-21 16:20:26: ◇ injected env (4) from .env // tip: ⌘ suppress logs { quiet: true }
2026-05-21 16:20:27: [35m [WEB] Servidor iniciado na porta 3000[39m
2026-05-21 16:20:33: ◇ injected env (4) from .env // tip: ◈ encrypted .env [www.dotenvx.com]
2026-05-21 16:20:34: [35m [WEB] Servidor iniciado na porta 3000[39m
2026-05-21 16:20:39: ◇ injected env (4) from .env // tip: ◈ encrypted .env [www.dotenvx.com]
2026-05-21 16:20:41: [35m [WEB] Servidor iniciado na porta 3000[39m
2026-05-21 16:20:46: ◇ injected env (4) from .env // tip: ⌘ multiple files { path: ['.env.local', '.env'] }
2026-05-21 16:20:47: [35m [WEB] Servidor iniciado na porta 3000[39m
2026-05-21 16:20:52: ◇ injected env (4) from .env // tip: ⌘ override existing { override: true }
2026-05-21 16:20:54: [35m [WEB] Servidor iniciado na porta 3000[39m
2026-05-21 16:20:59: ◇ injected env (4) from .env // tip: ⌘ suppress logs { quiet: true }
2026-05-21 16:21:00: [35m [WEB] Servidor iniciado na porta 3000[39m
2026-05-21 16:21:06: ◇ injected env (4) from .env // tip: ⌘ suppress logs { quiet: true }
2026-05-21 16:21:07: [35m [WEB] Servidor iniciado na porta 3000[39m
2026-05-21 16:21:12: ◇ injected env (4) from .env // tip: ⌘ override existing { override: true }
2026-05-21 16:21:14: [35m [WEB] Servidor iniciado na porta 3000[39m
2026-05-21 16:21:19: ◇ injected env (4) from .env // tip: ◈ secrets for agents [www.dotenvx.com]
2026-05-21 16:21:20: [35m [WEB] Servidor iniciado na porta 3000[39m
2026-05-21 16:21:25: ◇ injected env (4) from .env // tip: ⌘ override existing { override: true }
2026-05-21 16:21:27: [35m [WEB] Servidor iniciado na porta 3000[39m
2026-05-21 16:21:32: ◇ injected env (4) from .env // tip: ⌘ suppress logs { quiet: true }
2026-05-21 16:21:33: [35m [WEB] Servidor iniciado na porta 3000[39m
2026-05-21 16:21:38: ◇ injected env (4) from .env // tip: ⌘ multiple files { path: ['.env.local', '.env'] }
2026-05-21 16:21:40: [35m [WEB] Servidor iniciado na porta 3000[39m
2026-05-21 16:21:45: ◇ injected env (4) from .env // tip: ⌘ override existing { override: true }
2026-05-21 16:21:46: [35m [WEB] Servidor iniciado na porta 3000[39m
2026-05-21 16:21:52: ◇ injected env (4) from .env // tip: ⌘ custom filepath { path: '/custom/path/.env' }
2026-05-21 16:21:53: [35m [WEB] Servidor iniciado na porta 3000[39m
2026-05-21 16:21:59: ◇ injected env (4) from .env // tip: ⌘ suppress logs { quiet: true }
2026-05-21 16:22:00: [35m [WEB] Servidor iniciado na porta 3000[39m
2026-05-21 16:22:05: ◇ injected env (4) from .env // tip: ⌘ custom filepath { path: '/custom/path/.env' }
2026-05-21 16:22:07: [35m [WEB] Servidor iniciado na porta 3000[39m
2026-05-21 16:22:12: ◇ injected env (4) from .env // tip: ⌘ multiple files { path: ['.env.local', '.env'] }
2026-05-21 16:22:13: [35m [WEB] Servidor iniciado na porta 3000[39m
2026-05-21 16:22:19: ◇ injected env (4) from .env // tip: ⌁ auth for agents [www.vestauth.com]
2026-05-21 16:22:21: [35m [WEB] Servidor iniciado na porta 3000[39m
2026-05-21 16:22:26: ◇ injected env (4) from .env // tip: ⌁ auth for agents [www.vestauth.com]
2026-05-21 16:22:28: [35m [WEB] Servidor iniciado na porta 3000[39m
2026-05-21 16:22:34: ◇ injected env (4) from .env // tip: ⌘ override existing { override: true }
2026-05-21 16:22:35: [35m [WEB] Servidor iniciado na porta 3000[39m
2026-05-21 16:22:40: ◇ injected env (4) from .env // tip: ◈ secrets for agents [www.dotenvx.com]
2026-05-21 16:22:42: [35m [WEB] Servidor iniciado na porta 3000[39m
2026-05-21 16:22:47: ◇ injected env (4) from .env // tip: ⌘ override existing { override: true }
2026-05-21 16:22:49: [35m [WEB] Servidor iniciado na porta 3000[39m
2026-05-21 16:22:54: ◇ injected env (4) from .env // tip: ⌁ auth for agents [www.vestauth.com]
2026-05-21 16:22:55: [35m [WEB] Servidor iniciado na porta 3000[39m
2026-05-21 16:23:01: ◇ injected env (4) from .env // tip: ⌘ override existing { override: true }
2026-05-21 16:23:02: [35m [WEB] Servidor iniciado na porta 3000[39m
2026-05-21 16:23:07: ◇ injected env (4) from .env // tip: ⌘ override existing { override: true }
2026-05-21 16:23:09: [35m [WEB] Servidor iniciado na porta 3000[39m
2026-05-21 16:23:14: ◇ injected env (4) from .env // tip: ⌘ enable debugging { debug: true }
2026-05-21 16:23:17: [35m [WEB] Servidor iniciado na porta 3000[39m
2026-05-21 16:23:23: ◇ injected env (4) from .env // tip: ◈ secrets for agents [www.dotenvx.com]
2026-05-21 16:23:24: [35m [WEB] Servidor iniciado na porta 3000[39m
2026-05-21 16:23:30: ◇ injected env (4) from .env // tip: ⌘ override existing { override: true }
2026-05-21 16:23:31: [35m [WEB] Servidor iniciado na porta 3000[39m
2026-05-21 16:23:36: ◇ injected env (4) from .env // tip: ◈ secrets for agents [www.dotenvx.com]
2026-05-21 16:23:38: [35m [WEB] Servidor iniciado na porta 3000[39m
2026-05-21 16:23:43: ◇ injected env (4) from .env // tip: ⌘ suppress logs { quiet: true }
2026-05-21 16:23:45: [35m [WEB] Servidor iniciado na porta 3000[39m
2026-05-21 16:23:50: ◇ injected env (4) from .env // tip: ⌘ enable debugging { debug: true }
2026-05-21 16:23:51: [35m [WEB] Servidor iniciado na porta 3000[39m
2026-05-21 16:23:56: ◇ injected env (4) from .env // tip: ◈ encrypted .env [www.dotenvx.com]
2026-05-21 16:23:58: [35m [WEB] Servidor iniciado na porta 3000[39m
2026-05-21 16:24:04: ◇ injected env (4) from .env // tip: ⌁ auth for agents [www.vestauth.com]
2026-05-21 16:24:05: [35m [WEB] Servidor iniciado na porta 3000[39m
2026-05-21 16:24:10: ◇ injected env (4) from .env // tip: ⌘ suppress logs { quiet: true }
2026-05-21 16:24:12: [35m [WEB] Servidor iniciado na porta 3000[39m
2026-05-21 16:24:17: ◇ injected env (4) from .env // tip: ⌘ custom filepath { path: '/custom/path/.env' }
2026-05-21 16:24:18: [35m [WEB] Servidor iniciado na porta 3000[39m
2026-05-21 16:24:24: ◇ injected env (4) from .env // tip: ⌘ multiple files { path: ['.env.local', '.env'] }
2026-05-21 16:24:25: [35m [WEB] Servidor iniciado na porta 3000[39m
2026-05-21 16:24:30: ◇ injected env (4) from .env // tip: ◈ encrypted .env [www.dotenvx.com]
2026-05-21 16:24:32: [35m [WEB] Servidor iniciado na porta 3000[39m
2026-05-21 16:24:37: ◇ injected env (4) from .env // tip: ⌘ suppress logs { quiet: true }
2026-05-21 16:24:38: [35m [WEB] Servidor iniciado na porta 3000[39m
2026-05-21 16:24:44: ◇ injected env (4) from .env // tip: ⌘ suppress logs { quiet: true }
2026-05-21 16:24:47: [35m [WEB] Servidor iniciado na porta 3000[39m
2026-05-21 16:24:52: ◇ injected env (4) from .env // tip: ⌘ override existing { override: true }
2026-05-21 16:24:54: [35m [WEB] Servidor iniciado na porta 3000[39m
2026-05-21 16:24:59: ◇ injected env (4) from .env // tip: ⌁ auth for agents [www.vestauth.com]
2026-05-21 16:25:00: [35m [WEB] Servidor iniciado na porta 3000[39m
2026-05-21 16:25:06: ◇ injected env (4) from .env // tip: ◈ encrypted .env [www.dotenvx.com]
2026-05-21 16:25:07: [35m [WEB] Servidor iniciado na porta 3000[39m
2026-05-21 16:25:12: ◇ injected env (4) from .env // tip: ⌘ enable debugging { debug: true }
2026-05-21 16:25:14: [35m [WEB] Servidor iniciado na porta 3000[39m
2026-05-21 16:25:19: ◇ injected env (4) from .env // tip: ◈ encrypted .env [www.dotenvx.com]
2026-05-21 16:25:20: [35m [WEB] Servidor iniciado na porta 3000[39m
2026-05-21 16:25:25: ◇ injected env (4) from .env // tip: ⌘ suppress logs { quiet: true }
2026-05-21 16:25:27: [35m [WEB] Servidor iniciado na porta 3000[39m
2026-05-21 16:25:32: ◇ injected env (4) from .env // tip: ⌘ custom filepath { path: '/custom/path/.env' }
2026-05-21 16:25:33: [35m [WEB] Servidor iniciado na porta 3000[39m
2026-05-21 16:25:39: ◇ injected env (4) from .env // tip: ⌘ custom filepath { path: '/custom/path/.env' }
2026-05-21 16:25:40: [35m [WEB] Servidor iniciado na porta 3000[39m
2026-05-21 16:25:45: ◇ injected env (4) from .env // tip: ◈ encrypted .env [www.dotenvx.com]
2026-05-21 16:25:47: [35m [WEB] Servidor iniciado na porta 3000[39m
2026-05-21 16:25:52: ◇ injected env (4) from .env // tip: ⌁ auth for agents [www.vestauth.com]
2026-05-21 16:25:53: [35m [WEB] Servidor iniciado na porta 3000[39m
2026-05-21 16:25:59: ◇ injected env (4) from .env // tip: ⌘ custom filepath { path: '/custom/path/.env' }
2026-05-21 16:26:00: [35m [WEB] Servidor iniciado na porta 3000[39m
2026-05-21 16:26:05: ◇ injected env (4) from .env // tip: ⌘ enable debugging { debug: true }
2026-05-21 16:26:07: [35m [WEB] Servidor iniciado na porta 3000[39m
2026-05-21 16:26:12: ◇ injected env (4) from .env // tip: ⌘ custom filepath { path: '/custom/path/.env' }
2026-05-21 16:26:13: [35m [WEB] Servidor iniciado na porta 3000[39m
2026-05-21 16:26:18: ◇ injected env (4) from .env // tip: ◈ secrets for agents [www.dotenvx.com]
2026-05-21 16:26:20: [35m [WEB] Servidor iniciado na porta 3000[39m
2026-05-21 16:26:25: ◇ injected env (4) from .env // tip: ⌘ multiple files { path: ['.env.local', '.env'] }
2026-05-21 16:26:27: [35m [WEB] Servidor iniciado na porta 3000[39m
2026-05-21 16:26:32: ◇ injected env (4) from .env // tip: ◈ encrypted .env [www.dotenvx.com]
2026-05-21 16:26:33: [35m [WEB] Servidor iniciado na porta 3000[39m
2026-05-21 16:26:39: ◇ injected env (4) from .env // tip: ◈ secrets for agents [www.dotenvx.com]
2026-05-21 16:26:40: [35m [WEB] Servidor iniciado na porta 3000[39m
2026-05-21 16:26:45: ◇ injected env (4) from .env // tip: ⌁ auth for agents [www.vestauth.com]
2026-05-21 16:26:47: [35m [WEB] Servidor iniciado na porta 3000[39m
2026-05-21 16:26:52: ◇ injected env (4) from .env // tip: ⌘ multiple files { path: ['.env.local', '.env'] }
2026-05-21 16:26:54: [35m [WEB] Servidor iniciado na porta 3000[39m
2026-05-21 16:26:59: ◇ injected env (4) from .env // tip: ⌘ custom filepath { path: '/custom/path/.env' }
2026-05-21 16:27:00: [35m [WEB] Servidor iniciado na porta 3000[39m
2026-05-21 16:27:06: ◇ injected env (4) from .env // tip: ⌘ enable debugging { debug: true }
2026-05-21 16:27:07: [35m [WEB] Servidor iniciado na porta 3000[39m
2026-05-21 16:27:12: ◇ injected env (4) from .env // tip: ⌘ enable debugging { debug: true }
2026-05-21 16:27:14: [35m [WEB] Servidor iniciado na porta 3000[39m
2026-05-21 16:27:19: ◇ injected env (4) from .env // tip: ⌘ enable debugging { debug: true }
2026-05-21 16:27:20: [35m [WEB] Servidor iniciado na porta 3000[39m
2026-05-21 16:27:26: ◇ injected env (4) from .env // tip: ⌘ override existing { override: true }
2026-05-21 16:27:27: [35m [WEB] Servidor iniciado na porta 3000[39m
2026-05-21 16:27:33: ◇ injected env (4) from .env // tip: ⌘ suppress logs { quiet: true }
2026-05-21 16:27:34: [35m [WEB] Servidor iniciado na porta 3000[39m
2026-05-21 16:27:39: ◇ injected env (4) from .env // tip: ⌘ enable debugging { debug: true }
2026-05-21 16:27:41: [35m [WEB] Servidor iniciado na porta 3000[39m
2026-05-21 16:27:46: ◇ injected env (4) from .env // tip: ⌘ multiple files { path: ['.env.local', '.env'] }
2026-05-21 16:27:48: [35m [WEB] Servidor iniciado na porta 3000[39m
2026-05-21 16:27:53: ◇ injected env (4) from .env // tip: ◈ encrypted .env [www.dotenvx.com]
2026-05-21 16:27:55: [35m [WEB] Servidor iniciado na porta 3000[39m
2026-05-21 16:28:00: ◇ injected env (4) from .env // tip: ◈ secrets for agents [www.dotenvx.com]
2026-05-21 16:28:02: [35m [WEB] Servidor iniciado na porta 3000[39m
2026-05-21 16:28:07: ◇ injected env (4) from .env // tip: ⌘ multiple files { path: ['.env.local', '.env'] }
2026-05-21 16:28:09: [35m [WEB] Servidor iniciado na porta 3000[39m
2026-05-21 16:28:14: ◇ injected env (4) from .env // tip: ⌘ custom filepath { path: '/custom/path/.env' }
2026-05-21 16:28:16: [35m [WEB] Servidor iniciado na porta 3000[39m
2026-05-21 16:28:21: ◇ injected env (4) from .env // tip: ◈ encrypted .env [www.dotenvx.com]
2026-05-21 16:28:22: [35m [WEB] Servidor iniciado na porta 3000[39m
2026-05-21 16:28:27: ◇ injected env (4) from .env // tip: ⌘ enable debugging { debug: true }
2026-05-21 16:28:29: [35m [WEB] Servidor iniciado na porta 3000[39m
2026-05-21 16:28:34: ◇ injected env (4) from .env // tip: ⌘ multiple files { path: ['.env.local', '.env'] }
2026-05-21 16:28:36: [35m [WEB] Servidor iniciado na porta 3000[39m
2026-05-21 16:28:41: ◇ injected env (4) from .env // tip: ⌘ enable debugging { debug: true }
2026-05-21 16:28:42: [35m [WEB] Servidor iniciado na porta 3000[39m
2026-05-21 16:28:48: ◇ injected env (4) from .env // tip: ◈ encrypted .env [www.dotenvx.com]
2026-05-21 16:28:49: [35m [WEB] Servidor iniciado na porta 3000[39m
2026-05-21 16:28:54: ◇ injected env (4) from .env // tip: ⌘ override existing { override: true }
2026-05-21 16:28:56: [35m [WEB] Servidor iniciado na porta 3000[39m
2026-05-21 16:29:01: ◇ injected env (4) from .env // tip: ⌘ suppress logs { quiet: true }
2026-05-21 16:29:03: [35m [WEB] Servidor iniciado na porta 3000[39m
2026-05-21 16:29:08: ◇ injected env (4) from .env // tip: ⌁ auth for agents [www.vestauth.com]
2026-05-21 16:29:10: [35m [WEB] Servidor iniciado na porta 3000[39m
2026-05-21 16:29:15: ◇ injected env (4) from .env // tip: ⌘ custom filepath { path: '/custom/path/.env' }
2026-05-21 16:29:16: [35m [WEB] Servidor iniciado na porta 3000[39m
2026-05-21 16:29:22: ◇ injected env (4) from .env // tip: ◈ secrets for agents [www.dotenvx.com]
2026-05-21 16:29:24: [35m [WEB] Servidor iniciado na porta 3000[39m
2026-05-21 16:29:29: ◇ injected env (4) from .env // tip: ⌘ override existing { override: true }
2026-05-21 16:29:30: [35m [WEB] Servidor iniciado na porta 3000[39m
2026-05-21 16:29:36: ◇ injected env (4) from .env // tip: ⌘ multiple files { path: ['.env.local', '.env'] }
2026-05-21 16:29:37: [35m [WEB] Servidor iniciado na porta 3000[39m
2026-05-21 16:29:42: ◇ injected env (4) from .env // tip: ⌘ enable debugging { debug: true }
2026-05-21 16:29:44: [35m [WEB] Servidor iniciado na porta 3000[39m
2026-05-21 16:29:49: ◇ injected env (4) from .env // tip: ◈ secrets for agents [www.dotenvx.com]
2026-05-21 16:29:50: [35m [WEB] Servidor iniciado na porta 3000[39m
2026-05-21 16:29:56: ◇ injected env (4) from .env // tip: ⌘ enable debugging { debug: true }
2026-05-21 16:29:57: [35m [WEB] Servidor iniciado na porta 3000[39m
2026-05-21 16:30:02: ◇ injected env (4) from .env // tip: ⌘ suppress logs { quiet: true }
2026-05-21 16:30:06: [35m [WEB] Servidor iniciado na porta 3000[39m
2026-05-21 16:30:11: ◇ injected env (4) from .env // tip: ⌁ auth for agents [www.vestauth.com]
2026-05-21 16:30:12: [35m [WEB] Servidor iniciado na porta 3000[39m
2026-05-21 16:30:18: ◇ injected env (4) from .env // tip: ⌘ suppress logs { quiet: true }
2026-05-21 16:30:19: [35m [WEB] Servidor iniciado na porta 3000[39m
2026-05-21 16:30:24: ◇ injected env (4) from .env // tip: ⌘ override existing { override: true }
2026-05-21 16:30:26: [35m [WEB] Servidor iniciado na porta 3000[39m
2026-05-21 16:30:31: ◇ injected env (4) from .env // tip: ◈ secrets for agents [www.dotenvx.com]
2026-05-21 16:30:33: [35m [WEB] Servidor iniciado na porta 3000[39m
2026-05-21 16:30:38: ◇ injected env (4) from .env // tip: ⌁ auth for agents [www.vestauth.com]
2026-05-21 16:30:39: [35m [WEB] Servidor iniciado na porta 3000[39m
2026-05-21 16:30:44: ◇ injected env (4) from .env // tip: ⌘ suppress logs { quiet: true }
2026-05-21 16:30:46: [35m [WEB] Servidor iniciado na porta 3000[39m
2026-05-21 16:30:51: ◇ injected env (4) from .env // tip: ⌘ suppress logs { quiet: true }
2026-05-21 16:30:53: [35m [WEB] Servidor iniciado na porta 3000[39m
2026-05-21 16:30:58: ◇ injected env (4) from .env // tip: ⌁ auth for agents [www.vestauth.com]
2026-05-21 16:30:59: [35m [WEB] Servidor iniciado na porta 3000[39m
2026-05-21 16:31:04: ◇ injected env (4) from .env // tip: ⌘ multiple files { path: ['.env.local', '.env'] }
2026-05-21 16:31:06: [35m [WEB] Servidor iniciado na porta 3000[39m
2026-05-21 16:31:11: ◇ injected env (4) from .env // tip: ⌘ override existing { override: true }
2026-05-21 16:31:13: [35m [WEB] Servidor iniciado na porta 3000[39m
2026-05-21 16:31:18: ◇ injected env (4) from .env // tip: ⌘ custom filepath { path: '/custom/path/.env' }
2026-05-21 16:31:20: [35m [WEB] Servidor iniciado na porta 3000[39m
2026-05-21 16:31:25: ◇ injected env (4) from .env // tip: ⌘ multiple files { path: ['.env.local', '.env'] }
2026-05-21 16:31:27: [35m [WEB] Servidor iniciado na porta 3000[39m
2026-05-21 16:31:32: ◇ injected env (4) from .env // tip: ⌘ enable debugging { debug: true }
2026-05-21 16:31:33: [35m [WEB] Servidor iniciado na porta 3000[39m
2026-05-21 16:31:38: ◇ injected env (4) from .env // tip: ⌁ auth for agents [www.vestauth.com]
2026-05-21 16:31:40: [35m [WEB] Servidor iniciado na porta 3000[39m
2026-05-21 16:31:45: ◇ injected env (4) from .env // tip: ⌘ multiple files { path: ['.env.local', '.env'] }
2026-05-21 16:31:46: [35m [WEB] Servidor iniciado na porta 3000[39m
2026-05-21 16:31:52: ◇ injected env (4) from .env // tip: ⌘ multiple files { path: ['.env.local', '.env'] }
2026-05-21 16:31:53: [35m [WEB] Servidor iniciado na porta 3000[39m
2026-05-21 16:31:58: ◇ injected env (4) from .env // tip: ⌘ override existing { override: true }
2026-05-21 16:32:00: [35m [WEB] Servidor iniciado na porta 3000[39m
2026-05-21 16:32:05: ◇ injected env (4) from .env // tip: ⌁ auth for agents [www.vestauth.com]
2026-05-21 16:32:07: [35m [WEB] Servidor iniciado na porta 3000[39m
2026-05-21 16:32:12: ◇ injected env (4) from .env // tip: ⌘ custom filepath { path: '/custom/path/.env' }
2026-05-21 16:32:13: [35m [WEB] Servidor iniciado na porta 3000[39m
2026-05-21 16:32:18: ◇ injected env (4) from .env // tip: ◈ secrets for agents [www.dotenvx.com]
2026-05-21 16:32:20: [35m [WEB] Servidor iniciado na porta 3000[39m
2026-05-21 16:32:25: ◇ injected env (4) from .env // tip: ⌘ enable debugging { debug: true }
2026-05-21 16:32:27: [35m [WEB] Servidor iniciado na porta 3000[39m
2026-05-21 16:32:32: ◇ injected env (4) from .env // tip: ⌘ multiple files { path: ['.env.local', '.env'] }
2026-05-21 16:32:34: [35m [WEB] Servidor iniciado na porta 3000[39m
2026-05-21 16:32:39: ◇ injected env (4) from .env // tip: ⌁ auth for agents [www.vestauth.com]
2026-05-21 16:32:41: [35m [WEB] Servidor iniciado na porta 3000[39m
2026-05-21 16:32:46: ◇ injected env (4) from .env // tip: ⌘ enable debugging { debug: true }
2026-05-21 16:32:48: [35m [WEB] Servidor iniciado na porta 3000[39m
2026-05-21 16:32:53: ◇ injected env (4) from .env // tip: ⌘ enable debugging { debug: true }
2026-05-21 16:32:54: [35m [WEB] Servidor iniciado na porta 3000[39m
2026-05-21 16:32:59: ◇ injected env (4) from .env // tip: ⌘ multiple files { path: ['.env.local', '.env'] }
2026-05-21 16:33:01: [35m [WEB] Servidor iniciado na porta 3000[39m
2026-05-21 16:33:06: ◇ injected env (4) from .env // tip: ◈ encrypted .env [www.dotenvx.com]
2026-05-21 16:33:08: [35m [WEB] Servidor iniciado na porta 3000[39m
2026-05-21 16:33:13: ◇ injected env (4) from .env // tip: ⌘ override existing { override: true }
2026-05-21 16:33:14: [35m [WEB] Servidor iniciado na porta 3000[39m
2026-05-21 16:33:20: ◇ injected env (4) from .env // tip: ⌘ enable debugging { debug: true }
2026-05-21 16:33:21: [35m [WEB] Servidor iniciado na porta 3000[39m
2026-05-21 16:33:26: ◇ injected env (4) from .env // tip: ⌘ custom filepath { path: '/custom/path/.env' }
2026-05-21 16:33:28: [35m [WEB] Servidor iniciado na porta 3000[39m
2026-05-21 16:33:33: ◇ injected env (4) from .env // tip: ⌘ enable debugging { debug: true }
2026-05-21 16:33:34: [35m [WEB] Servidor iniciado na porta 3000[39m
2026-05-21 16:33:40: ◇ injected env (4) from .env // tip: ◈ encrypted .env [www.dotenvx.com]
2026-05-21 16:33:42: [35m [WEB] Servidor iniciado na porta 3000[39m
2026-05-21 16:33:47: ◇ injected env (4) from .env // tip: ⌘ custom filepath { path: '/custom/path/.env' }
2026-05-21 16:33:48: [35m [WEB] Servidor iniciado na porta 3000[39m
2026-05-21 16:33:54: ◇ injected env (4) from .env // tip: ◈ encrypted .env [www.dotenvx.com]
2026-05-21 16:33:55: [35m [WEB] Servidor iniciado na porta 3000[39m
2026-05-21 16:34:00: ◇ injected env (4) from .env // tip: ⌁ auth for agents [www.vestauth.com]
2026-05-21 16:34:02: [35m [WEB] Servidor iniciado na porta 3000[39m
2026-05-21 16:34:07: ◇ injected env (4) from .env // tip: ◈ secrets for agents [www.dotenvx.com]
2026-05-21 16:34:08: [35m [WEB] Servidor iniciado na porta 3000[39m
2026-05-21 16:34:14: ◇ injected env (4) from .env // tip: ⌘ custom filepath { path: '/custom/path/.env' }
2026-05-21 16:34:15: [35m [WEB] Servidor iniciado na porta 3000[39m
2026-05-21 16:34:20: ◇ injected env (4) from .env // tip: ◈ secrets for agents [www.dotenvx.com]
2026-05-21 16:34:22: [35m [WEB] Servidor iniciado na porta 3000[39m
2026-05-21 16:34:27: ◇ injected env (4) from .env // tip: ◈ secrets for agents [www.dotenvx.com]
2026-05-21 16:34:29: [35m [WEB] Servidor iniciado na porta 3000[39m
2026-05-21 16:34:34: ◇ injected env (4) from .env // tip: ⌘ enable debugging { debug: true }
2026-05-21 16:34:35: [35m [WEB] Servidor iniciado na porta 3000[39m
2026-05-21 16:34:41: ◇ injected env (4) from .env // tip: ⌘ override existing { override: true }
2026-05-21 16:34:42: [35m [WEB] Servidor iniciado na porta 3000[39m
2026-05-21 16:34:47: ◇ injected env (4) from .env // tip: ⌘ enable debugging { debug: true }
2026-05-21 16:34:49: [35m [WEB] Servidor iniciado na porta 3000[39m
2026-05-21 16:34:54: ◇ injected env (4) from .env // tip: ⌘ custom filepath { path: '/custom/path/.env' }
2026-05-21 16:34:56: [35m [WEB] Servidor iniciado na porta 3000[39m
2026-05-21 16:35:03: ◇ injected env (4) from .env // tip: ◈ encrypted .env [www.dotenvx.com]
2026-05-21 16:35:08: [35m [WEB] Servidor iniciado na porta 3000[39m
2026-05-21 16:35:13: ◇ injected env (4) from .env // tip: ◈ secrets for agents [www.dotenvx.com]
2026-05-21 16:35:14: [35m [WEB] Servidor iniciado na porta 3000[39m
2026-05-21 16:35:20: ◇ injected env (4) from .env // tip: ⌁ auth for agents [www.vestauth.com]
2026-05-21 16:35:21: [35m [WEB] Servidor iniciado na porta 3000[39m
2026-05-21 16:35:26: ◇ injected env (4) from .env // tip: ⌘ multiple files { path: ['.env.local', '.env'] }
2026-05-21 16:35:28: [35m [WEB] Servidor iniciado na porta 3000[39m
2026-05-21 16:35:33: ◇ injected env (4) from .env // tip: ⌘ enable debugging { debug: true }
2026-05-21 16:35:34: [35m [WEB] Servidor iniciado na porta 3000[39m
2026-05-21 16:35:39: ◇ injected env (4) from .env // tip: ⌘ multiple files { path: ['.env.local', '.env'] }
2026-05-21 16:35:41: [35m [WEB] Servidor iniciado na porta 3000[39m
2026-05-21 16:35:46: ◇ injected env (4) from .env // tip: ⌘ multiple files { path: ['.env.local', '.env'] }
2026-05-21 16:35:48: [35m [WEB] Servidor iniciado na porta 3000[39m
2026-05-21 16:35:53: ◇ injected env (4) from .env // tip: ⌘ override existing { override: true }
2026-05-21 16:35:54: [35m [WEB] Servidor iniciado na porta 3000[39m
2026-05-21 16:36:00: ◇ injected env (4) from .env // tip: ⌘ multiple files { path: ['.env.local', '.env'] }
2026-05-21 16:36:01: [35m [WEB] Servidor iniciado na porta 3000[39m
2026-05-21 16:36:06: ◇ injected env (4) from .env // tip: ⌘ suppress logs { quiet: true }
2026-05-21 16:36:08: [35m [WEB] Servidor iniciado na porta 3000[39m
2026-05-21 16:36:13: ◇ injected env (4) from .env // tip: ◈ encrypted .env [www.dotenvx.com]
2026-05-21 16:36:15: [35m [WEB] Servidor iniciado na porta 3000[39m
2026-05-21 16:36:20: ◇ injected env (4) from .env // tip: ◈ encrypted .env [www.dotenvx.com]
2026-05-21 16:36:21: [35m [WEB] Servidor iniciado na porta 3000[39m
2026-05-21 16:36:26: ◇ injected env (4) from .env // tip: ⌘ suppress logs { quiet: true }
2026-05-21 16:36:28: [35m [WEB] Servidor iniciado na porta 3000[39m
2026-05-21 16:36:33: ◇ injected env (4) from .env // tip: ◈ encrypted .env [www.dotenvx.com]
2026-05-21 16:36:35: [35m [WEB] Servidor iniciado na porta 3000[39m
2026-05-21 16:36:40: ◇ injected env (4) from .env // tip: ⌘ override existing { override: true }
2026-05-21 16:36:41: [35m [WEB] Servidor iniciado na porta 3000[39m
2026-05-21 16:36:47: ◇ injected env (4) from .env // tip: ◈ secrets for agents [www.dotenvx.com]
2026-05-21 16:36:48: [35m [WEB] Servidor iniciado na porta 3000[39m
2026-05-21 16:36:53: ◇ injected env (4) from .env // tip: ⌘ custom filepath { path: '/custom/path/.env' }
2026-05-21 16:36:55: [35m [WEB] Servidor iniciado na porta 3000[39m
2026-05-21 16:37:00: ◇ injected env (4) from .env // tip: ⌘ override existing { override: true }
2026-05-21 16:37:02: [35m [WEB] Servidor iniciado na porta 3000[39m
2026-05-21 16:37:07: ◇ injected env (4) from .env // tip: ◈ secrets for agents [www.dotenvx.com]
2026-05-21 16:37:09: [35m [WEB] Servidor iniciado na porta 3000[39m
2026-05-21 16:37:14: ◇ injected env (4) from .env // tip: ◈ encrypted .env [www.dotenvx.com]
2026-05-21 16:37:16: [35m [WEB] Servidor iniciado na porta 3000[39m
2026-05-21 16:37:22: ◇ injected env (4) from .env // tip: ⌘ override existing { override: true }
2026-05-21 16:37:23: [35m [WEB] Servidor iniciado na porta 3000[39m
2026-05-21 16:37:29: ◇ injected env (4) from .env // tip: ⌘ custom filepath { path: '/custom/path/.env' }
2026-05-21 16:37:31: [35m [WEB] Servidor iniciado na porta 3000[39m
2026-05-21 16:37:36: ◇ injected env (4) from .env // tip: ⌁ auth for agents [www.vestauth.com]
2026-05-21 16:37:37: [35m [WEB] Servidor iniciado na porta 3000[39m
2026-05-21 16:37:43: ◇ injected env (4) from .env // tip: ⌘ custom filepath { path: '/custom/path/.env' }
2026-05-21 16:37:44: [35m [WEB] Servidor iniciado na porta 3000[39m
2026-05-21 16:37:50: ◇ injected env (4) from .env // tip: ⌘ enable debugging { debug: true }
2026-05-21 16:37:51: [35m [WEB] Servidor iniciado na porta 3000[39m
2026-05-21 16:37:56: ◇ injected env (4) from .env // tip: ⌘ enable debugging { debug: true }
2026-05-21 16:37:58: [35m [WEB] Servidor iniciado na porta 3000[39m
2026-05-21 16:38:03: ◇ injected env (4) from .env // tip: ⌘ suppress logs { quiet: true }
2026-05-21 16:38:05: [35m [WEB] Servidor iniciado na porta 3000[39m
2026-05-21 16:38:10: ◇ injected env (4) from .env // tip: ⌘ multiple files { path: ['.env.local', '.env'] }
2026-05-21 16:38:11: [35m [WEB] Servidor iniciado na porta 3000[39m
2026-05-21 16:38:17: ◇ injected env (4) from .env // tip: ⌘ custom filepath { path: '/custom/path/.env' }
2026-05-21 16:38:18: [35m [WEB] Servidor iniciado na porta 3000[39m
2026-05-21 16:38:24: ◇ injected env (4) from .env // tip: ⌘ override existing { override: true }
2026-05-21 16:38:25: [35m [WEB] Servidor iniciado na porta 3000[39m
2026-05-21 16:38:30: ◇ injected env (4) from .env // tip: ⌘ override existing { override: true }
2026-05-21 16:38:32: [35m [WEB] Servidor iniciado na porta 3000[39m
2026-05-21 16:38:37: ◇ injected env (4) from .env // tip: ⌘ custom filepath { path: '/custom/path/.env' }
2026-05-21 16:38:39: [35m [WEB] Servidor iniciado na porta 3000[39m
2026-05-21 16:38:44: ◇ injected env (4) from .env // tip: ⌁ auth for agents [www.vestauth.com]
2026-05-21 16:38:45: [35m [WEB] Servidor iniciado na porta 3000[39m
2026-05-21 16:38:51: ◇ injected env (4) from .env // tip: ⌘ custom filepath { path: '/custom/path/.env' }
2026-05-21 16:38:52: [35m [WEB] Servidor iniciado na porta 3000[39m
2026-05-21 16:38:57: ◇ injected env (4) from .env // tip: ⌁ auth for agents [www.vestauth.com]
2026-05-21 16:38:59: [35m [WEB] Servidor iniciado na porta 3000[39m
2026-05-21 16:39:04: ◇ injected env (4) from .env // tip: ⌘ override existing { override: true }
2026-05-21 16:39:06: [35m [WEB] Servidor iniciado na porta 3000[39m
2026-05-21 16:39:11: ◇ injected env (4) from .env // tip: ⌘ multiple files { path: ['.env.local', '.env'] }
2026-05-21 16:39:13: [35m [WEB] Servidor iniciado na porta 3000[39m
2026-05-21 16:39:18: ◇ injected env (4) from .env // tip: ⌘ enable debugging { debug: true }
2026-05-21 16:39:19: [35m [WEB] Servidor iniciado na porta 3000[39m
2026-05-21 16:39:25: ◇ injected env (4) from .env // tip: ⌘ enable debugging { debug: true }
2026-05-21 16:39:26: [35m [WEB] Servidor iniciado na porta 3000[39m
2026-05-21 16:39:31: ◇ injected env (4) from .env // tip: ◈ encrypted .env [www.dotenvx.com]
2026-05-21 16:39:33: [35m [WEB] Servidor iniciado na porta 3000[39m
2026-05-21 16:39:38: ◇ injected env (4) from .env // tip: ⌁ auth for agents [www.vestauth.com]
2026-05-21 16:39:39: [35m [WEB] Servidor iniciado na porta 3000[39m
2026-05-21 16:39:45: ◇ injected env (4) from .env // tip: ⌘ enable debugging { debug: true }
2026-05-21 16:39:46: [35m [WEB] Servidor iniciado na porta 3000[39m
2026-05-21 16:39:52: ◇ injected env (4) from .env // tip: ⌘ enable debugging { debug: true }
2026-05-21 16:39:53: [35m [WEB] Servidor iniciado na porta 3000[39m
2026-05-21 16:39:58: ◇ injected env (4) from .env // tip: ⌘ suppress logs { quiet: true }
2026-05-21 16:39:59: [35m [WEB] Servidor iniciado na porta 3000[39m
2026-05-21 16:40:05: ◇ injected env (4) from .env // tip: ◈ encrypted .env [www.dotenvx.com]
2026-05-21 16:40:06: [35m [WEB] Servidor iniciado na porta 3000[39m
2026-05-21 16:40:11: ◇ injected env (4) from .env // tip: ⌘ custom filepath { path: '/custom/path/.env' }
2026-05-21 16:40:13: [35m [WEB] Servidor iniciado na porta 3000[39m
2026-05-21 16:40:18: ◇ injected env (4) from .env // tip: ⌘ enable debugging { debug: true }
2026-05-21 16:40:19: [35m [WEB] Servidor iniciado na porta 3000[39m
2026-05-21 16:40:25: ◇ injected env (4) from .env // tip: ⌘ multiple files { path: ['.env.local', '.env'] }
2026-05-21 16:40:26: [35m [WEB] Servidor iniciado na porta 3000[39m
2026-05-21 16:40:31: ◇ injected env (4) from .env // tip: ⌘ multiple files { path: ['.env.local', '.env'] }
2026-05-21 16:40:33: [35m [WEB] Servidor iniciado na porta 3000[39m
2026-05-21 16:40:38: ◇ injected env (4) from .env // tip: ◈ secrets for agents [www.dotenvx.com]
2026-05-21 16:40:39: [35m [WEB] Servidor iniciado na porta 3000[39m
2026-05-21 16:40:45: ◇ injected env (4) from .env // tip: ◈ encrypted .env [www.dotenvx.com]
2026-05-21 16:40:46: [35m [WEB] Servidor iniciado na porta 3000[39m
2026-05-21 16:40:51: ◇ injected env (4) from .env // tip: ⌘ multiple files { path: ['.env.local', '.env'] }
2026-05-21 16:40:53: [35m [WEB] Servidor iniciado na porta 3000[39m
2026-05-21 16:40:58: ◇ injected env (4) from .env // tip: ⌘ enable debugging { debug: true }
2026-05-21 16:40:59: [35m [WEB] Servidor iniciado na porta 3000[39m
2026-05-21 16:41:04: ◇ injected env (4) from .env // tip: ⌁ auth for agents [www.vestauth.com]
2026-05-21 16:41:06: [35m [WEB] Servidor iniciado na porta 3000[39m
2026-05-21 16:41:11: ◇ injected env (4) from .env // tip: ⌘ override existing { override: true }
2026-05-21 16:41:13: [35m [WEB] Servidor iniciado na porta 3000[39m
2026-05-21 16:41:18: ◇ injected env (4) from .env // tip: ⌘ multiple files { path: ['.env.local', '.env'] }
2026-05-21 16:41:19: [35m [WEB] Servidor iniciado na porta 3000[39m
2026-05-21 16:41:24: ◇ injected env (4) from .env // tip: ◈ encrypted .env [www.dotenvx.com]
2026-05-21 16:41:27: [35m [WEB] Servidor iniciado na porta 3000[39m
2026-05-21 16:41:32: ◇ injected env (4) from .env // tip: ⌘ enable debugging { debug: true }
2026-05-21 16:41:34: [35m [WEB] Servidor iniciado na porta 3000[39m
2026-05-21 16:41:39: ◇ injected env (4) from .env // tip: ⌘ suppress logs { quiet: true }
2026-05-21 16:41:40: [35m [WEB] Servidor iniciado na porta 3000[39m
2026-05-21 16:41:46: ◇ injected env (4) from .env // tip: ◈ secrets for agents [www.dotenvx.com]
2026-05-21 16:41:47: [35m [WEB] Servidor iniciado na porta 3000[39m
2026-05-21 16:41:53: ◇ injected env (4) from .env // tip: ◈ secrets for agents [www.dotenvx.com]
2026-05-21 16:41:54: [35m [WEB] Servidor iniciado na porta 3000[39m
2026-05-21 16:41:59: ◇ injected env (4) from .env // tip: ⌘ suppress logs { quiet: true }
2026-05-21 16:42:01: [35m [WEB] Servidor iniciado na porta 3000[39m
2026-05-21 16:42:06: ◇ injected env (4) from .env // tip: ◈ encrypted .env [www.dotenvx.com]
2026-05-21 16:42:07: [35m [WEB] Servidor iniciado na porta 3000[39m
2026-05-21 16:42:12: ◇ injected env (4) from .env // tip: ◈ secrets for agents [www.dotenvx.com]
2026-05-21 16:42:14: [35m [WEB] Servidor iniciado na porta 3000[39m
2026-05-21 16:42:19: ◇ injected env (4) from .env // tip: ◈ secrets for agents [www.dotenvx.com]
2026-05-21 16:42:21: [35m [WEB] Servidor iniciado na porta 3000[39m
2026-05-21 16:42:26: ◇ injected env (4) from .env // tip: ⌘ custom filepath { path: '/custom/path/.env' }
2026-05-21 16:42:27: [35m [WEB] Servidor iniciado na porta 3000[39m
2026-05-21 16:42:33: ◇ injected env (4) from .env // tip: ◈ encrypted .env [www.dotenvx.com]
2026-05-21 16:42:34: [35m [WEB] Servidor iniciado na porta 3000[39m
2026-05-21 16:42:39: ◇ injected env (4) from .env // tip: ◈ secrets for agents [www.dotenvx.com]
2026-05-21 16:42:41: [35m [WEB] Servidor iniciado na porta 3000[39m
2026-05-21 16:42:46: ◇ injected env (4) from .env // tip: ⌘ custom filepath { path: '/custom/path/.env' }
2026-05-21 16:42:47: [35m [WEB] Servidor iniciado na porta 3000[39m
2026-05-21 16:42:52: ◇ injected env (4) from .env // tip: ⌘ override existing { override: true }
2026-05-21 16:42:54: [35m [WEB] Servidor iniciado na porta 3000[39m
2026-05-21 16:42:59: ◇ injected env (4) from .env // tip: ◈ encrypted .env [www.dotenvx.com]
2026-05-21 16:43:01: [35m [WEB] Servidor iniciado na porta 3000[39m
2026-05-21 16:43:06: ◇ injected env (4) from .env // tip: ◈ encrypted .env [www.dotenvx.com]
2026-05-21 16:43:08: [35m [WEB] Servidor iniciado na porta 3000[39m
2026-05-21 16:43:13: ◇ injected env (4) from .env // tip: ◈ encrypted .env [www.dotenvx.com]
2026-05-21 16:43:14: [35m [WEB] Servidor iniciado na porta 3000[39m
2026-05-21 16:43:20: ◇ injected env (4) from .env // tip: ⌁ auth for agents [www.vestauth.com]
2026-05-21 16:43:21: [35m [WEB] Servidor iniciado na porta 3000[39m
2026-05-21 16:43:26: ◇ injected env (4) from .env // tip: ◈ encrypted .env [www.dotenvx.com]
2026-05-21 16:43:28: [35m [WEB] Servidor iniciado na porta 3000[39m
2026-05-21 16:43:33: ◇ injected env (4) from .env // tip: ⌘ multiple files { path: ['.env.local', '.env'] }
2026-05-21 16:43:34: [35m [WEB] Servidor iniciado na porta 3000[39m
2026-05-21 16:43:40: ◇ injected env (4) from .env // tip: ⌘ custom filepath { path: '/custom/path/.env' }
2026-05-21 16:43:41: [35m [WEB] Servidor iniciado na porta 3000[39m
2026-05-21 16:43:46: ◇ injected env (4) from .env // tip: ⌘ custom filepath { path: '/custom/path/.env' }
2026-05-21 16:43:48: [35m [WEB] Servidor iniciado na porta 3000[39m
2026-05-21 16:43:54: ◇ injected env (4) from .env // tip: ◈ encrypted .env [www.dotenvx.com]
2026-05-21 16:43:55: [35m [WEB] Servidor iniciado na porta 3000[39m
2026-05-21 16:44:01: ◇ injected env (4) from .env // tip: ⌁ auth for agents [www.vestauth.com]
2026-05-21 16:44:02: [35m [WEB] Servidor iniciado na porta 3000[39m
2026-05-21 16:44:07: ◇ injected env (4) from .env // tip: ◈ encrypted .env [www.dotenvx.com]
2026-05-21 16:44:10: [35m [WEB] Servidor iniciado na porta 3000[39m
2026-05-21 16:44:15: ◇ injected env (4) from .env // tip: ◈ secrets for agents [www.dotenvx.com]
2026-05-21 16:44:17: [35m [WEB] Servidor iniciado na porta 3000[39m
2026-05-21 16:44:22: ◇ injected env (4) from .env // tip: ◈ secrets for agents [www.dotenvx.com]
2026-05-21 16:44:24: [35m [WEB] Servidor iniciado na porta 3000[39m
2026-05-21 16:44:29: ◇ injected env (4) from .env // tip: ⌘ override existing { override: true }
2026-05-21 16:44:30: [35m [WEB] Servidor iniciado na porta 3000[39m
2026-05-21 16:44:35: ◇ injected env (4) from .env // tip: ◈ encrypted .env [www.dotenvx.com]
2026-05-21 16:44:37: [35m [WEB] Servidor iniciado na porta 3000[39m
2026-05-21 16:44:42: ◇ injected env (4) from .env // tip: ◈ secrets for agents [www.dotenvx.com]
2026-05-21 16:44:44: [35m [WEB] Servidor iniciado na porta 3000[39m
2026-05-21 16:44:49: ◇ injected env (4) from .env // tip: ⌘ custom filepath { path: '/custom/path/.env' }
2026-05-21 16:44:51: [35m [WEB] Servidor iniciado na porta 3000[39m
2026-05-21 16:44:56: ◇ injected env (4) from .env // tip: ⌘ enable debugging { debug: true }
2026-05-21 16:44:57: [35m [WEB] Servidor iniciado na porta 3000[39m
2026-05-21 16:45:03: ◇ injected env (4) from .env // tip: ◈ secrets for agents [www.dotenvx.com]
2026-05-21 16:45:04: [35m [WEB] Servidor iniciado na porta 3000[39m
2026-05-21 16:45:09: ◇ injected env (4) from .env // tip: ◈ encrypted .env [www.dotenvx.com]
2026-05-21 16:45:11: [35m [WEB] Servidor iniciado na porta 3000[39m
2026-05-21 16:45:16: ◇ injected env (4) from .env // tip: ⌁ auth for agents [www.vestauth.com]
2026-05-21 16:45:18: [35m [WEB] Servidor iniciado na porta 3000[39m
2026-05-21 16:45:23: ◇ injected env (4) from .env // tip: ⌘ override existing { override: true }
2026-05-21 16:45:25: [35m [WEB] Servidor iniciado na porta 3000[39m
2026-05-21 16:45:30: ◇ injected env (4) from .env // tip: ⌁ auth for agents [www.vestauth.com]
2026-05-21 16:45:31: [35m [WEB] Servidor iniciado na porta 3000[39m
2026-05-21 16:45:36: ◇ injected env (4) from .env // tip: ⌘ enable debugging { debug: true }
2026-05-21 16:45:38: [35m [WEB] Servidor iniciado na porta 3000[39m
2026-05-21 16:45:43: ◇ injected env (4) from .env // tip: ⌁ auth for agents [www.vestauth.com]
2026-05-21 16:45:45: [35m [WEB] Servidor iniciado na porta 3000[39m
2026-05-21 16:45:50: ◇ injected env (4) from .env // tip: ⌘ multiple files { path: ['.env.local', '.env'] }
2026-05-21 16:45:51: [35m [WEB] Servidor iniciado na porta 3000[39m
2026-05-21 16:45:56: ◇ injected env (4) from .env // tip: ⌁ auth for agents [www.vestauth.com]
2026-05-21 16:45:58: [35m [WEB] Servidor iniciado na porta 3000[39m
2026-05-21 16:46:03: ◇ injected env (4) from .env // tip: ⌘ custom filepath { path: '/custom/path/.env' }
2026-05-21 16:46:04: [35m [WEB] Servidor iniciado na porta 3000[39m
2026-05-21 16:46:10: ◇ injected env (4) from .env // tip: ⌘ enable debugging { debug: true }
2026-05-21 16:46:11: [35m [WEB] Servidor iniciado na porta 3000[39m
2026-05-21 16:46:16: ◇ injected env (4) from .env // tip: ◈ secrets for agents [www.dotenvx.com]
2026-05-21 16:46:18: [35m [WEB] Servidor iniciado na porta 3000[39m
2026-05-21 16:46:23: ◇ injected env (4) from .env // tip: ⌘ suppress logs { quiet: true }
2026-05-21 16:46:26: [35m [WEB] Servidor iniciado na porta 3000[39m
2026-05-21 16:46:31: ◇ injected env (4) from .env // tip: ⌘ multiple files { path: ['.env.local', '.env'] }
2026-05-21 16:46:33: [35m [WEB] Servidor iniciado na porta 3000[39m
2026-05-21 16:46:38: ◇ injected env (4) from .env // tip: ⌁ auth for agents [www.vestauth.com]
2026-05-21 16:46:39: [35m [WEB] Servidor iniciado na porta 3000[39m
2026-05-21 16:46:45: ◇ injected env (4) from .env // tip: ⌘ enable debugging { debug: true }
2026-05-21 16:46:46: [35m [WEB] Servidor iniciado na porta 3000[39m
2026-05-21 16:46:51: ◇ injected env (4) from .env // tip: ⌘ suppress logs { quiet: true }
2026-05-21 16:46:53: [35m [WEB] Servidor iniciado na porta 3000[39m
2026-05-21 16:46:58: ◇ injected env (4) from .env // tip: ⌘ enable debugging { debug: true }
2026-05-21 16:46:59: [35m [WEB] Servidor iniciado na porta 3000[39m
2026-05-21 16:47:05: ◇ injected env (4) from .env // tip: ⌘ suppress logs { quiet: true }
2026-05-21 16:47:06: [35m [WEB] Servidor iniciado na porta 3000[39m
2026-05-21 16:47:11: ◇ injected env (4) from .env // tip: ⌘ custom filepath { path: '/custom/path/.env' }
2026-05-21 16:47:13: [35m [WEB] Servidor iniciado na porta 3000[39m
2026-05-21 16:47:18: ◇ injected env (4) from .env // tip: ⌘ override existing { override: true }
2026-05-21 16:47:19: [35m [WEB] Servidor iniciado na porta 3000[39m
2026-05-21 16:47:25: ◇ injected env (4) from .env // tip: ⌘ multiple files { path: ['.env.local', '.env'] }
2026-05-21 16:47:27: [35m [WEB] Servidor iniciado na porta 3000[39m
2026-05-21 16:47:32: ◇ injected env (4) from .env // tip: ⌘ enable debugging { debug: true }
2026-05-21 16:47:34: [35m [WEB] Servidor iniciado na porta 3000[39m
2026-05-21 16:47:39: ◇ injected env (4) from .env // tip: ⌘ multiple files { path: ['.env.local', '.env'] }
2026-05-21 16:47:40: [35m [WEB] Servidor iniciado na porta 3000[39m
2026-05-21 16:47:46: ◇ injected env (4) from .env // tip: ⌘ multiple files { path: ['.env.local', '.env'] }
2026-05-21 16:47:47: [35m [WEB] Servidor iniciado na porta 3000[39m
2026-05-21 16:47:53: ◇ injected env (4) from .env // tip: ⌁ auth for agents [www.vestauth.com]
2026-05-21 16:47:54: [35m [WEB] Servidor iniciado na porta 3000[39m
2026-05-21 16:48:00: ◇ injected env (4) from .env // tip: ⌘ override existing { override: true }
2026-05-21 16:48:01: [35m [WEB] Servidor iniciado na porta 3000[39m
2026-05-21 16:48:07: ◇ injected env (4) from .env // tip: ◈ secrets for agents [www.dotenvx.com]
2026-05-21 16:48:08: [35m [WEB] Servidor iniciado na porta 3000[39m
2026-05-21 16:48:13: ◇ injected env (4) from .env // tip: ⌘ enable debugging { debug: true }
2026-05-21 16:48:15: [35m [WEB] Servidor iniciado na porta 3000[39m
2026-05-21 16:48:20: ◇ injected env (4) from .env // tip: ◈ encrypted .env [www.dotenvx.com]
2026-05-21 16:48:22: [35m [WEB] Servidor iniciado na porta 3000[39m
2026-05-21 16:48:27: ◇ injected env (4) from .env // tip: ⌘ custom filepath { path: '/custom/path/.env' }
2026-05-21 16:48:29: [35m [WEB] Servidor iniciado na porta 3000[39m
2026-05-21 16:48:34: ◇ injected env (4) from .env // tip: ⌘ suppress logs { quiet: true }
2026-05-21 16:48:35: [35m [WEB] Servidor iniciado na porta 3000[39m
2026-05-21 16:48:41: ◇ injected env (4) from .env // tip: ◈ secrets for agents [www.dotenvx.com]
2026-05-21 16:48:42: [35m [WEB] Servidor iniciado na porta 3000[39m
2026-05-21 16:48:48: ◇ injected env (4) from .env // tip: ⌘ override existing { override: true }
2026-05-21 16:48:50: [35m [WEB] Servidor iniciado na porta 3000[39m
2026-05-21 16:48:55: ◇ injected env (4) from .env // tip: ⌘ suppress logs { quiet: true }
2026-05-21 16:48:56: [35m [WEB] Servidor iniciado na porta 3000[39m
2026-05-21 16:49:01: ◇ injected env (4) from .env // tip: ◈ secrets for agents [www.dotenvx.com]
2026-05-21 16:49:03: [35m [WEB] Servidor iniciado na porta 3000[39m
2026-05-21 16:49:08: ◇ injected env (4) from .env // tip: ⌘ multiple files { path: ['.env.local', '.env'] }
2026-05-21 16:49:10: [35m [WEB] Servidor iniciado na porta 3000[39m
2026-05-21 16:49:15: ◇ injected env (4) from .env // tip: ⌘ enable debugging { debug: true }
2026-05-21 16:49:17: [35m [WEB] Servidor iniciado na porta 3000[39m
2026-05-21 16:49:22: ◇ injected env (4) from .env // tip: ⌘ override existing { override: true }
2026-05-21 16:49:24: [35m [WEB] Servidor iniciado na porta 3000[39m
2026-05-21 16:49:29: ◇ injected env (4) from .env // tip: ⌘ enable debugging { debug: true }
2026-05-21 16:49:31: [35m [WEB] Servidor iniciado na porta 3000[39m
2026-05-21 16:49:36: ◇ injected env (4) from .env // tip: ⌘ suppress logs { quiet: true }
2026-05-21 16:49:38: [35m [WEB] Servidor iniciado na porta 3000[39m
2026-05-21 16:49:43: ◇ injected env (4) from .env // tip: ⌁ auth for agents [www.vestauth.com]
2026-05-21 16:49:45: [35m [WEB] Servidor iniciado na porta 3000[39m
2026-05-21 16:49:51: ◇ injected env (4) from .env // tip: ⌘ enable debugging { debug: true }
2026-05-21 16:49:52: [35m [WEB] Servidor iniciado na porta 3000[39m
2026-05-21 16:49:58: ◇ injected env (4) from .env // tip: ⌘ enable debugging { debug: true }
2026-05-21 16:49:59: [35m [WEB] Servidor iniciado na porta 3000[39m
2026-05-21 16:50:05: ◇ injected env (4) from .env // tip: ◈ encrypted .env [www.dotenvx.com]
2026-05-21 16:50:07: [35m [WEB] Servidor iniciado na porta 3000[39m
2026-05-21 16:50:12: ◇ injected env (4) from .env // tip: ◈ secrets for agents [www.dotenvx.com]
2026-05-21 16:50:13: [35m [WEB] Servidor iniciado na porta 3000[39m
2026-05-21 16:50:19: ◇ injected env (4) from .env // tip: ◈ secrets for agents [www.dotenvx.com]
2026-05-21 16:50:20: [35m [WEB] Servidor iniciado na porta 3000[39m
2026-05-21 16:50:26: ◇ injected env (4) from .env // tip: ◈ encrypted .env [www.dotenvx.com]
2026-05-21 16:50:27: [35m [WEB] Servidor iniciado na porta 3000[39m
2026-05-21 16:50:32: ◇ injected env (4) from .env // tip: ⌘ override existing { override: true }
2026-05-21 16:50:34: [35m [WEB] Servidor iniciado na porta 3000[39m
2026-05-21 16:50:39: ◇ injected env (4) from .env // tip: ◈ secrets for agents [www.dotenvx.com]
2026-05-21 16:50:41: [35m [WEB] Servidor iniciado na porta 3000[39m
2026-05-21 16:50:46: ◇ injected env (4) from .env // tip: ⌁ auth for agents [www.vestauth.com]
2026-05-21 16:50:48: [35m [WEB] Servidor iniciado na porta 3000[39m
2026-05-21 16:50:53: ◇ injected env (4) from .env // tip: ⌘ override existing { override: true }
2026-05-21 16:50:55: [35m [WEB] Servidor iniciado na porta 3000[39m
2026-05-21 16:51:00: ◇ injected env (4) from .env // tip: ⌘ suppress logs { quiet: true }
2026-05-21 16:51:02: [35m [WEB] Servidor iniciado na porta 3000[39m
2026-05-21 16:51:07: ◇ injected env (4) from .env // tip: ⌘ multiple files { path: ['.env.local', '.env'] }
2026-05-21 16:51:09: [35m [WEB] Servidor iniciado na porta 3000[39m
2026-05-21 16:51:14: ◇ injected env (4) from .env // tip: ⌘ multiple files { path: ['.env.local', '.env'] }
2026-05-21 16:51:16: [35m [WEB] Servidor iniciado na porta 3000[39m
2026-05-21 16:51:21: ◇ injected env (4) from .env // tip: ⌁ auth for agents [www.vestauth.com]
2026-05-21 16:51:23: [35m [WEB] Servidor iniciado na porta 3000[39m
2026-05-21 16:51:28: ◇ injected env (4) from .env // tip: ⌘ suppress logs { quiet: true }
2026-05-21 16:51:30: [35m [WEB] Servidor iniciado na porta 3000[39m
2026-05-21 16:51:35: ◇ injected env (4) from .env // tip: ⌘ suppress logs { quiet: true }
2026-05-21 16:51:36: [35m [WEB] Servidor iniciado na porta 3000[39m
2026-05-21 16:51:41: ◇ injected env (4) from .env // tip: ⌘ multiple files { path: ['.env.local', '.env'] }
2026-05-21 16:51:43: [35m [WEB] Servidor iniciado na porta 3000[39m
2026-05-21 16:51:48: ◇ injected env (4) from .env // tip: ⌘ suppress logs { quiet: true }
2026-05-21 16:51:49: [35m [WEB] Servidor iniciado na porta 3000[39m
2026-05-21 16:51:55: ◇ injected env (4) from .env // tip: ⌘ custom filepath { path: '/custom/path/.env' }
2026-05-21 16:51:56: [35m [WEB] Servidor iniciado na porta 3000[39m
2026-05-21 16:52:02: ◇ injected env (4) from .env // tip: ⌘ suppress logs { quiet: true }
2026-05-21 16:52:03: [35m [WEB] Servidor iniciado na porta 3000[39m
2026-05-21 16:52:09: ◇ injected env (4) from .env // tip: ◈ encrypted .env [www.dotenvx.com]
2026-05-21 16:52:11: [35m [WEB] Servidor iniciado na porta 3000[39m
2026-05-21 16:52:16: ◇ injected env (4) from .env // tip: ⌘ multiple files { path: ['.env.local', '.env'] }
2026-05-21 16:52:18: [35m [WEB] Servidor iniciado na porta 3000[39m
2026-05-21 16:52:23: ◇ injected env (4) from .env // tip: ⌁ auth for agents [www.vestauth.com]
2026-05-21 16:52:24: [35m [WEB] Servidor iniciado na porta 3000[39m
2026-05-21 16:52:30: ◇ injected env (4) from .env // tip: ⌘ override existing { override: true }
2026-05-21 16:52:31: [35m [WEB] Servidor iniciado na porta 3000[39m
2026-05-21 16:52:37: ◇ injected env (4) from .env // tip: ◈ encrypted .env [www.dotenvx.com]
2026-05-21 16:52:38: [35m [WEB] Servidor iniciado na porta 3000[39m
2026-05-21 16:52:43: ◇ injected env (4) from .env // tip: ⌘ enable debugging { debug: true }
2026-05-21 16:52:45: [35m [WEB] Servidor iniciado na porta 3000[39m
2026-05-21 16:52:51: ◇ injected env (4) from .env // tip: ⌘ override existing { override: true }
2026-05-21 16:52:52: [35m [WEB] Servidor iniciado na porta 3000[39m
2026-05-21 16:52:57: ◇ injected env (4) from .env // tip: ◈ secrets for agents [www.dotenvx.com]
2026-05-21 16:52:59: [35m [WEB] Servidor iniciado na porta 3000[39m
2026-05-21 16:53:04: ◇ injected env (4) from .env // tip: ⌘ custom filepath { path: '/custom/path/.env' }
2026-05-21 16:53:05: [35m [WEB] Servidor iniciado na porta 3000[39m
2026-05-21 16:53:11: ◇ injected env (4) from .env // tip: ◈ secrets for agents [www.dotenvx.com]
2026-05-21 16:53:12: [35m [WEB] Servidor iniciado na porta 3000[39m
2026-05-21 16:53:17: ◇ injected env (4) from .env // tip: ⌘ suppress logs { quiet: true }
2026-05-21 16:53:19: [35m [WEB] Servidor iniciado na porta 3000[39m
2026-05-21 16:53:24: ◇ injected env (4) from .env // tip: ⌁ auth for agents [www.vestauth.com]
2026-05-21 16:53:25: [35m [WEB] Servidor iniciado na porta 3000[39m
2026-05-21 16:53:31: ◇ injected env (4) from .env // tip: ⌘ custom filepath { path: '/custom/path/.env' }
2026-05-21 16:53:32: [35m [WEB] Servidor iniciado na porta 3000[39m
2026-05-21 16:53:37: ◇ injected env (4) from .env // tip: ⌘ custom filepath { path: '/custom/path/.env' }
2026-05-21 16:53:39: [35m [WEB] Servidor iniciado na porta 3000[39m
2026-05-21 16:53:44: ◇ injected env (4) from .env // tip: ⌘ override existing { override: true }
2026-05-21 16:53:46: [35m [WEB] Servidor iniciado na porta 3000[39m
2026-05-21 16:53:51: ◇ injected env (4) from .env // tip: ⌘ suppress logs { quiet: true }
2026-05-21 16:53:52: [35m [WEB] Servidor iniciado na porta 3000[39m
2026-05-21 16:53:57: ◇ injected env (4) from .env // tip: ⌘ override existing { override: true }
2026-05-21 16:53:59: [35m [WEB] Servidor iniciado na porta 3000[39m
2026-05-21 16:54:04: ◇ injected env (4) from .env // tip: ◈ encrypted .env [www.dotenvx.com]
2026-05-21 16:54:06: [35m [WEB] Servidor iniciado na porta 3000[39m
2026-05-21 16:54:11: ◇ injected env (4) from .env // tip: ⌘ enable debugging { debug: true }
2026-05-21 16:54:12: [35m [WEB] Servidor iniciado na porta 3000[39m
2026-05-21 16:54:18: ◇ injected env (4) from .env // tip: ⌁ auth for agents [www.vestauth.com]
2026-05-21 16:54:19: [35m [WEB] Servidor iniciado na porta 3000[39m
2026-05-21 16:54:24: ◇ injected env (4) from .env // tip: ⌘ suppress logs { quiet: true }
2026-05-21 16:54:26: [35m [WEB] Servidor iniciado na porta 3000[39m
2026-05-21 16:54:31: ◇ injected env (4) from .env // tip: ⌁ auth for agents [www.vestauth.com]
2026-05-21 16:54:32: [35m [WEB] Servidor iniciado na porta 3000[39m
2026-05-21 16:54:38: ◇ injected env (4) from .env // tip: ⌘ enable debugging { debug: true }
2026-05-21 16:54:39: [35m [WEB] Servidor iniciado na porta 3000[39m
2026-05-21 16:54:44: ◇ injected env (4) from .env // tip: ⌘ override existing { override: true }
2026-05-21 16:54:46: [35m [WEB] Servidor iniciado na porta 3000[39m
2026-05-21 16:54:52: ◇ injected env (4) from .env // tip: ◈ secrets for agents [www.dotenvx.com]
2026-05-21 16:54:53: [35m [WEB] Servidor iniciado na porta 3000[39m
2026-05-21 16:54:58: ◇ injected env (4) from .env // tip: ⌘ multiple files { path: ['.env.local', '.env'] }
2026-05-21 16:55:00: [35m [WEB] Servidor iniciado na porta 3000[39m
2026-05-21 16:55:05: ◇ injected env (4) from .env // tip: ⌘ custom filepath { path: '/custom/path/.env' }
2026-05-21 16:55:07: [35m [WEB] Servidor iniciado na porta 3000[39m
2026-05-21 16:55:12: ◇ injected env (4) from .env // tip: ⌘ enable debugging { debug: true }
2026-05-21 16:55:14: [35m [WEB] Servidor iniciado na porta 3000[39m
2026-05-21 16:55:19: ◇ injected env (4) from .env // tip: ⌘ override existing { override: true }
2026-05-21 16:55:21: [35m [WEB] Servidor iniciado na porta 3000[39m
2026-05-21 16:55:26: ◇ injected env (4) from .env // tip: ◈ secrets for agents [www.dotenvx.com]
2026-05-21 16:55:28: [35m [WEB] Servidor iniciado na porta 3000[39m
2026-05-21 16:55:33: ◇ injected env (4) from .env // tip: ⌘ enable debugging { debug: true }
2026-05-21 16:55:34: [35m [WEB] Servidor iniciado na porta 3000[39m
2026-05-21 16:55:40: ◇ injected env (4) from .env // tip: ⌘ suppress logs { quiet: true }
2026-05-21 16:55:41: [35m [WEB] Servidor iniciado na porta 3000[39m
2026-05-21 16:55:46: ◇ injected env (4) from .env // tip: ⌘ custom filepath { path: '/custom/path/.env' }
2026-05-21 16:55:48: [35m [WEB] Servidor iniciado na porta 3000[39m
2026-05-21 16:55:53: ◇ injected env (4) from .env // tip: ⌘ enable debugging { debug: true }
2026-05-21 16:55:55: [35m [WEB] Servidor iniciado na porta 3000[39m
2026-05-21 16:56:01: ◇ injected env (4) from .env // tip: ◈ secrets for agents [www.dotenvx.com]
2026-05-21 16:56:02: [35m [WEB] Servidor iniciado na porta 3000[39m
2026-05-21 16:56:07: ◇ injected env (4) from .env // tip: ⌘ override existing { override: true }
2026-05-21 16:56:09: [35m [WEB] Servidor iniciado na porta 3000[39m
2026-05-21 16:56:14: ◇ injected env (4) from .env // tip: ◈ secrets for agents [www.dotenvx.com]
2026-05-21 16:56:16: [35m [WEB] Servidor iniciado na porta 3000[39m
2026-05-21 16:56:21: ◇ injected env (4) from .env // tip: ⌘ custom filepath { path: '/custom/path/.env' }
2026-05-21 16:56:22: [35m [WEB] Servidor iniciado na porta 3000[39m
2026-05-21 16:56:27: ◇ injected env (4) from .env // tip: ⌘ override existing { override: true }
2026-05-21 16:56:30: [35m [WEB] Servidor iniciado na porta 3000[39m
2026-05-21 16:56:35: ◇ injected env (4) from .env // tip: ⌘ suppress logs { quiet: true }
2026-05-21 16:56:37: [35m [WEB] Servidor iniciado na porta 3000[39m
2026-05-21 16:56:42: ◇ injected env (4) from .env // tip: ⌘ custom filepath { path: '/custom/path/.env' }
2026-05-21 16:56:44: [35m [WEB] Servidor iniciado na porta 3000[39m
2026-05-21 16:56:49: ◇ injected env (4) from .env // tip: ⌁ auth for agents [www.vestauth.com]
2026-05-21 16:56:50: [35m [WEB] Servidor iniciado na porta 3000[39m
2026-05-21 16:56:56: ◇ injected env (4) from .env // tip: ◈ encrypted .env [www.dotenvx.com]
2026-05-21 16:56:57: [35m [WEB] Servidor iniciado na porta 3000[39m
2026-05-21 16:57:02: ◇ injected env (4) from .env // tip: ⌘ suppress logs { quiet: true }
2026-05-21 16:57:04: [35m [WEB] Servidor iniciado na porta 3000[39m
2026-05-21 16:57:09: ◇ injected env (4) from .env // tip: ⌁ auth for agents [www.vestauth.com]
2026-05-21 16:57:11: [35m [WEB] Servidor iniciado na porta 3000[39m
2026-05-21 16:57:16: ◇ injected env (4) from .env // tip: ⌘ override existing { override: true }
2026-05-21 16:57:18: [35m [WEB] Servidor iniciado na porta 3000[39m
2026-05-21 16:57:23: ◇ injected env (4) from .env // tip: ⌘ multiple files { path: ['.env.local', '.env'] }
2026-05-21 16:57:25: [35m [WEB] Servidor iniciado na porta 3000[39m
2026-05-21 16:57:30: ◇ injected env (4) from .env // tip: ⌁ auth for agents [www.vestauth.com]
2026-05-21 16:57:31: [35m [WEB] Servidor iniciado na porta 3000[39m
2026-05-21 16:57:36: ◇ injected env (4) from .env // tip: ⌘ suppress logs { quiet: true }
2026-05-21 16:57:38: [35m [WEB] Servidor iniciado na porta 3000[39m
2026-05-21 16:57:43: ◇ injected env (4) from .env // tip: ⌘ enable debugging { debug: true }
2026-05-21 16:57:45: [35m [WEB] Servidor iniciado na porta 3000[39m
2026-05-21 16:57:50: ◇ injected env (4) from .env // tip: ⌘ enable debugging { debug: true }
2026-05-21 16:57:51: [35m [WEB] Servidor iniciado na porta 3000[39m
2026-05-21 16:57:56: ◇ injected env (4) from .env // tip: ⌘ override existing { override: true }
2026-05-21 16:57:59: [35m [WEB] Servidor iniciado na porta 3000[39m
2026-05-21 16:58:04: ◇ injected env (4) from .env // tip: ⌘ suppress logs { quiet: true }
2026-05-21 16:58:07: [35m [WEB] Servidor iniciado na porta 3000[39m
2026-05-21 16:58:12: ◇ injected env (4) from .env // tip: ⌘ multiple files { path: ['.env.local', '.env'] }
2026-05-21 16:58:14: [35m [WEB] Servidor iniciado na porta 3000[39m
2026-05-21 16:58:19: ◇ injected env (4) from .env // tip: ⌁ auth for agents [www.vestauth.com]
2026-05-21 16:58:21: [35m [WEB] Servidor iniciado na porta 3000[39m
2026-05-21 16:58:26: ◇ injected env (4) from .env // tip: ⌘ multiple files { path: ['.env.local', '.env'] }
2026-05-21 16:58:28: [35m [WEB] Servidor iniciado na porta 3000[39m
2026-05-21 16:58:33: ◇ injected env (4) from .env // tip: ⌘ enable debugging { debug: true }
2026-05-21 16:58:35: [35m [WEB] Servidor iniciado na porta 3000[39m
2026-05-21 16:58:40: ◇ injected env (4) from .env // tip: ⌘ suppress logs { quiet: true }
2026-05-21 16:58:41: [35m [WEB] Servidor iniciado na porta 3000[39m
2026-05-21 16:58:47: ◇ injected env (4) from .env // tip: ⌘ custom filepath { path: '/custom/path/.env' }
2026-05-21 16:58:48: [35m [WEB] Servidor iniciado na porta 3000[39m
2026-05-21 16:58:53: ◇ injected env (4) from .env // tip: ⌘ override existing { override: true }
2026-05-21 16:58:55: [35m [WEB] Servidor iniciado na porta 3000[39m
2026-05-21 16:59:00: ◇ injected env (4) from .env // tip: ⌘ override existing { override: true }
2026-05-21 16:59:02: [35m [WEB] Servidor iniciado na porta 3000[39m
2026-05-21 16:59:07: ◇ injected env (4) from .env // tip: ⌘ multiple files { path: ['.env.local', '.env'] }
2026-05-21 16:59:08: [35m [WEB] Servidor iniciado na porta 3000[39m
2026-05-21 16:59:14: ◇ injected env (4) from .env // tip: ⌘ override existing { override: true }
2026-05-21 16:59:15: [35m [WEB] Servidor iniciado na porta 3000[39m
2026-05-21 16:59:20: ◇ injected env (4) from .env // tip: ◈ secrets for agents [www.dotenvx.com]
2026-05-21 16:59:22: [35m [WEB] Servidor iniciado na porta 3000[39m
2026-05-21 16:59:27: ◇ injected env (4) from .env // tip: ⌘ suppress logs { quiet: true }
2026-05-21 16:59:29: [35m [WEB] Servidor iniciado na porta 3000[39m
2026-05-21 16:59:34: ◇ injected env (4) from .env // tip: ⌘ multiple files { path: ['.env.local', '.env'] }
2026-05-21 16:59:35: [35m [WEB] Servidor iniciado na porta 3000[39m
2026-05-21 16:59:40: ◇ injected env (4) from .env // tip: ⌘ enable debugging { debug: true }
2026-05-21 16:59:42: [35m [WEB] Servidor iniciado na porta 3000[39m
2026-05-21 16:59:47: ◇ injected env (4) from .env // tip: ⌘ suppress logs { quiet: true }
2026-05-21 16:59:48: [35m [WEB] Servidor iniciado na porta 3000[39m
2026-05-21 16:59:53: ◇ injected env (4) from .env // tip: ⌘ override existing { override: true }
2026-05-21 16:59:55: [35m [WEB] Servidor iniciado na porta 3000[39m
2026-05-21 17:00:00: ◇ injected env (4) from .env // tip: ⌁ auth for agents [www.vestauth.com]
2026-05-21 17:00:01: [35m [WEB] Servidor iniciado na porta 3000[39m
2026-05-21 17:00:07: ◇ injected env (4) from .env // tip: ◈ encrypted .env [www.dotenvx.com]
2026-05-21 17:00:08: [35m [WEB] Servidor iniciado na porta 3000[39m
2026-05-21 17:00:13: ◇ injected env (4) from .env // tip: ◈ encrypted .env [www.dotenvx.com]
2026-05-21 17:00:15: [35m [WEB] Servidor iniciado na porta 3000[39m
2026-05-21 17:00:20: ◇ injected env (4) from .env // tip: ◈ secrets for agents [www.dotenvx.com]
2026-05-21 17:00:22: [35m [WEB] Servidor iniciado na porta 3000[39m
2026-05-21 17:00:27: ◇ injected env (4) from .env // tip: ◈ secrets for agents [www.dotenvx.com]
2026-05-21 17:00:28: [35m [WEB] Servidor iniciado na porta 3000[39m
2026-05-21 17:00:34: ◇ injected env (4) from .env // tip: ⌘ custom filepath { path: '/custom/path/.env' }
2026-05-21 17:00:35: [35m [WEB] Servidor iniciado na porta 3000[39m
2026-05-21 17:00:40: ◇ injected env (4) from .env // tip: ◈ secrets for agents [www.dotenvx.com]
2026-05-21 17:00:42: [35m [WEB] Servidor iniciado na porta 3000[39m
2026-05-21 17:00:47: ◇ injected env (4) from .env // tip: ◈ secrets for agents [www.dotenvx.com]
2026-05-21 17:00:48: [35m [WEB] Servidor iniciado na porta 3000[39m
2026-05-21 17:00:54: ◇ injected env (4) from .env // tip: ⌁ auth for agents [www.vestauth.com]
2026-05-21 17:00:55: [35m [WEB] Servidor iniciado na porta 3000[39m
2026-05-21 17:01:00: ◇ injected env (4) from .env // tip: ⌘ enable debugging { debug: true }
2026-05-21 17:01:02: [35m [WEB] Servidor iniciado na porta 3000[39m
2026-05-21 17:01:07: ◇ injected env (4) from .env // tip: ⌘ custom filepath { path: '/custom/path/.env' }
2026-05-21 17:01:09: [35m [WEB] Servidor iniciado na porta 3000[39m
2026-05-21 17:01:14: ◇ injected env (4) from .env // tip: ⌘ suppress logs { quiet: true }
2026-05-21 17:01:16: [35m [WEB] Servidor iniciado na porta 3000[39m
2026-05-21 17:01:21: ◇ injected env (4) from .env // tip: ⌘ multiple files { path: ['.env.local', '.env'] }
2026-05-21 17:01:23: [35m [WEB] Servidor iniciado na porta 3000[39m
2026-05-21 17:01:28: ◇ injected env (4) from .env // tip: ⌘ suppress logs { quiet: true }
2026-05-21 17:01:29: [35m [WEB] Servidor iniciado na porta 3000[39m
2026-05-21 17:01:35: ◇ injected env (4) from .env // tip: ⌘ override existing { override: true }
2026-05-21 17:01:36: [35m [WEB] Servidor iniciado na porta 3000[39m
2026-05-21 17:01:41: ◇ injected env (4) from .env // tip: ⌁ auth for agents [www.vestauth.com]
2026-05-21 17:01:43: [35m [WEB] Servidor iniciado na porta 3000[39m
2026-05-21 17:01:48: ◇ injected env (4) from .env // tip: ◈ encrypted .env [www.dotenvx.com]
2026-05-21 17:01:49: [35m [WEB] Servidor iniciado na porta 3000[39m
2026-05-21 17:01:55: ◇ injected env (4) from .env // tip: ⌘ multiple files { path: ['.env.local', '.env'] }
2026-05-21 17:01:56: [35m [WEB] Servidor iniciado na porta 3000[39m
2026-05-21 17:02:01: ◇ injected env (4) from .env // tip: ◈ encrypted .env [www.dotenvx.com]
2026-05-21 17:02:03: [35m [WEB] Servidor iniciado na porta 3000[39m
2026-05-21 17:02:09: ◇ injected env (4) from .env // tip: ⌘ override existing { override: true }
2026-05-21 17:02:10: [35m [WEB] Servidor iniciado na porta 3000[39m
2026-05-21 17:02:15: ◇ injected env (4) from .env // tip: ◈ encrypted .env [www.dotenvx.com]
2026-05-21 17:02:18: [35m [WEB] Servidor iniciado na porta 3000[39m
2026-05-21 17:02:23: ◇ injected env (4) from .env // tip: ⌘ override existing { override: true }
2026-05-21 17:02:25: [35m [WEB] Servidor iniciado na porta 3000[39m
2026-05-21 17:02:30: ◇ injected env (4) from .env // tip: ⌘ suppress logs { quiet: true }
2026-05-21 17:02:32: [35m [WEB] Servidor iniciado na porta 3000[39m
2026-05-21 17:02:37: ◇ injected env (4) from .env // tip: ⌘ multiple files { path: ['.env.local', '.env'] }
2026-05-21 17:02:39: [35m [WEB] Servidor iniciado na porta 3000[39m
2026-05-21 17:02:44: ◇ injected env (4) from .env // tip: ⌁ auth for agents [www.vestauth.com]
2026-05-21 17:02:45: [35m [WEB] Servidor iniciado na porta 3000[39m
2026-05-21 17:02:51: ◇ injected env (4) from .env // tip: ◈ encrypted .env [www.dotenvx.com]
2026-05-21 17:02:52: [35m [WEB] Servidor iniciado na porta 3000[39m
2026-05-21 17:02:57: ◇ injected env (4) from .env // tip: ◈ encrypted .env [www.dotenvx.com]
2026-05-21 17:02:59: [35m [WEB] Servidor iniciado na porta 3000[39m
2026-05-21 17:03:04: ◇ injected env (4) from .env // tip: ◈ encrypted .env [www.dotenvx.com]
2026-05-21 17:03:06: [35m [WEB] Servidor iniciado na porta 3000[39m
2026-05-21 17:03:11: ◇ injected env (4) from .env // tip: ◈ secrets for agents [www.dotenvx.com]
2026-05-21 17:03:13: [35m [WEB] Servidor iniciado na porta 3000[39m
2026-05-21 17:03:18: ◇ injected env (4) from .env // tip: ⌘ custom filepath { path: '/custom/path/.env' }
2026-05-21 17:03:20: [35m [WEB] Servidor iniciado na porta 3000[39m
2026-05-21 17:03:25: ◇ injected env (4) from .env // tip: ⌘ custom filepath { path: '/custom/path/.env' }
2026-05-21 17:03:26: [35m [WEB] Servidor iniciado na porta 3000[39m
2026-05-21 17:03:31: ◇ injected env (4) from .env // tip: ◈ encrypted .env [www.dotenvx.com]
2026-05-21 17:03:33: [35m [WEB] Servidor iniciado na porta 3000[39m
2026-05-21 17:03:38: ◇ injected env (4) from .env // tip: ◈ secrets for agents [www.dotenvx.com]
2026-05-21 17:03:40: [35m [WEB] Servidor iniciado na porta 3000[39m
2026-05-21 17:03:45: ◇ injected env (4) from .env // tip: ◈ encrypted .env [www.dotenvx.com]
2026-05-21 17:03:46: [35m [WEB] Servidor iniciado na porta 3000[39m
2026-05-21 17:03:52: ◇ injected env (4) from .env // tip: ◈ secrets for agents [www.dotenvx.com]
2026-05-21 17:03:53: [35m [WEB] Servidor iniciado na porta 3000[39m
2026-05-21 17:03:58: ◇ injected env (4) from .env // tip: ◈ encrypted .env [www.dotenvx.com]
2026-05-21 17:04:00: [35m [WEB] Servidor iniciado na porta 3000[39m
2026-05-21 17:04:05: ◇ injected env (4) from .env // tip: ⌘ custom filepath { path: '/custom/path/.env' }
2026-05-21 17:04:07: [35m [WEB] Servidor iniciado na porta 3000[39m
2026-05-21 17:04:12: ◇ injected env (4) from .env // tip: ◈ secrets for agents [www.dotenvx.com]
2026-05-21 17:04:14: [35m [WEB] Servidor iniciado na porta 3000[39m
2026-05-21 17:04:19: ◇ injected env (4) from .env // tip: ⌁ auth for agents [www.vestauth.com]
2026-05-21 17:04:21: [35m [WEB] Servidor iniciado na porta 3000[39m
2026-05-21 17:04:26: ◇ injected env (4) from .env // tip: ◈ encrypted .env [www.dotenvx.com]
2026-05-21 17:04:27: [35m [WEB] Servidor iniciado na porta 3000[39m
2026-05-21 17:04:33: ◇ injected env (4) from .env // tip: ⌁ auth for agents [www.vestauth.com]
2026-05-21 17:04:34: [35m [WEB] Servidor iniciado na porta 3000[39m
2026-05-21 17:04:39: ◇ injected env (4) from .env // tip: ⌁ auth for agents [www.vestauth.com]
2026-05-21 17:04:41: [35m [WEB] Servidor iniciado na porta 3000[39m
2026-05-21 17:04:46: ◇ injected env (4) from .env // tip: ◈ encrypted .env [www.dotenvx.com]
2026-05-21 17:04:47: [35m [WEB] Servidor iniciado na porta 3000[39m
2026-05-21 17:04:52: ◇ injected env (4) from .env // tip: ⌘ custom filepath { path: '/custom/path/.env' }
2026-05-21 17:04:54: [35m [WEB] Servidor iniciado na porta 3000[39m
2026-05-21 17:04:59: ◇ injected env (4) from .env // tip: ⌘ suppress logs { quiet: true }
2026-05-21 17:05:00: [35m [WEB] Servidor iniciado na porta 3000[39m
2026-05-21 17:05:06: ◇ injected env (4) from .env // tip: ⌘ enable debugging { debug: true }
2026-05-21 17:05:07: [35m [WEB] Servidor iniciado na porta 3000[39m
2026-05-21 17:05:12: ◇ injected env (4) from .env // tip: ◈ encrypted .env [www.dotenvx.com]
2026-05-21 17:05:14: [35m [WEB] Servidor iniciado na porta 3000[39m
2026-05-21 17:05:19: ◇ injected env (4) from .env // tip: ◈ encrypted .env [www.dotenvx.com]
2026-05-21 17:05:20: [35m [WEB] Servidor iniciado na porta 3000[39m
2026-05-21 17:05:26: ◇ injected env (4) from .env // tip: ⌁ auth for agents [www.vestauth.com]
2026-05-21 17:05:27: [35m [WEB] Servidor iniciado na porta 3000[39m
2026-05-21 17:05:32: ◇ injected env (4) from .env // tip: ⌘ multiple files { path: ['.env.local', '.env'] }
2026-05-21 17:05:34: [35m [WEB] Servidor iniciado na porta 3000[39m
2026-05-21 17:05:39: ◇ injected env (4) from .env // tip: ◈ encrypted .env [www.dotenvx.com]
2026-05-21 17:05:40: [35m [WEB] Servidor iniciado na porta 3000[39m
2026-05-21 17:05:45: ◇ injected env (4) from .env // tip: ⌁ auth for agents [www.vestauth.com]
2026-05-21 17:05:47: [35m [WEB] Servidor iniciado na porta 3000[39m
2026-05-21 17:05:52: ◇ injected env (4) from .env // tip: ⌁ auth for agents [www.vestauth.com]
2026-05-21 17:05:54: [35m [WEB] Servidor iniciado na porta 3000[39m
2026-05-21 17:05:59: ◇ injected env (4) from .env // tip: ⌁ auth for agents [www.vestauth.com]
2026-05-21 17:06:01: [35m [WEB] Servidor iniciado na porta 3000[39m
2026-05-21 17:06:06: ◇ injected env (4) from .env // tip: ⌘ suppress logs { quiet: true }
2026-05-21 17:06:07: [35m [WEB] Servidor iniciado na porta 3000[39m
2026-05-21 17:06:13: ◇ injected env (4) from .env // tip: ◈ encrypted .env [www.dotenvx.com]
2026-05-21 17:06:15: [35m [WEB] Servidor iniciado na porta 3000[39m
2026-05-21 17:06:20: ◇ injected env (4) from .env // tip: ⌘ multiple files { path: ['.env.local', '.env'] }
2026-05-21 17:06:21: [35m [WEB] Servidor iniciado na porta 3000[39m
2026-05-21 17:06:27: ◇ injected env (4) from .env // tip: ⌘ multiple files { path: ['.env.local', '.env'] }
2026-05-21 17:06:28: [35m [WEB] Servidor iniciado na porta 3000[39m
2026-05-21 17:06:33: ◇ injected env (4) from .env // tip: ⌘ suppress logs { quiet: true }
2026-05-21 17:06:35: [35m [WEB] Servidor iniciado na porta 3000[39m
2026-05-21 17:06:40: ◇ injected env (4) from .env // tip: ◈ secrets for agents [www.dotenvx.com]
2026-05-21 17:06:41: [35m [WEB] Servidor iniciado na porta 3000[39m
2026-05-21 17:06:47: ◇ injected env (4) from .env // tip: ⌁ auth for agents [www.vestauth.com]
2026-05-21 17:06:48: [35m [WEB] Servidor iniciado na porta 3000[39m
2026-05-21 17:06:53: ◇ injected env (4) from .env // tip: ⌁ auth for agents [www.vestauth.com]
2026-05-21 17:06:54: [35m [WEB] Servidor iniciado na porta 3000[39m
2026-05-21 17:07:00: ◇ injected env (4) from .env // tip: ◈ encrypted .env [www.dotenvx.com]
2026-05-21 17:07:01: [35m [WEB] Servidor iniciado na porta 3000[39m
2026-05-21 17:07:06: ◇ injected env (4) from .env // tip: ⌘ suppress logs { quiet: true }
2026-05-21 17:07:08: [35m [WEB] Servidor iniciado na porta 3000[39m
2026-05-21 17:07:13: ◇ injected env (4) from .env // tip: ⌁ auth for agents [www.vestauth.com]
2026-05-21 17:07:14: [35m [WEB] Servidor iniciado na porta 3000[39m
2026-05-21 17:07:19: ◇ injected env (4) from .env // tip: ◈ encrypted .env [www.dotenvx.com]
2026-05-21 17:07:21: [35m [WEB] Servidor iniciado na porta 3000[39m
2026-05-21 17:07:26: ◇ injected env (4) from .env // tip: ⌘ enable debugging { debug: true }
2026-05-21 17:07:27: [35m [WEB] Servidor iniciado na porta 3000[39m
2026-05-21 17:07:33: ◇ injected env (4) from .env // tip: ⌘ suppress logs { quiet: true }
2026-05-21 17:07:34: [35m [WEB] Servidor iniciado na porta 3000[39m
2026-05-21 17:07:39: ◇ injected env (4) from .env // tip: ◈ secrets for agents [www.dotenvx.com]
2026-05-21 17:07:41: [35m [WEB] Servidor iniciado na porta 3000[39m
2026-05-21 17:07:46: ◇ injected env (4) from .env // tip: ⌘ multiple files { path: ['.env.local', '.env'] }
2026-05-21 17:07:47: [35m [WEB] Servidor iniciado na porta 3000[39m
2026-05-21 17:07:52: ◇ injected env (4) from .env // tip: ◈ encrypted .env [www.dotenvx.com]
2026-05-21 17:07:54: [35m [WEB] Servidor iniciado na porta 3000[39m
2026-05-21 17:07:59: ◇ injected env (4) from .env // tip: ◈ encrypted .env [www.dotenvx.com]
2026-05-21 17:08:00: [35m [WEB] Servidor iniciado na porta 3000[39m
2026-05-21 17:08:05: ◇ injected env (4) from .env // tip: ⌘ multiple files { path: ['.env.local', '.env'] }
2026-05-21 17:08:07: [35m [WEB] Servidor iniciado na porta 3000[39m
2026-05-21 17:08:12: ◇ injected env (4) from .env // tip: ◈ encrypted .env [www.dotenvx.com]
2026-05-21 17:08:13: [35m [WEB] Servidor iniciado na porta 3000[39m
2026-05-21 17:08:19: ◇ injected env (4) from .env // tip: ◈ encrypted .env [www.dotenvx.com]
2026-05-21 17:08:20: [35m [WEB] Servidor iniciado na porta 3000[39m
2026-05-21 17:08:25: ◇ injected env (4) from .env // tip: ◈ secrets for agents [www.dotenvx.com]
2026-05-21 17:08:27: [35m [WEB] Servidor iniciado na porta 3000[39m
2026-05-21 17:08:32: ◇ injected env (4) from .env // tip: ◈ secrets for agents [www.dotenvx.com]
2026-05-21 17:08:33: [35m [WEB] Servidor iniciado na porta 3000[39m
2026-05-21 17:08:38: ◇ injected env (4) from .env // tip: ◈ encrypted .env [www.dotenvx.com]
2026-05-21 17:08:40: [35m [WEB] Servidor iniciado na porta 3000[39m
2026-05-21 17:08:45: ◇ injected env (4) from .env // tip: ⌘ override existing { override: true }
2026-05-21 17:08:46: [35m [WEB] Servidor iniciado na porta 3000[39m
2026-05-21 17:08:52: ◇ injected env (4) from .env // tip: ⌘ override existing { override: true }
2026-05-21 17:08:53: [35m [WEB] Servidor iniciado na porta 3000[39m
2026-05-21 17:08:58: ◇ injected env (4) from .env // tip: ⌘ enable debugging { debug: true }
2026-05-21 17:09:00: [35m [WEB] Servidor iniciado na porta 3000[39m
2026-05-21 17:09:05: ◇ injected env (4) from .env // tip: ⌘ override existing { override: true }
2026-05-21 17:09:06: [35m [WEB] Servidor iniciado na porta 3000[39m
2026-05-21 17:09:11: ◇ injected env (4) from .env // tip: ◈ encrypted .env [www.dotenvx.com]
2026-05-21 17:09:13: [35m [WEB] Servidor iniciado na porta 3000[39m
2026-05-21 17:09:18: ◇ injected env (4) from .env // tip: ⌘ enable debugging { debug: true }
2026-05-21 17:09:19: [35m [WEB] Servidor iniciado na porta 3000[39m
2026-05-21 17:09:25: ◇ injected env (4) from .env // tip: ⌘ enable debugging { debug: true }
2026-05-21 17:09:26: [35m [WEB] Servidor iniciado na porta 3000[39m
2026-05-21 17:09:31: ◇ injected env (4) from .env // tip: ⌘ multiple files { path: ['.env.local', '.env'] }
2026-05-21 17:09:32: [35m [WEB] Servidor iniciado na porta 3000[39m
2026-05-21 17:09:38: ◇ injected env (4) from .env // tip: ⌁ auth for agents [www.vestauth.com]
2026-05-21 17:09:40: [35m [WEB] Servidor iniciado na porta 3000[39m
2026-05-21 17:09:45: ◇ injected env (4) from .env // tip: ⌘ multiple files { path: ['.env.local', '.env'] }
2026-05-21 17:09:46: [35m [WEB] Servidor iniciado na porta 3000[39m
2026-05-21 17:09:52: ◇ injected env (4) from .env // tip: ⌘ suppress logs { quiet: true }
2026-05-21 17:09:54: [35m [WEB] Servidor iniciado na porta 3000[39m
2026-05-21 17:09:59: ◇ injected env (4) from .env // tip: ⌘ override existing { override: true }
2026-05-21 17:10:01: [35m [WEB] Servidor iniciado na porta 3000[39m
2026-05-21 17:10:06: ◇ injected env (4) from .env // tip: ⌘ override existing { override: true }
2026-05-21 17:10:08: [35m [WEB] Servidor iniciado na porta 3000[39m
2026-05-21 17:10:13: ◇ injected env (4) from .env // tip: ⌘ multiple files { path: ['.env.local', '.env'] }
2026-05-21 17:10:15: [35m [WEB] Servidor iniciado na porta 3000[39m
2026-05-21 17:10:20: ◇ injected env (4) from .env // tip: ◈ encrypted .env [www.dotenvx.com]
2026-05-21 17:10:22: [35m [WEB] Servidor iniciado na porta 3000[39m
2026-05-21 17:10:28: ◇ injected env (4) from .env // tip: ⌘ override existing { override: true }
2026-05-21 17:10:31: [35m [WEB] Servidor iniciado na porta 3000[39m
2026-05-21 17:10:36: ◇ injected env (4) from .env // tip: ⌘ suppress logs { quiet: true }
2026-05-21 17:10:38: [35m [WEB] Servidor iniciado na porta 3000[39m
2026-05-21 17:10:43: ◇ injected env (4) from .env // tip: ⌘ suppress logs { quiet: true }
2026-05-21 17:10:44: [35m [WEB] Servidor iniciado na porta 3000[39m
2026-05-21 17:10:50: ◇ injected env (4) from .env // tip: ⌘ custom filepath { path: '/custom/path/.env' }
2026-05-21 17:10:52: [35m [WEB] Servidor iniciado na porta 3000[39m
2026-05-21 17:10:58: ◇ injected env (4) from .env // tip: ⌘ multiple files { path: ['.env.local', '.env'] }
2026-05-21 17:11:00: [35m [WEB] Servidor iniciado na porta 3000[39m
2026-05-21 17:11:05: ◇ injected env (4) from .env // tip: ⌘ custom filepath { path: '/custom/path/.env' }
2026-05-21 17:11:07: [35m [WEB] Servidor iniciado na porta 3000[39m
2026-05-21 17:11:12: ◇ injected env (4) from .env // tip: ⌘ suppress logs { quiet: true }
2026-05-21 17:11:14: [35m [WEB] Servidor iniciado na porta 3000[39m
2026-05-21 17:11:19: ◇ injected env (4) from .env // tip: ⌘ multiple files { path: ['.env.local', '.env'] }
2026-05-21 17:11:20: [35m [WEB] Servidor iniciado na porta 3000[39m
2026-05-21 17:11:25: ◇ injected env (4) from .env // tip: ⌘ custom filepath { path: '/custom/path/.env' }
2026-05-21 17:11:27: [35m [WEB] Servidor iniciado na porta 3000[39m
2026-05-21 17:11:32: ◇ injected env (4) from .env // tip: ⌘ enable debugging { debug: true }
2026-05-21 17:11:34: [35m [WEB] Servidor iniciado na porta 3000[39m
2026-05-21 17:11:39: ◇ injected env (4) from .env // tip: ◈ secrets for agents [www.dotenvx.com]
2026-05-21 17:11:40: [35m [WEB] Servidor iniciado na porta 3000[39m
2026-05-21 17:11:46: ◇ injected env (4) from .env // tip: ◈ encrypted .env [www.dotenvx.com]
2026-05-21 17:11:47: [35m [WEB] Servidor iniciado na porta 3000[39m
2026-05-21 17:11:52: ◇ injected env (4) from .env // tip: ⌘ enable debugging { debug: true }
2026-05-21 17:11:54: [35m [WEB] Servidor iniciado na porta 3000[39m
2026-05-21 17:11:59: ◇ injected env (4) from .env // tip: ⌘ override existing { override: true }
2026-05-21 17:12:00: [35m [WEB] Servidor iniciado na porta 3000[39m
2026-05-21 17:12:06: ◇ injected env (4) from .env // tip: ⌘ suppress logs { quiet: true }
2026-05-21 17:12:07: [35m [WEB] Servidor iniciado na porta 3000[39m
2026-05-21 17:12:12: ◇ injected env (4) from .env // tip: ⌘ custom filepath { path: '/custom/path/.env' }
2026-05-21 17:12:13: [35m [WEB] Servidor iniciado na porta 3000[39m
2026-05-21 17:12:19: ◇ injected env (4) from .env // tip: ⌁ auth for agents [www.vestauth.com]
2026-05-21 17:12:20: [35m [WEB] Servidor iniciado na porta 3000[39m
2026-05-21 17:12:25: ◇ injected env (4) from .env // tip: ⌘ custom filepath { path: '/custom/path/.env' }
2026-05-21 17:12:27: [35m [WEB] Servidor iniciado na porta 3000[39m
2026-05-21 17:12:32: ◇ injected env (4) from .env // tip: ⌘ override existing { override: true }
2026-05-21 17:12:33: [35m [WEB] Servidor iniciado na porta 3000[39m
2026-05-21 17:12:38: ◇ injected env (4) from .env // tip: ⌁ auth for agents [www.vestauth.com]
2026-05-21 17:12:40: [35m [WEB] Servidor iniciado na porta 3000[39m
2026-05-21 17:12:45: ◇ injected env (4) from .env // tip: ◈ encrypted .env [www.dotenvx.com]
2026-05-21 17:12:46: [35m [WEB] Servidor iniciado na porta 3000[39m
2026-05-21 17:12:51: ◇ injected env (4) from .env // tip: ⌘ override existing { override: true }
2026-05-21 17:12:53: [35m [WEB] Servidor iniciado na porta 3000[39m
2026-05-21 17:12:58: ◇ injected env (4) from .env // tip: ◈ secrets for agents [www.dotenvx.com]
2026-05-21 17:12:59: [35m [WEB] Servidor iniciado na porta 3000[39m
2026-05-21 17:13:05: ◇ injected env (4) from .env // tip: ◈ encrypted .env [www.dotenvx.com]
2026-05-21 17:13:06: [35m [WEB] Servidor iniciado na porta 3000[39m
2026-05-21 17:13:11: ◇ injected env (4) from .env // tip: ◈ secrets for agents [www.dotenvx.com]
2026-05-21 17:13:13: [35m [WEB] Servidor iniciado na porta 3000[39m
2026-05-21 17:13:18: ◇ injected env (4) from .env // tip: ⌘ custom filepath { path: '/custom/path/.env' }
2026-05-21 17:13:19: [35m [WEB] Servidor iniciado na porta 3000[39m
2026-05-21 17:13:24: ◇ injected env (4) from .env // tip: ⌘ suppress logs { quiet: true }
2026-05-21 17:13:26: [35m [WEB] Servidor iniciado na porta 3000[39m
2026-05-21 17:13:31: ◇ injected env (4) from .env // tip: ⌘ suppress logs { quiet: true }
2026-05-21 17:13:32: [35m [WEB] Servidor iniciado na porta 3000[39m
2026-05-21 17:13:38: ◇ injected env (4) from .env // tip: ⌁ auth for agents [www.vestauth.com]
2026-05-21 17:13:39: [35m [WEB] Servidor iniciado na porta 3000[39m
2026-05-21 17:13:44: ◇ injected env (4) from .env // tip: ◈ secrets for agents [www.dotenvx.com]
2026-05-21 17:13:46: [35m [WEB] Servidor iniciado na porta 3000[39m
2026-05-21 17:13:51: ◇ injected env (4) from .env // tip: ⌘ override existing { override: true }
2026-05-21 17:13:52: [35m [WEB] Servidor iniciado na porta 3000[39m
2026-05-21 17:13:57: ◇ injected env (4) from .env // tip: ⌘ custom filepath { path: '/custom/path/.env' }
2026-05-21 17:13:59: [35m [WEB] Servidor iniciado na porta 3000[39m
2026-05-21 17:14:04: ◇ injected env (4) from .env // tip: ⌁ auth for agents [www.vestauth.com]
2026-05-21 17:14:05: [35m [WEB] Servidor iniciado na porta 3000[39m
2026-05-21 17:14:10: ◇ injected env (4) from .env // tip: ◈ encrypted .env [www.dotenvx.com]
2026-05-21 17:14:12: [35m [WEB] Servidor iniciado na porta 3000[39m
2026-05-21 17:14:17: ◇ injected env (4) from .env // tip: ⌘ custom filepath { path: '/custom/path/.env' }
2026-05-21 17:14:18: [35m [WEB] Servidor iniciado na porta 3000[39m
2026-05-21 17:14:24: ◇ injected env (4) from .env // tip: ◈ secrets for agents [www.dotenvx.com]
2026-05-21 17:14:25: [35m [WEB] Servidor iniciado na porta 3000[39m
2026-05-21 17:14:30: ◇ injected env (4) from .env // tip: ⌁ auth for agents [www.vestauth.com]
2026-05-21 17:14:31: [35m [WEB] Servidor iniciado na porta 3000[39m
2026-05-21 17:14:37: ◇ injected env (4) from .env // tip: ⌘ custom filepath { path: '/custom/path/.env' }
2026-05-21 17:14:38: [35m [WEB] Servidor iniciado na porta 3000[39m
2026-05-21 17:14:43: ◇ injected env (4) from .env // tip: ⌁ auth for agents [www.vestauth.com]
2026-05-21 17:14:45: [35m [WEB] Servidor iniciado na porta 3000[39m
2026-05-21 17:14:50: ◇ injected env (4) from .env // tip: ⌘ override existing { override: true }
2026-05-21 17:14:51: [35m [WEB] Servidor iniciado na porta 3000[39m
2026-05-21 17:14:56: ◇ injected env (4) from .env // tip: ⌘ override existing { override: true }
2026-05-21 17:14:58: [35m [WEB] Servidor iniciado na porta 3000[39m
2026-05-21 17:15:03: ◇ injected env (4) from .env // tip: ⌘ enable debugging { debug: true }
2026-05-21 17:15:04: [35m [WEB] Servidor iniciado na porta 3000[39m
2026-05-21 17:15:10: ◇ injected env (4) from .env // tip: ⌘ custom filepath { path: '/custom/path/.env' }
2026-05-21 17:15:11: [35m [WEB] Servidor iniciado na porta 3000[39m
2026-05-21 17:15:16: ◇ injected env (4) from .env // tip: ◈ secrets for agents [www.dotenvx.com]
2026-05-21 17:15:17: [35m [WEB] Servidor iniciado na porta 3000[39m
2026-05-21 17:15:23: ◇ injected env (4) from .env // tip: ⌘ multiple files { path: ['.env.local', '.env'] }
2026-05-21 17:15:24: [35m [WEB] Servidor iniciado na porta 3000[39m
2026-05-21 17:15:29: ◇ injected env (4) from .env // tip: ◈ secrets for agents [www.dotenvx.com]
2026-05-21 17:15:31: [35m [WEB] Servidor iniciado na porta 3000[39m
2026-05-21 17:15:36: ◇ injected env (4) from .env // tip: ⌘ enable debugging { debug: true }
2026-05-21 17:15:37: [35m [WEB] Servidor iniciado na porta 3000[39m
2026-05-21 17:15:42: ◇ injected env (4) from .env // tip: ⌘ custom filepath { path: '/custom/path/.env' }
2026-05-21 17:15:44: [35m [WEB] Servidor iniciado na porta 3000[39m
2026-05-21 17:15:49: ◇ injected env (4) from .env // tip: ⌘ enable debugging { debug: true }
2026-05-21 17:15:50: [35m [WEB] Servidor iniciado na porta 3000[39m
2026-05-21 17:15:55: ◇ injected env (4) from .env // tip: ◈ secrets for agents [www.dotenvx.com]
2026-05-21 17:15:57: [35m [WEB] Servidor iniciado na porta 3000[39m
2026-05-21 17:16:02: ◇ injected env (4) from .env // tip: ⌘ multiple files { path: ['.env.local', '.env'] }
2026-05-21 17:16:03: [35m [WEB] Servidor iniciado na porta 3000[39m
2026-05-21 17:16:08: ◇ injected env (4) from .env // tip: ◈ encrypted .env [www.dotenvx.com]
2026-05-21 17:16:10: [35m [WEB] Servidor iniciado na porta 3000[39m
2026-05-21 17:16:16: ◇ injected env (4) from .env // tip: ⌘ override existing { override: true }
2026-05-21 17:16:18: [35m [WEB] Servidor iniciado na porta 3000[39m
2026-05-21 17:16:23: ◇ injected env (4) from .env // tip: ⌘ override existing { override: true }
2026-05-21 17:16:24: [35m [WEB] Servidor iniciado na porta 3000[39m
2026-05-21 17:16:29: ◇ injected env (4) from .env // tip: ⌘ custom filepath { path: '/custom/path/.env' }
2026-05-21 17:16:31: [35m [WEB] Servidor iniciado na porta 3000[39m
2026-05-21 17:16:36: ◇ injected env (4) from .env // tip: ⌘ suppress logs { quiet: true }
2026-05-21 17:16:37: [35m [WEB] Servidor iniciado na porta 3000[39m
2026-05-21 17:16:42: ◇ injected env (4) from .env // tip: ⌘ enable debugging { debug: true }
2026-05-21 17:16:44: [35m [WEB] Servidor iniciado na porta 3000[39m
2026-05-21 17:16:49: ◇ injected env (4) from .env // tip: ⌘ custom filepath { path: '/custom/path/.env' }
2026-05-21 17:16:51: [35m [WEB] Servidor iniciado na porta 3000[39m
2026-05-21 17:16:56: ◇ injected env (4) from .env // tip: ◈ secrets for agents [www.dotenvx.com]
2026-05-21 17:16:57: [35m [WEB] Servidor iniciado na porta 3000[39m
2026-05-21 17:17:03: ◇ injected env (4) from .env // tip: ◈ secrets for agents [www.dotenvx.com]
2026-05-21 17:17:04: [35m [WEB] Servidor iniciado na porta 3000[39m
2026-05-21 17:17:10: ◇ injected env (4) from .env // tip: ⌁ auth for agents [www.vestauth.com]
2026-05-21 17:17:12: [35m [WEB] Servidor iniciado na porta 3000[39m
2026-05-21 17:17:17: ◇ injected env (4) from .env // tip: ⌘ override existing { override: true }
2026-05-21 17:17:18: [35m [WEB] Servidor iniciado na porta 3000[39m
2026-05-21 17:17:24: ◇ injected env (4) from .env // tip: ⌘ suppress logs { quiet: true }
2026-05-21 17:17:26: [35m [WEB] Servidor iniciado na porta 3000[39m
2026-05-21 17:17:31: ◇ injected env (4) from .env // tip: ⌘ override existing { override: true }
2026-05-21 17:17:34: [35m [WEB] Servidor iniciado na porta 3000[39m
2026-05-21 17:17:39: ◇ injected env (4) from .env // tip: ⌁ auth for agents [www.vestauth.com]
2026-05-21 17:17:42: [35m [WEB] Servidor iniciado na porta 3000[39m
2026-05-21 17:17:47: ◇ injected env (4) from .env // tip: ⌘ override existing { override: true }
2026-05-21 17:17:49: [35m [WEB] Servidor iniciado na porta 3000[39m
2026-05-21 17:17:54: ◇ injected env (4) from .env // tip: ⌁ auth for agents [www.vestauth.com]
2026-05-21 17:17:56: [35m [WEB] Servidor iniciado na porta 3000[39m
2026-05-21 17:18:01: ◇ injected env (4) from .env // tip: ⌘ suppress logs { quiet: true }
2026-05-21 17:18:03: [35m [WEB] Servidor iniciado na porta 3000[39m
2026-05-21 17:18:08: ◇ injected env (4) from .env // tip: ◈ encrypted .env [www.dotenvx.com]
2026-05-21 17:18:10: [35m [WEB] Servidor iniciado na porta 3000[39m
2026-05-21 17:18:15: ◇ injected env (4) from .env // tip: ◈ secrets for agents [www.dotenvx.com]
2026-05-21 17:18:17: [35m [WEB] Servidor iniciado na porta 3000[39m
2026-05-21 17:18:22: ◇ injected env (4) from .env // tip: ⌘ suppress logs { quiet: true }
2026-05-21 17:18:24: [35m [WEB] Servidor iniciado na porta 3000[39m
2026-05-21 17:18:29: ◇ injected env (4) from .env // tip: ⌘ multiple files { path: ['.env.local', '.env'] }
2026-05-21 17:18:31: [35m [WEB] Servidor iniciado na porta 3000[39m
2026-05-21 17:18:36: ◇ injected env (4) from .env // tip: ⌘ multiple files { path: ['.env.local', '.env'] }
2026-05-21 17:18:38: [35m [WEB] Servidor iniciado na porta 3000[39m
2026-05-21 17:18:43: ◇ injected env (4) from .env // tip: ⌁ auth for agents [www.vestauth.com]
2026-05-21 17:18:45: [35m [WEB] Servidor iniciado na porta 3000[39m
2026-05-21 17:18:50: ◇ injected env (4) from .env // tip: ⌘ suppress logs { quiet: true }
2026-05-21 17:18:53: [35m [WEB] Servidor iniciado na porta 3000[39m
2026-05-21 17:18:58: ◇ injected env (4) from .env // tip: ⌘ multiple files { path: ['.env.local', '.env'] }
2026-05-21 17:18:59: [35m [WEB] Servidor iniciado na porta 3000[39m
2026-05-21 17:19:05: ◇ injected env (4) from .env // tip: ⌘ custom filepath { path: '/custom/path/.env' }
2026-05-21 17:19:06: [35m [WEB] Servidor iniciado na porta 3000[39m
2026-05-21 17:19:11: ◇ injected env (4) from .env // tip: ⌘ multiple files { path: ['.env.local', '.env'] }
2026-05-21 17:19:13: [35m [WEB] Servidor iniciado na porta 3000[39m
2026-05-21 17:19:18: ◇ injected env (4) from .env // tip: ⌘ custom filepath { path: '/custom/path/.env' }
2026-05-21 17:19:19: [35m [WEB] Servidor iniciado na porta 3000[39m
2026-05-21 17:19:25: ◇ injected env (4) from .env // tip: ⌘ multiple files { path: ['.env.local', '.env'] }
2026-05-21 17:19:26: [35m [WEB] Servidor iniciado na porta 3000[39m
2026-05-21 17:19:31: ◇ injected env (4) from .env // tip: ◈ secrets for agents [www.dotenvx.com]
2026-05-21 17:19:33: [35m [WEB] Servidor iniciado na porta 3000[39m
2026-05-21 17:19:38: ◇ injected env (4) from .env // tip: ⌘ suppress logs { quiet: true }
2026-05-21 17:19:39: [35m [WEB] Servidor iniciado na porta 3000[39m
2026-05-21 17:19:44: ◇ injected env (4) from .env // tip: ⌁ auth for agents [www.vestauth.com]
2026-05-21 17:19:46: [35m [WEB] Servidor iniciado na porta 3000[39m
2026-05-21 17:19:51: ◇ injected env (4) from .env // tip: ⌘ custom filepath { path: '/custom/path/.env' }
2026-05-21 17:19:53: [35m [WEB] Servidor iniciado na porta 3000[39m
2026-05-21 17:19:58: ◇ injected env (4) from .env // tip: ⌘ suppress logs { quiet: true }
2026-05-21 17:19:59: [35m [WEB] Servidor iniciado na porta 3000[39m
2026-05-21 17:20:04: ◇ injected env (4) from .env // tip: ⌘ override existing { override: true }
2026-05-21 17:20:06: [35m [WEB] Servidor iniciado na porta 3000[39m
2026-05-21 17:20:11: ◇ injected env (4) from .env // tip: ⌁ auth for agents [www.vestauth.com]
2026-05-21 17:20:13: [35m [WEB] Servidor iniciado na porta 3000[39m
2026-05-21 17:20:18: ◇ injected env (4) from .env // tip: ⌘ suppress logs { quiet: true }
2026-05-21 17:20:19: [35m [WEB] Servidor iniciado na porta 3000[39m
2026-05-21 17:20:25: ◇ injected env (4) from .env // tip: ⌘ override existing { override: true }
2026-05-21 17:20:26: [35m [WEB] Servidor iniciado na porta 3000[39m
2026-05-21 17:20:32: ◇ injected env (4) from .env // tip: ⌘ override existing { override: true }
2026-05-21 17:20:33: [35m [WEB] Servidor iniciado na porta 3000[39m
2026-05-21 17:20:39: ◇ injected env (4) from .env // tip: ◈ encrypted .env [www.dotenvx.com]
2026-05-21 17:20:41: [35m [WEB] Servidor iniciado na porta 3000[39m
2026-05-21 17:20:46: ◇ injected env (4) from .env // tip: ◈ encrypted .env [www.dotenvx.com]
2026-05-21 17:20:47: [35m [WEB] Servidor iniciado na porta 3000[39m
2026-05-21 17:20:53: ◇ injected env (4) from .env // tip: ◈ secrets for agents [www.dotenvx.com]
2026-05-21 17:20:54: [35m [WEB] Servidor iniciado na porta 3000[39m
2026-05-21 17:21:00: ◇ injected env (4) from .env // tip: ◈ encrypted .env [www.dotenvx.com]
2026-05-21 17:21:01: [35m [WEB] Servidor iniciado na porta 3000[39m
2026-05-21 17:21:07: ◇ injected env (4) from .env // tip: ⌘ multiple files { path: ['.env.local', '.env'] }
2026-05-21 17:21:08: [35m [WEB] Servidor iniciado na porta 3000[39m
2026-05-21 17:21:14: ◇ injected env (4) from .env // tip: ⌁ auth for agents [www.vestauth.com]
2026-05-21 17:21:16: [35m [WEB] Servidor iniciado na porta 3000[39m
2026-05-21 17:21:21: ◇ injected env (4) from .env // tip: ⌘ multiple files { path: ['.env.local', '.env'] }
2026-05-21 17:21:22: [35m [WEB] Servidor iniciado na porta 3000[39m
2026-05-21 17:21:28: ◇ injected env (4) from .env // tip: ⌘ enable debugging { debug: true }
2026-05-21 17:21:29: [35m [WEB] Servidor iniciado na porta 3000[39m
2026-05-21 17:21:34: ◇ injected env (4) from .env // tip: ⌁ auth for agents [www.vestauth.com]
2026-05-21 17:21:36: [35m [WEB] Servidor iniciado na porta 3000[39m
2026-05-21 17:21:41: ◇ injected env (4) from .env // tip: ⌘ enable debugging { debug: true }
2026-05-21 17:21:43: [35m [WEB] Servidor iniciado na porta 3000[39m
2026-05-21 17:21:48: ◇ injected env (4) from .env // tip: ⌘ suppress logs { quiet: true }
2026-05-21 17:21:50: [35m [WEB] Servidor iniciado na porta 3000[39m
2026-05-21 17:21:55: ◇ injected env (4) from .env // tip: ⌘ multiple files { path: ['.env.local', '.env'] }
2026-05-21 17:21:56: [35m [WEB] Servidor iniciado na porta 3000[39m
2026-05-21 17:22:02: ◇ injected env (4) from .env // tip: ⌘ multiple files { path: ['.env.local', '.env'] }
2026-05-21 17:22:03: [35m [WEB] Servidor iniciado na porta 3000[39m
2026-05-21 17:22:08: ◇ injected env (4) from .env // tip: ⌁ auth for agents [www.vestauth.com]
2026-05-21 17:22:10: [35m [WEB] Servidor iniciado na porta 3000[39m
2026-05-21 17:22:15: ◇ injected env (4) from .env // tip: ⌘ override existing { override: true }
2026-05-21 17:22:17: [35m [WEB] Servidor iniciado na porta 3000[39m
2026-05-21 17:22:22: ◇ injected env (4) from .env // tip: ◈ encrypted .env [www.dotenvx.com]
2026-05-21 17:22:24: [35m [WEB] Servidor iniciado na porta 3000[39m
2026-05-21 17:22:29: ◇ injected env (4) from .env // tip: ◈ encrypted .env [www.dotenvx.com]
2026-05-21 17:22:30: [35m [WEB] Servidor iniciado na porta 3000[39m
2026-05-21 17:22:35: ◇ injected env (4) from .env // tip: ⌁ auth for agents [www.vestauth.com]
2026-05-21 17:22:37: [35m [WEB] Servidor iniciado na porta 3000[39m
2026-05-21 17:22:42: ◇ injected env (4) from .env // tip: ⌘ override existing { override: true }
2026-05-21 17:22:43: [35m [WEB] Servidor iniciado na porta 3000[39m
2026-05-21 17:22:49: ◇ injected env (4) from .env // tip: ⌁ auth for agents [www.vestauth.com]
2026-05-21 17:22:50: [35m [WEB] Servidor iniciado na porta 3000[39m
2026-05-21 17:22:55: ◇ injected env (4) from .env // tip: ⌘ enable debugging { debug: true }
2026-05-21 17:22:57: [35m [WEB] Servidor iniciado na porta 3000[39m
2026-05-21 17:23:02: ◇ injected env (4) from .env // tip: ⌘ custom filepath { path: '/custom/path/.env' }
2026-05-21 17:23:03: [35m [WEB] Servidor iniciado na porta 3000[39m
2026-05-21 17:23:08: ◇ injected env (4) from .env // tip: ⌁ auth for agents [www.vestauth.com]
2026-05-21 17:23:10: [35m [WEB] Servidor iniciado na porta 3000[39m
2026-05-21 17:23:15: ◇ injected env (4) from .env // tip: ◈ secrets for agents [www.dotenvx.com]
2026-05-21 17:23:16: [35m [WEB] Servidor iniciado na porta 3000[39m
2026-05-21 17:23:22: ◇ injected env (4) from .env // tip: ◈ secrets for agents [www.dotenvx.com]
2026-05-21 17:23:23: [35m [WEB] Servidor iniciado na porta 3000[39m
2026-05-21 17:23:28: ◇ injected env (4) from .env // tip: ⌘ custom filepath { path: '/custom/path/.env' }
2026-05-21 17:23:30: [35m [WEB] Servidor iniciado na porta 3000[39m
2026-05-21 17:23:35: ◇ injected env (4) from .env // tip: ⌘ custom filepath { path: '/custom/path/.env' }
2026-05-21 17:23:36: [35m [WEB] Servidor iniciado na porta 3000[39m
2026-05-21 17:23:42: ◇ injected env (4) from .env // tip: ⌁ auth for agents [www.vestauth.com]
2026-05-21 17:23:43: [35m [WEB] Servidor iniciado na porta 3000[39m
2026-05-21 17:23:48: ◇ injected env (4) from .env // tip: ⌘ suppress logs { quiet: true }
2026-05-21 17:23:50: [35m [WEB] Servidor iniciado na porta 3000[39m
2026-05-21 17:23:55: ◇ injected env (4) from .env // tip: ◈ secrets for agents [www.dotenvx.com]
2026-05-21 17:23:57: [35m [WEB] Servidor iniciado na porta 3000[39m
2026-05-21 17:24:02: ◇ injected env (4) from .env // tip: ⌘ custom filepath { path: '/custom/path/.env' }
2026-05-21 17:24:04: [35m [WEB] Servidor iniciado na porta 3000[39m
2026-05-21 17:24:09: ◇ injected env (4) from .env // tip: ◈ secrets for agents [www.dotenvx.com]
2026-05-21 17:24:11: [35m [WEB] Servidor iniciado na porta 3000[39m
2026-05-21 17:24:16: ◇ injected env (4) from .env // tip: ⌁ auth for agents [www.vestauth.com]
2026-05-21 17:24:18: [35m [WEB] Servidor iniciado na porta 3000[39m
2026-05-21 17:24:23: ◇ injected env (4) from .env // tip: ⌁ auth for agents [www.vestauth.com]
2026-05-21 17:24:24: [35m [WEB] Servidor iniciado na porta 3000[39m
2026-05-21 17:24:30: ◇ injected env (4) from .env // tip: ⌘ custom filepath { path: '/custom/path/.env' }
2026-05-21 17:24:32: [35m [WEB] Servidor iniciado na porta 3000[39m
2026-05-21 17:24:37: ◇ injected env (4) from .env // tip: ◈ encrypted .env [www.dotenvx.com]
2026-05-21 17:24:38: [35m [WEB] Servidor iniciado na porta 3000[39m
2026-05-21 17:24:44: ◇ injected env (4) from .env // tip: ◈ encrypted .env [www.dotenvx.com]
2026-05-21 17:24:45: [35m [WEB] Servidor iniciado na porta 3000[39m
2026-05-21 17:24:50: ◇ injected env (4) from .env // tip: ⌁ auth for agents [www.vestauth.com]
2026-05-21 17:24:52: [35m [WEB] Servidor iniciado na porta 3000[39m
2026-05-21 17:24:57: ◇ injected env (4) from .env // tip: ⌘ override existing { override: true }
2026-05-21 17:24:59: [35m [WEB] Servidor iniciado na porta 3000[39m
2026-05-21 17:25:04: ◇ injected env (4) from .env // tip: ⌘ enable debugging { debug: true }
2026-05-21 17:25:06: [35m [WEB] Servidor iniciado na porta 3000[39m
2026-05-21 17:25:12: ◇ injected env (4) from .env // tip: ⌘ suppress logs { quiet: true }
2026-05-21 17:25:13: [35m [WEB] Servidor iniciado na porta 3000[39m
2026-05-21 17:25:19: ◇ injected env (4) from .env // tip: ◈ encrypted .env [www.dotenvx.com]
2026-05-21 17:25:20: [35m [WEB] Servidor iniciado na porta 3000[39m
2026-05-21 17:25:25: ◇ injected env (4) from .env // tip: ⌘ multiple files { path: ['.env.local', '.env'] }
2026-05-21 17:25:27: [35m [WEB] Servidor iniciado na porta 3000[39m
2026-05-21 17:25:32: ◇ injected env (4) from .env // tip: ◈ secrets for agents [www.dotenvx.com]
2026-05-21 17:25:33: [35m [WEB] Servidor iniciado na porta 3000[39m
2026-05-21 17:25:38: ◇ injected env (4) from .env // tip: ⌘ suppress logs { quiet: true }
2026-05-21 17:25:40: [35m [WEB] Servidor iniciado na porta 3000[39m
2026-05-21 17:25:45: ◇ injected env (4) from .env // tip: ⌘ enable debugging { debug: true }
2026-05-21 17:25:46: [35m [WEB] Servidor iniciado na porta 3000[39m
2026-05-21 17:25:52: ◇ injected env (4) from .env // tip: ⌘ suppress logs { quiet: true }
2026-05-21 17:25:54: [35m [WEB] Servidor iniciado na porta 3000[39m
2026-05-21 17:25:59: ◇ injected env (4) from .env // tip: ⌘ override existing { override: true }
2026-05-21 17:26:02: [35m [WEB] Servidor iniciado na porta 3000[39m
2026-05-21 17:26:07: ◇ injected env (4) from .env // tip: ◈ encrypted .env [www.dotenvx.com]
2026-05-21 17:26:09: [35m [WEB] Servidor iniciado na porta 3000[39m
2026-05-21 17:26:14: ◇ injected env (4) from .env // tip: ⌘ suppress logs { quiet: true }
2026-05-21 17:26:15: [35m [WEB] Servidor iniciado na porta 3000[39m
2026-05-21 17:26:21: ◇ injected env (4) from .env // tip: ⌁ auth for agents [www.vestauth.com]
2026-05-21 17:26:22: [35m [WEB] Servidor iniciado na porta 3000[39m
2026-05-21 17:26:27: ◇ injected env (4) from .env // tip: ⌁ auth for agents [www.vestauth.com]
2026-05-21 17:26:29: [35m [WEB] Servidor iniciado na porta 3000[39m
2026-05-21 17:26:34: ◇ injected env (4) from .env // tip: ⌘ enable debugging { debug: true }
2026-05-21 17:26:36: [35m [WEB] Servidor iniciado na porta 3000[39m
2026-05-21 17:26:41: ◇ injected env (4) from .env // tip: ⌁ auth for agents [www.vestauth.com]
2026-05-21 17:26:43: [35m [WEB] Servidor iniciado na porta 3000[39m
2026-05-21 17:26:49: ◇ injected env (4) from .env // tip: ⌘ multiple files { path: ['.env.local', '.env'] }
2026-05-21 17:26:50: [35m [WEB] Servidor iniciado na porta 3000[39m
2026-05-21 17:26:55: ◇ injected env (4) from .env // tip: ◈ encrypted .env [www.dotenvx.com]
2026-05-21 17:26:57: [35m [WEB] Servidor iniciado na porta 3000[39m
2026-05-21 17:27:02: ◇ injected env (4) from .env // tip: ◈ encrypted .env [www.dotenvx.com]
2026-05-21 17:27:03: [35m [WEB] Servidor iniciado na porta 3000[39m
2026-05-21 17:27:09: ◇ injected env (4) from .env // tip: ⌘ multiple files { path: ['.env.local', '.env'] }
2026-05-21 17:27:10: [35m [WEB] Servidor iniciado na porta 3000[39m
2026-05-21 17:27:15: ◇ injected env (4) from .env // tip: ⌘ suppress logs { quiet: true }
2026-05-21 17:27:17: [35m [WEB] Servidor iniciado na porta 3000[39m
2026-05-21 17:27:22: ◇ injected env (4) from .env // tip: ◈ encrypted .env [www.dotenvx.com]
2026-05-21 17:27:24: [35m [WEB] Servidor iniciado na porta 3000[39m
2026-05-21 17:27:29: ◇ injected env (4) from .env // tip: ⌁ auth for agents [www.vestauth.com]
2026-05-21 17:27:30: [35m [WEB] Servidor iniciado na porta 3000[39m
2026-05-21 17:27:36: ◇ injected env (4) from .env // tip: ◈ secrets for agents [www.dotenvx.com]
2026-05-21 17:27:37: [35m [WEB] Servidor iniciado na porta 3000[39m
2026-05-21 17:27:42: ◇ injected env (4) from .env // tip: ⌘ suppress logs { quiet: true }
2026-05-21 17:27:44: [35m [WEB] Servidor iniciado na porta 3000[39m
2026-05-21 17:27:49: ◇ injected env (4) from .env // tip: ◈ secrets for agents [www.dotenvx.com]
2026-05-21 17:27:50: [35m [WEB] Servidor iniciado na porta 3000[39m
2026-05-21 17:27:56: ◇ injected env (4) from .env // tip: ◈ secrets for agents [www.dotenvx.com]
2026-05-21 17:27:57: [35m [WEB] Servidor iniciado na porta 3000[39m
2026-05-21 17:28:02: ◇ injected env (4) from .env // tip: ⌁ auth for agents [www.vestauth.com]
2026-05-21 17:28:04: [35m [WEB] Servidor iniciado na porta 3000[39m
2026-05-21 17:28:09: ◇ injected env (4) from .env // tip: ⌘ suppress logs { quiet: true }
2026-05-21 17:28:10: [35m [WEB] Servidor iniciado na porta 3000[39m
2026-05-21 17:28:15: ◇ injected env (4) from .env // tip: ◈ secrets for agents [www.dotenvx.com]
2026-05-21 17:28:17: [35m [WEB] Servidor iniciado na porta 3000[39m
2026-05-21 17:28:22: ◇ injected env (4) from .env // tip: ⌘ enable debugging { debug: true }
2026-05-21 17:28:24: [35m [WEB] Servidor iniciado na porta 3000[39m
2026-05-21 17:28:29: ◇ injected env (4) from .env // tip: ⌘ multiple files { path: ['.env.local', '.env'] }
2026-05-21 17:28:30: [35m [WEB] Servidor iniciado na porta 3000[39m
2026-05-21 17:28:35: ◇ injected env (4) from .env // tip: ◈ encrypted .env [www.dotenvx.com]
2026-05-21 17:28:37: [35m [WEB] Servidor iniciado na porta 3000[39m
2026-05-21 17:28:42: ◇ injected env (4) from .env // tip: ⌘ enable debugging { debug: true }
2026-05-21 17:28:43: [35m [WEB] Servidor iniciado na porta 3000[39m
2026-05-21 17:28:49: ◇ injected env (4) from .env // tip: ⌁ auth for agents [www.vestauth.com]
2026-05-21 17:28:50: [35m [WEB] Servidor iniciado na porta 3000[39m
2026-05-21 17:28:55: ◇ injected env (4) from .env // tip: ⌘ enable debugging { debug: true }
2026-05-21 17:28:57: [35m [WEB] Servidor iniciado na porta 3000[39m
2026-05-21 17:29:02: ◇ injected env (4) from .env // tip: ⌘ enable debugging { debug: true }
2026-05-21 17:29:03: [35m [WEB] Servidor iniciado na porta 3000[39m
2026-05-21 17:29:09: ◇ injected env (4) from .env // tip: ⌘ custom filepath { path: '/custom/path/.env' }
2026-05-21 17:29:10: [35m [WEB] Servidor iniciado na porta 3000[39m
2026-05-21 17:29:15: ◇ injected env (4) from .env // tip: ⌘ override existing { override: true }
2026-05-21 17:29:17: [35m [WEB] Servidor iniciado na porta 3000[39m
2026-05-21 17:29:22: ◇ injected env (4) from .env // tip: ⌁ auth for agents [www.vestauth.com]
2026-05-21 17:29:24: [35m [WEB] Servidor iniciado na porta 3000[39m
2026-05-21 17:29:29: ◇ injected env (4) from .env // tip: ◈ secrets for agents [www.dotenvx.com]
2026-05-21 17:29:31: [35m [WEB] Servidor iniciado na porta 3000[39m
2026-05-21 17:29:36: ◇ injected env (4) from .env // tip: ⌘ enable debugging { debug: true }
2026-05-21 17:29:37: [35m [WEB] Servidor iniciado na porta 3000[39m
2026-05-21 17:29:43: ◇ injected env (4) from .env // tip: ⌁ auth for agents [www.vestauth.com]
2026-05-21 17:29:44: [35m [WEB] Servidor iniciado na porta 3000[39m
2026-05-21 17:29:49: ◇ injected env (4) from .env // tip: ◈ secrets for agents [www.dotenvx.com]
2026-05-21 17:29:51: [35m [WEB] Servidor iniciado na porta 3000[39m
2026-05-21 17:29:56: ◇ injected env (4) from .env // tip: ⌘ suppress logs { quiet: true }
2026-05-21 17:30:00: [35m [WEB] Servidor iniciado na porta 3000[39m
2026-05-21 17:30:05: ◇ injected env (4) from .env // tip: ◈ secrets for agents [www.dotenvx.com]
2026-05-21 17:30:06: [35m [WEB] Servidor iniciado na porta 3000[39m
2026-05-21 17:30:11: ◇ injected env (4) from .env // tip: ⌁ auth for agents [www.vestauth.com]
2026-05-21 17:30:13: [35m [WEB] Servidor iniciado na porta 3000[39m
2026-05-21 17:30:18: ◇ injected env (4) from .env // tip: ⌘ custom filepath { path: '/custom/path/.env' }
2026-05-21 17:30:20: [35m [WEB] Servidor iniciado na porta 3000[39m
2026-05-21 17:30:25: ◇ injected env (4) from .env // tip: ⌘ suppress logs { quiet: true }
2026-05-21 17:30:26: [35m [WEB] Servidor iniciado na porta 3000[39m
2026-05-21 17:30:32: ◇ injected env (4) from .env // tip: ⌘ custom filepath { path: '/custom/path/.env' }
2026-05-21 17:30:33: [35m [WEB] Servidor iniciado na porta 3000[39m
2026-05-21 17:30:38: ◇ injected env (4) from .env // tip: ⌁ auth for agents [www.vestauth.com]
2026-05-21 17:30:40: [35m [WEB] Servidor iniciado na porta 3000[39m
2026-05-21 17:30:45: ◇ injected env (4) from .env // tip: ⌘ override existing { override: true }
2026-05-21 17:30:46: [35m [WEB] Servidor iniciado na porta 3000[39m
2026-05-21 17:30:51: ◇ injected env (4) from .env // tip: ⌘ suppress logs { quiet: true }
2026-05-21 17:30:53: [35m [WEB] Servidor iniciado na porta 3000[39m
2026-05-21 17:30:58: ◇ injected env (4) from .env // tip: ⌘ enable debugging { debug: true }
2026-05-21 17:31:00: [35m [WEB] Servidor iniciado na porta 3000[39m
2026-05-21 17:31:05: ◇ injected env (4) from .env // tip: ⌘ suppress logs { quiet: true }
2026-05-21 17:31:06: [35m [WEB] Servidor iniciado na porta 3000[39m
2026-05-21 17:31:12: ◇ injected env (4) from .env // tip: ⌘ enable debugging { debug: true }
2026-05-21 17:31:13: [35m [WEB] Servidor iniciado na porta 3000[39m
2026-05-21 17:31:18: ◇ injected env (4) from .env // tip: ⌘ suppress logs { quiet: true }
2026-05-21 17:31:20: [35m [WEB] Servidor iniciado na porta 3000[39m
2026-05-21 17:31:25: ◇ injected env (4) from .env // tip: ⌘ multiple files { path: ['.env.local', '.env'] }
2026-05-21 17:31:27: [35m [WEB] Servidor iniciado na porta 3000[39m
2026-05-21 17:31:32: ◇ injected env (4) from .env // tip: ⌘ override existing { override: true }
2026-05-21 17:31:34: [35m [WEB] Servidor iniciado na porta 3000[39m
2026-05-21 17:31:39: ◇ injected env (4) from .env // tip: ⌁ auth for agents [www.vestauth.com]
2026-05-21 17:31:40: [35m [WEB] Servidor iniciado na porta 3000[39m
2026-05-21 17:31:45: ◇ injected env (4) from .env // tip: ⌘ enable debugging { debug: true }
2026-05-21 17:31:47: [35m [WEB] Servidor iniciado na porta 3000[39m
2026-05-21 17:31:52: ◇ injected env (4) from .env // tip: ⌁ auth for agents [www.vestauth.com]
2026-05-21 17:31:53: [35m [WEB] Servidor iniciado na porta 3000[39m
2026-05-21 17:31:59: ◇ injected env (4) from .env // tip: ⌘ multiple files { path: ['.env.local', '.env'] }
2026-05-21 17:32:00: [35m [WEB] Servidor iniciado na porta 3000[39m
2026-05-21 17:32:05: ◇ injected env (4) from .env // tip: ⌘ enable debugging { debug: true }
2026-05-21 17:32:07: [35m [WEB] Servidor iniciado na porta 3000[39m
2026-05-21 17:32:12: ◇ injected env (4) from .env // tip: ◈ secrets for agents [www.dotenvx.com]
2026-05-21 17:32:13: [35m [WEB] Servidor iniciado na porta 3000[39m
2026-05-21 17:32:19: ◇ injected env (4) from .env // tip: ◈ secrets for agents [www.dotenvx.com]
2026-05-21 17:32:20: [35m [WEB] Servidor iniciado na porta 3000[39m
2026-05-21 17:32:25: ◇ injected env (4) from .env // tip: ⌘ override existing { override: true }
2026-05-21 17:32:27: [35m [WEB] Servidor iniciado na porta 3000[39m
2026-05-21 17:32:32: ◇ injected env (4) from .env // tip: ⌘ multiple files { path: ['.env.local', '.env'] }
2026-05-21 17:32:33: [35m [WEB] Servidor iniciado na porta 3000[39m
2026-05-21 17:32:39: ◇ injected env (4) from .env // tip: ⌘ enable debugging { debug: true }
2026-05-21 17:32:40: [35m [WEB] Servidor iniciado na porta 3000[39m
2026-05-21 17:32:46: ◇ injected env (4) from .env // tip: ⌘ override existing { override: true }
2026-05-21 17:32:47: [35m [WEB] Servidor iniciado na porta 3000[39m
2026-05-21 17:32:52: ◇ injected env (4) from .env // tip: ⌘ suppress logs { quiet: true }
2026-05-21 17:32:54: [35m [WEB] Servidor iniciado na porta 3000[39m
2026-05-21 17:32:59: ◇ injected env (4) from .env // tip: ⌘ multiple files { path: ['.env.local', '.env'] }
2026-05-21 17:33:01: [35m [WEB] Servidor iniciado na porta 3000[39m
2026-05-21 17:33:06: ◇ injected env (4) from .env // tip: ⌘ custom filepath { path: '/custom/path/.env' }
2026-05-21 17:33:08: [35m [WEB] Servidor iniciado na porta 3000[39m
2026-05-21 17:33:13: ◇ injected env (4) from .env // tip: ⌘ custom filepath { path: '/custom/path/.env' }
2026-05-21 17:33:14: [35m [WEB] Servidor iniciado na porta 3000[39m
2026-05-21 17:33:20: ◇ injected env (4) from .env // tip: ⌘ override existing { override: true }
2026-05-21 17:33:21: [35m [WEB] Servidor iniciado na porta 3000[39m
2026-05-21 17:33:26: ◇ injected env (4) from .env // tip: ⌁ auth for agents [www.vestauth.com]
2026-05-21 17:33:28: [35m [WEB] Servidor iniciado na porta 3000[39m
2026-05-21 17:33:33: ◇ injected env (4) from .env // tip: ⌘ enable debugging { debug: true }
2026-05-21 17:33:34: [35m [WEB] Servidor iniciado na porta 3000[39m
2026-05-21 17:33:40: ◇ injected env (4) from .env // tip: ⌘ custom filepath { path: '/custom/path/.env' }
2026-05-21 17:33:41: [35m [WEB] Servidor iniciado na porta 3000[39m
2026-05-21 17:33:46: ◇ injected env (4) from .env // tip: ◈ encrypted .env [www.dotenvx.com]
2026-05-21 17:33:48: [35m [WEB] Servidor iniciado na porta 3000[39m
2026-05-21 17:33:53: ◇ injected env (4) from .env // tip: ⌘ multiple files { path: ['.env.local', '.env'] }
2026-05-21 17:33:55: [35m [WEB] Servidor iniciado na porta 3000[39m
2026-05-21 17:34:00: ◇ injected env (4) from .env // tip: ⌘ suppress logs { quiet: true }
2026-05-21 17:34:02: [35m [WEB] Servidor iniciado na porta 3000[39m
2026-05-21 17:34:07: ◇ injected env (4) from .env // tip: ⌘ override existing { override: true }
2026-05-21 17:34:08: [35m [WEB] Servidor iniciado na porta 3000[39m
2026-05-21 17:34:13: ◇ injected env (4) from .env // tip: ◈ secrets for agents [www.dotenvx.com]
2026-05-21 17:34:15: [35m [WEB] Servidor iniciado na porta 3000[39m
2026-05-21 17:34:20: ◇ injected env (4) from .env // tip: ⌘ override existing { override: true }
2026-05-21 17:34:21: [35m [WEB] Servidor iniciado na porta 3000[39m
2026-05-21 17:34:27: ◇ injected env (4) from .env // tip: ⌘ override existing { override: true }
2026-05-21 17:34:28: [35m [WEB] Servidor iniciado na porta 3000[39m
2026-05-21 17:34:33: ◇ injected env (4) from .env // tip: ⌘ override existing { override: true }
2026-05-21 17:34:35: [35m [WEB] Servidor iniciado na porta 3000[39m
2026-05-21 17:34:40: ◇ injected env (4) from .env // tip: ⌘ suppress logs { quiet: true }
2026-05-21 17:34:41: [35m [WEB] Servidor iniciado na porta 3000[39m
2026-05-21 17:34:47: ◇ injected env (4) from .env // tip: ⌘ suppress logs { quiet: true }
2026-05-21 17:34:48: [35m [WEB] Servidor iniciado na porta 3000[39m
2026-05-21 17:34:53: ◇ injected env (4) from .env // tip: ⌘ custom filepath { path: '/custom/path/.env' }
2026-05-21 17:34:55: [35m [WEB] Servidor iniciado na porta 3000[39m
2026-05-21 17:35:00: ◇ injected env (4) from .env // tip: ◈ encrypted .env [www.dotenvx.com]
2026-05-21 17:35:01: [35m [WEB] Servidor iniciado na porta 3000[39m
2026-05-21 17:35:07: ◇ injected env (4) from .env // tip: ⌘ multiple files { path: ['.env.local', '.env'] }
2026-05-21 17:35:08: [35m [WEB] Servidor iniciado na porta 3000[39m
2026-05-21 17:35:13: ◇ injected env (4) from .env // tip: ⌘ override existing { override: true }
2026-05-21 17:35:15: [35m [WEB] Servidor iniciado na porta 3000[39m
2026-05-21 17:35:20: ◇ injected env (4) from .env // tip: ◈ encrypted .env [www.dotenvx.com]
2026-05-21 17:35:21: [35m [WEB] Servidor iniciado na porta 3000[39m
2026-05-21 17:35:26: ◇ injected env (4) from .env // tip: ◈ encrypted .env [www.dotenvx.com]
2026-05-21 17:35:28: [35m [WEB] Servidor iniciado na porta 3000[39m
2026-05-21 17:35:33: ◇ injected env (4) from .env // tip: ⌘ enable debugging { debug: true }
2026-05-21 17:35:34: [35m [WEB] Servidor iniciado na porta 3000[39m
2026-05-21 17:35:40: ◇ injected env (4) from .env // tip: ⌘ multiple files { path: ['.env.local', '.env'] }
2026-05-21 17:35:41: [35m [WEB] Servidor iniciado na porta 3000[39m
2026-05-21 17:35:47: ◇ injected env (4) from .env // tip: ⌘ custom filepath { path: '/custom/path/.env' }
2026-05-21 17:35:48: [35m [WEB] Servidor iniciado na porta 3000[39m
2026-05-21 17:35:53: ◇ injected env (4) from .env // tip: ⌘ override existing { override: true }
2026-05-21 17:35:55: [35m [WEB] Servidor iniciado na porta 3000[39m
2026-05-21 17:36:00: ◇ injected env (4) from .env // tip: ⌘ multiple files { path: ['.env.local', '.env'] }
2026-05-21 17:36:02: [35m [WEB] Servidor iniciado na porta 3000[39m
2026-05-21 17:36:07: ◇ injected env (4) from .env // tip: ⌘ multiple files { path: ['.env.local', '.env'] }
2026-05-21 17:36:08: [35m [WEB] Servidor iniciado na porta 3000[39m
2026-05-21 17:36:14: ◇ injected env (4) from .env // tip: ⌁ auth for agents [www.vestauth.com]
2026-05-21 17:36:15: [35m [WEB] Servidor iniciado na porta 3000[39m
2026-05-21 17:36:20: ◇ injected env (4) from .env // tip: ⌁ auth for agents [www.vestauth.com]
2026-05-21 17:36:22: [35m [WEB] Servidor iniciado na porta 3000[39m
2026-05-21 17:36:27: ◇ injected env (4) from .env // tip: ⌘ multiple files { path: ['.env.local', '.env'] }
2026-05-21 17:36:28: [35m [WEB] Servidor iniciado na porta 3000[39m
2026-05-21 17:36:33: ◇ injected env (4) from .env // tip: ◈ encrypted .env [www.dotenvx.com]
2026-05-21 17:36:35: [35m [WEB] Servidor iniciado na porta 3000[39m
2026-05-21 17:36:40: ◇ injected env (4) from .env // tip: ⌘ multiple files { path: ['.env.local', '.env'] }
2026-05-21 17:36:41: [35m [WEB] Servidor iniciado na porta 3000[39m
2026-05-21 17:36:46: ◇ injected env (4) from .env // tip: ⌘ enable debugging { debug: true }
2026-05-21 17:36:48: [35m [WEB] Servidor iniciado na porta 3000[39m
2026-05-21 17:36:53: ◇ injected env (4) from .env // tip: ⌘ enable debugging { debug: true }
2026-05-21 17:36:54: [35m [WEB] Servidor iniciado na porta 3000[39m
2026-05-21 17:37:00: ◇ injected env (4) from .env // tip: ⌁ auth for agents [www.vestauth.com]
2026-05-21 17:37:01: [35m [WEB] Servidor iniciado na porta 3000[39m
2026-05-21 17:37:06: ◇ injected env (4) from .env // tip: ◈ secrets for agents [www.dotenvx.com]
2026-05-21 17:37:08: [35m [WEB] Servidor iniciado na porta 3000[39m
2026-05-21 17:37:13: ◇ injected env (4) from .env // tip: ◈ encrypted .env [www.dotenvx.com]
2026-05-21 17:37:14: [35m [WEB] Servidor iniciado na porta 3000[39m
2026-05-21 17:37:20: ◇ injected env (4) from .env // tip: ⌘ override existing { override: true }
2026-05-21 17:37:21: [35m [WEB] Servidor iniciado na porta 3000[39m
2026-05-21 17:37:26: ◇ injected env (4) from .env // tip: ◈ encrypted .env [www.dotenvx.com]
2026-05-21 17:37:28: [35m [WEB] Servidor iniciado na porta 3000[39m
2026-05-21 17:37:33: ◇ injected env (4) from .env // tip: ⌘ suppress logs { quiet: true }
2026-05-21 17:37:34: [35m [WEB] Servidor iniciado na porta 3000[39m
2026-05-21 17:37:39: ◇ injected env (4) from .env // tip: ⌘ enable debugging { debug: true }
2026-05-21 17:37:41: [35m [WEB] Servidor iniciado na porta 3000[39m
2026-05-21 17:37:46: ◇ injected env (4) from .env // tip: ⌘ override existing { override: true }
2026-05-21 17:37:47: [35m [WEB] Servidor iniciado na porta 3000[39m
2026-05-21 17:37:52: ◇ injected env (4) from .env // tip: ◈ secrets for agents [www.dotenvx.com]
2026-05-21 17:37:54: [35m [WEB] Servidor iniciado na porta 3000[39m
2026-05-21 17:37:59: ◇ injected env (4) from .env // tip: ⌘ override existing { override: true }
2026-05-21 17:38:00: [35m [WEB] Servidor iniciado na porta 3000[39m
2026-05-21 17:38:06: ◇ injected env (4) from .env // tip: ⌘ suppress logs { quiet: true }
2026-05-21 17:38:07: [35m [WEB] Servidor iniciado na porta 3000[39m
2026-05-21 17:38:12: ◇ injected env (4) from .env // tip: ⌘ enable debugging { debug: true }
2026-05-21 17:38:13: [35m [WEB] Servidor iniciado na porta 3000[39m
2026-05-21 17:38:19: ◇ injected env (4) from .env // tip: ⌘ enable debugging { debug: true }
2026-05-21 17:38:20: [35m [WEB] Servidor iniciado na porta 3000[39m
2026-05-21 17:38:26: ◇ injected env (4) from .env // tip: ⌘ custom filepath { path: '/custom/path/.env' }
2026-05-21 17:38:27: [35m [WEB] Servidor iniciado na porta 3000[39m
2026-05-21 17:38:32: ◇ injected env (4) from .env // tip: ⌘ multiple files { path: ['.env.local', '.env'] }
2026-05-21 17:38:34: [35m [WEB] Servidor iniciado na porta 3000[39m
2026-05-21 17:38:41: ◇ injected env (4) from .env // tip: ⌘ override existing { override: true }
2026-05-21 17:38:42: [35m [WEB] Servidor iniciado na porta 3000[39m
2026-05-21 17:38:47: ◇ injected env (4) from .env // tip: ◈ encrypted .env [www.dotenvx.com]
2026-05-21 17:38:49: [35m [WEB] Servidor iniciado na porta 3000[39m
2026-05-21 17:38:54: ◇ injected env (4) from .env // tip: ⌘ override existing { override: true }
2026-05-21 17:38:56: [35m [WEB] Servidor iniciado na porta 3000[39m
2026-05-21 17:39:01: ◇ injected env (4) from .env // tip: ◈ secrets for agents [www.dotenvx.com]
2026-05-21 17:39:03: [35m [WEB] Servidor iniciado na porta 3000[39m
2026-05-21 17:39:08: ◇ injected env (4) from .env // tip: ⌘ override existing { override: true }
2026-05-21 17:39:10: [35m [WEB] Servidor iniciado na porta 3000[39m
2026-05-21 17:39:15: ◇ injected env (4) from .env // tip: ⌘ override existing { override: true }
2026-05-21 17:39:16: [35m [WEB] Servidor iniciado na porta 3000[39m
2026-05-21 17:39:22: ◇ injected env (4) from .env // tip: ⌘ multiple files { path: ['.env.local', '.env'] }
2026-05-21 17:39:23: [35m [WEB] Servidor iniciado na porta 3000[39m
2026-05-21 17:39:28: ◇ injected env (4) from .env // tip: ◈ encrypted .env [www.dotenvx.com]
2026-05-21 17:39:30: [35m [WEB] Servidor iniciado na porta 3000[39m
2026-05-21 17:39:35: ◇ injected env (4) from .env // tip: ⌘ custom filepath { path: '/custom/path/.env' }
2026-05-21 17:39:36: [35m [WEB] Servidor iniciado na porta 3000[39m
2026-05-21 17:39:42: ◇ injected env (4) from .env // tip: ◈ secrets for agents [www.dotenvx.com]
2026-05-21 17:39:43: [35m [WEB] Servidor iniciado na porta 3000[39m
2026-05-21 17:39:48: ◇ injected env (4) from .env // tip: ⌘ custom filepath { path: '/custom/path/.env' }
2026-05-21 17:39:50: [35m [WEB] Servidor iniciado na porta 3000[39m
2026-05-21 17:39:55: ◇ injected env (4) from .env // tip: ◈ encrypted .env [www.dotenvx.com]
2026-05-21 17:39:57: [35m [WEB] Servidor iniciado na porta 3000[39m
2026-05-21 17:40:02: ◇ injected env (4) from .env // tip: ◈ encrypted .env [www.dotenvx.com]
2026-05-21 17:40:04: [35m [WEB] Servidor iniciado na porta 3000[39m
2026-05-21 17:40:09: ◇ injected env (4) from .env // tip: ⌘ suppress logs { quiet: true }
2026-05-21 17:40:10: [35m [WEB] Servidor iniciado na porta 3000[39m
2026-05-21 17:40:16: ◇ injected env (4) from .env // tip: ⌘ custom filepath { path: '/custom/path/.env' }
2026-05-21 17:40:17: [35m [WEB] Servidor iniciado na porta 3000[39m
2026-05-21 17:40:22: ◇ injected env (4) from .env // tip: ◈ encrypted .env [www.dotenvx.com]
2026-05-21 17:40:24: [35m [WEB] Servidor iniciado na porta 3000[39m
2026-05-21 17:40:29: ◇ injected env (4) from .env // tip: ⌘ enable debugging { debug: true }
2026-05-21 17:40:31: [35m [WEB] Servidor iniciado na porta 3000[39m
2026-05-21 17:40:36: ◇ injected env (4) from .env // tip: ⌘ multiple files { path: ['.env.local', '.env'] }
2026-05-21 17:40:38: [35m [WEB] Servidor iniciado na porta 3000[39m
2026-05-21 17:40:43: ◇ injected env (4) from .env // tip: ⌘ multiple files { path: ['.env.local', '.env'] }
2026-05-21 17:40:44: [35m [WEB] Servidor iniciado na porta 3000[39m
2026-05-21 17:40:49: ◇ injected env (4) from .env // tip: ⌁ auth for agents [www.vestauth.com]
2026-05-21 17:40:51: [35m [WEB] Servidor iniciado na porta 3000[39m
2026-05-21 17:40:56: ◇ injected env (4) from .env // tip: ⌁ auth for agents [www.vestauth.com]
2026-05-21 17:40:58: [35m [WEB] Servidor iniciado na porta 3000[39m
2026-05-21 17:41:03: ◇ injected env (4) from .env // tip: ⌘ multiple files { path: ['.env.local', '.env'] }
2026-05-21 17:41:04: [35m [WEB] Servidor iniciado na porta 3000[39m
2026-05-21 17:41:09: ◇ injected env (4) from .env // tip: ◈ encrypted .env [www.dotenvx.com]
2026-05-21 17:41:11: [35m [WEB] Servidor iniciado na porta 3000[39m
2026-05-21 17:41:16: ◇ injected env (4) from .env // tip: ⌁ auth for agents [www.vestauth.com]
2026-05-21 17:41:17: [35m [WEB] Servidor iniciado na porta 3000[39m
2026-05-21 17:41:23: ◇ injected env (4) from .env // tip: ◈ secrets for agents [www.dotenvx.com]
2026-05-21 17:41:24: [35m [WEB] Servidor iniciado na porta 3000[39m
2026-05-21 17:41:29: ◇ injected env (4) from .env // tip: ⌘ suppress logs { quiet: true }
2026-05-21 17:41:31: [35m [WEB] Servidor iniciado na porta 3000[39m
2026-05-21 17:41:36: ◇ injected env (4) from .env // tip: ⌘ multiple files { path: ['.env.local', '.env'] }
2026-05-21 17:41:37: [35m [WEB] Servidor iniciado na porta 3000[39m
2026-05-21 17:41:42: ◇ injected env (4) from .env // tip: ⌘ override existing { override: true }
2026-05-21 17:41:44: [35m [WEB] Servidor iniciado na porta 3000[39m
2026-05-21 17:41:49: ◇ injected env (4) from .env // tip: ⌘ custom filepath { path: '/custom/path/.env' }
2026-05-21 17:41:50: [35m [WEB] Servidor iniciado na porta 3000[39m
2026-05-21 17:41:56: ◇ injected env (4) from .env // tip: ⌘ override existing { override: true }
2026-05-21 17:41:57: [35m [WEB] Servidor iniciado na porta 3000[39m
2026-05-21 17:42:02: ◇ injected env (4) from .env // tip: ⌘ override existing { override: true }
2026-05-21 17:42:03: [35m [WEB] Servidor iniciado na porta 3000[39m
2026-05-21 17:42:09: ◇ injected env (4) from .env // tip: ◈ encrypted .env [www.dotenvx.com]
2026-05-21 17:42:10: [35m [WEB] Servidor iniciado na porta 3000[39m
2026-05-21 17:42:15: ◇ injected env (4) from .env // tip: ◈ encrypted .env [www.dotenvx.com]
2026-05-21 17:42:17: [35m [WEB] Servidor iniciado na porta 3000[39m
2026-05-21 17:42:22: ◇ injected env (4) from .env // tip: ◈ secrets for agents [www.dotenvx.com]
2026-05-21 17:42:24: [35m [WEB] Servidor iniciado na porta 3000[39m
2026-05-21 17:42:29: ◇ injected env (4) from .env // tip: ⌘ custom filepath { path: '/custom/path/.env' }
2026-05-21 17:42:30: [35m [WEB] Servidor iniciado na porta 3000[39m
2026-05-21 17:42:36: ◇ injected env (4) from .env // tip: ◈ encrypted .env [www.dotenvx.com]
2026-05-21 17:42:37: [35m [WEB] Servidor iniciado na porta 3000[39m
2026-05-21 17:42:42: ◇ injected env (4) from .env // tip: ⌘ suppress logs { quiet: true }
2026-05-21 17:42:44: [35m [WEB] Servidor iniciado na porta 3000[39m
2026-05-21 17:42:49: ◇ injected env (4) from .env // tip: ⌁ auth for agents [www.vestauth.com]
2026-05-21 17:42:50: [35m [WEB] Servidor iniciado na porta 3000[39m
2026-05-21 17:42:56: ◇ injected env (4) from .env // tip: ⌘ override existing { override: true }
2026-05-21 17:42:57: [35m [WEB] Servidor iniciado na porta 3000[39m
2026-05-21 17:43:02: ◇ injected env (4) from .env // tip: ◈ secrets for agents [www.dotenvx.com]
2026-05-21 17:43:03: [35m [WEB] Servidor iniciado na porta 3000[39m
2026-05-21 17:43:09: ◇ injected env (4) from .env // tip: ⌘ enable debugging { debug: true }
2026-05-21 17:43:10: [35m [WEB] Servidor iniciado na porta 3000[39m
2026-05-21 17:43:15: ◇ injected env (4) from .env // tip: ⌁ auth for agents [www.vestauth.com]
2026-05-21 17:43:17: [35m [WEB] Servidor iniciado na porta 3000[39m
2026-05-21 17:43:22: ◇ injected env (4) from .env // tip: ⌘ override existing { override: true }
2026-05-21 17:43:23: [35m [WEB] Servidor iniciado na porta 3000[39m
2026-05-21 17:43:28: ◇ injected env (4) from .env // tip: ◈ encrypted .env [www.dotenvx.com]
2026-05-21 17:43:30: [35m [WEB] Servidor iniciado na porta 3000[39m
2026-05-21 17:43:35: ◇ injected env (4) from .env // tip: ⌘ custom filepath { path: '/custom/path/.env' }
2026-05-21 17:43:36: [35m [WEB] Servidor iniciado na porta 3000[39m
2026-05-21 17:43:41: ◇ injected env (4) from .env // tip: ⌘ multiple files { path: ['.env.local', '.env'] }
2026-05-21 17:43:43: [35m [WEB] Servidor iniciado na porta 3000[39m
2026-05-21 17:43:48: ◇ injected env (4) from .env // tip: ⌘ multiple files { path: ['.env.local', '.env'] }
2026-05-21 17:43:50: [35m [WEB] Servidor iniciado na porta 3000[39m
2026-05-21 17:43:55: ◇ injected env (4) from .env // tip: ◈ secrets for agents [www.dotenvx.com]
2026-05-21 17:43:56: [35m [WEB] Servidor iniciado na porta 3000[39m
2026-05-21 17:44:01: ◇ injected env (4) from .env // tip: ⌘ multiple files { path: ['.env.local', '.env'] }
2026-05-21 17:44:03: [35m [WEB] Servidor iniciado na porta 3000[39m
2026-05-21 17:44:08: ◇ injected env (4) from .env // tip: ⌘ suppress logs { quiet: true }
2026-05-21 17:44:10: [35m [WEB] Servidor iniciado na porta 3000[39m
2026-05-21 17:44:15: ◇ injected env (4) from .env // tip: ⌘ suppress logs { quiet: true }
2026-05-21 17:44:16: [35m [WEB] Servidor iniciado na porta 3000[39m
2026-05-21 17:44:22: ◇ injected env (4) from .env // tip: ◈ secrets for agents [www.dotenvx.com]
2026-05-21 17:44:23: [35m [WEB] Servidor iniciado na porta 3000[39m
2026-05-21 17:44:28: ◇ injected env (4) from .env // tip: ◈ secrets for agents [www.dotenvx.com]
2026-05-21 17:44:30: [35m [WEB] Servidor iniciado na porta 3000[39m
2026-05-21 17:44:35: ◇ injected env (4) from .env // tip: ⌘ custom filepath { path: '/custom/path/.env' }
2026-05-21 17:44:37: [35m [WEB] Servidor iniciado na porta 3000[39m
2026-05-21 17:44:42: ◇ injected env (4) from .env // tip: ◈ secrets for agents [www.dotenvx.com]
2026-05-21 17:44:44: [35m [WEB] Servidor iniciado na porta 3000[39m
2026-05-21 17:44:49: ◇ injected env (4) from .env // tip: ⌘ multiple files { path: ['.env.local', '.env'] }
2026-05-21 17:44:51: [35m [WEB] Servidor iniciado na porta 3000[39m
2026-05-21 17:44:56: ◇ injected env (4) from .env // tip: ⌘ enable debugging { debug: true }
2026-05-21 17:44:58: [35m [WEB] Servidor iniciado na porta 3000[39m
2026-05-21 17:45:03: ◇ injected env (4) from .env // tip: ⌘ multiple files { path: ['.env.local', '.env'] }
2026-05-21 17:45:04: [35m [WEB] Servidor iniciado na porta 3000[39m
2026-05-21 17:45:09: ◇ injected env (4) from .env // tip: ⌘ override existing { override: true }
2026-05-21 17:45:11: [35m [WEB] Servidor iniciado na porta 3000[39m
2026-05-21 17:45:16: ◇ injected env (4) from .env // tip: ⌘ override existing { override: true }
2026-05-21 17:45:18: [35m [WEB] Servidor iniciado na porta 3000[39m
2026-05-21 17:45:23: ◇ injected env (4) from .env // tip: ⌘ custom filepath { path: '/custom/path/.env' }
2026-05-21 17:45:25: [35m [WEB] Servidor iniciado na porta 3000[39m
2026-05-21 17:45:30: ◇ injected env (4) from .env // tip: ⌘ custom filepath { path: '/custom/path/.env' }
2026-05-21 17:45:31: [35m [WEB] Servidor iniciado na porta 3000[39m
2026-05-21 17:45:37: ◇ injected env (4) from .env // tip: ⌁ auth for agents [www.vestauth.com]
2026-05-21 17:45:38: [35m [WEB] Servidor iniciado na porta 3000[39m
2026-05-21 17:45:44: ◇ injected env (4) from .env // tip: ◈ secrets for agents [www.dotenvx.com]
2026-05-21 17:45:45: [35m [WEB] Servidor iniciado na porta 3000[39m
2026-05-21 17:45:50: ◇ injected env (4) from .env // tip: ⌘ custom filepath { path: '/custom/path/.env' }
2026-05-21 17:45:52: [35m [WEB] Servidor iniciado na porta 3000[39m
2026-05-21 17:45:57: ◇ injected env (4) from .env // tip: ⌁ auth for agents [www.vestauth.com]
2026-05-21 17:45:59: [35m [WEB] Servidor iniciado na porta 3000[39m
2026-05-21 17:46:04: ◇ injected env (4) from .env // tip: ⌘ multiple files { path: ['.env.local', '.env'] }
2026-05-21 17:46:06: [35m [WEB] Servidor iniciado na porta 3000[39m
2026-05-21 17:46:11: ◇ injected env (4) from .env // tip: ⌘ enable debugging { debug: true }
2026-05-21 17:46:13: [35m [WEB] Servidor iniciado na porta 3000[39m
2026-05-21 17:46:18: ◇ injected env (4) from .env // tip: ◈ encrypted .env [www.dotenvx.com]
2026-05-21 17:46:20: [35m [WEB] Servidor iniciado na porta 3000[39m
2026-05-21 17:46:25: ◇ injected env (4) from .env // tip: ⌘ suppress logs { quiet: true }
2026-05-21 17:46:26: [35m [WEB] Servidor iniciado na porta 3000[39m
2026-05-21 17:46:32: ◇ injected env (4) from .env // tip: ◈ secrets for agents [www.dotenvx.com]
2026-05-21 17:46:33: [35m [WEB] Servidor iniciado na porta 3000[39m
2026-05-21 17:46:38: ◇ injected env (4) from .env // tip: ⌘ override existing { override: true }
2026-05-21 17:46:40: [35m [WEB] Servidor iniciado na porta 3000[39m
2026-05-21 17:46:45: ◇ injected env (4) from .env // tip: ⌘ custom filepath { path: '/custom/path/.env' }
2026-05-21 17:46:46: [35m [WEB] Servidor iniciado na porta 3000[39m
2026-05-21 17:46:52: ◇ injected env (4) from .env // tip: ⌘ suppress logs { quiet: true }
2026-05-21 17:46:53: [35m [WEB] Servidor iniciado na porta 3000[39m
2026-05-21 17:46:58: ◇ injected env (4) from .env // tip: ⌁ auth for agents [www.vestauth.com]
2026-05-21 17:47:00: [35m [WEB] Servidor iniciado na porta 3000[39m
2026-05-21 17:47:05: ◇ injected env (4) from .env // tip: ⌁ auth for agents [www.vestauth.com]
2026-05-21 17:47:06: [35m [WEB] Servidor iniciado na porta 3000[39m
2026-05-21 17:47:12: ◇ injected env (4) from .env // tip: ◈ secrets for agents [www.dotenvx.com]
2026-05-21 17:47:13: [35m [WEB] Servidor iniciado na porta 3000[39m
2026-05-21 17:47:19: ◇ injected env (4) from .env // tip: ⌘ enable debugging { debug: true }
2026-05-21 17:47:20: [35m [WEB] Servidor iniciado na porta 3000[39m
2026-05-21 17:47:25: ◇ injected env (4) from .env // tip: ⌘ suppress logs { quiet: true }
2026-05-21 17:47:27: [35m [WEB] Servidor iniciado na porta 3000[39m
2026-05-21 17:47:32: ◇ injected env (4) from .env // tip: ◈ encrypted .env [www.dotenvx.com]
2026-05-21 17:47:34: [35m [WEB] Servidor iniciado na porta 3000[39m
2026-05-21 17:47:39: ◇ injected env (4) from .env // tip: ⌁ auth for agents [www.vestauth.com]
2026-05-21 17:47:40: [35m [WEB] Servidor iniciado na porta 3000[39m
2026-05-21 17:47:46: ◇ injected env (4) from .env // tip: ⌘ multiple files { path: ['.env.local', '.env'] }
2026-05-21 17:47:47: [35m [WEB] Servidor iniciado na porta 3000[39m
2026-05-21 17:47:52: ◇ injected env (4) from .env // tip: ◈ encrypted .env [www.dotenvx.com]
2026-05-21 17:47:54: [35m [WEB] Servidor iniciado na porta 3000[39m
2026-05-21 17:48:00: ◇ injected env (4) from .env // tip: ◈ secrets for agents [www.dotenvx.com]
2026-05-21 17:48:01: [35m [WEB] Servidor iniciado na porta 3000[39m
2026-05-21 17:48:06: ◇ injected env (4) from .env // tip: ◈ encrypted .env [www.dotenvx.com]
2026-05-21 17:48:08: [35m [WEB] Servidor iniciado na porta 3000[39m
2026-05-21 17:48:13: ◇ injected env (4) from .env // tip: ⌘ custom filepath { path: '/custom/path/.env' }
2026-05-21 17:48:15: [35m [WEB] Servidor iniciado na porta 3000[39m
2026-05-21 17:48:20: ◇ injected env (4) from .env // tip: ⌘ suppress logs { quiet: true }
2026-05-21 17:48:21: [35m [WEB] Servidor iniciado na porta 3000[39m
2026-05-21 17:48:27: ◇ injected env (4) from .env // tip: ⌘ enable debugging { debug: true }
2026-05-21 17:48:28: [35m [WEB] Servidor iniciado na porta 3000[39m
2026-05-21 17:48:33: ◇ injected env (4) from .env // tip: ◈ secrets for agents [www.dotenvx.com]
2026-05-21 17:48:35: [35m [WEB] Servidor iniciado na porta 3000[39m
2026-05-21 17:48:40: ◇ injected env (4) from .env // tip: ⌘ override existing { override: true }
2026-05-21 17:48:42: [35m [WEB] Servidor iniciado na porta 3000[39m
2026-05-21 17:48:47: ◇ injected env (4) from .env // tip: ◈ encrypted .env [www.dotenvx.com]
2026-05-21 17:48:48: [35m [WEB] Servidor iniciado na porta 3000[39m
2026-05-21 17:48:54: ◇ injected env (4) from .env // tip: ◈ secrets for agents [www.dotenvx.com]
2026-05-21 17:48:55: [35m [WEB] Servidor iniciado na porta 3000[39m
2026-05-21 17:49:00: ◇ injected env (4) from .env // tip: ⌘ override existing { override: true }
2026-05-21 17:49:02: [35m [WEB] Servidor iniciado na porta 3000[39m
2026-05-21 17:49:07: ◇ injected env (4) from .env // tip: ⌁ auth for agents [www.vestauth.com]
2026-05-21 17:49:09: [35m [WEB] Servidor iniciado na porta 3000[39m
2026-05-21 17:49:14: ◇ injected env (4) from .env // tip: ⌘ override existing { override: true }
2026-05-21 17:49:16: [35m [WEB] Servidor iniciado na porta 3000[39m
2026-05-21 17:49:21: ◇ injected env (4) from .env // tip: ⌘ custom filepath { path: '/custom/path/.env' }
2026-05-21 17:49:22: [35m [WEB] Servidor iniciado na porta 3000[39m
2026-05-21 17:49:28: ◇ injected env (4) from .env // tip: ◈ secrets for agents [www.dotenvx.com]
2026-05-21 17:49:30: [35m [WEB] Servidor iniciado na porta 3000[39m
2026-05-21 17:49:35: ◇ injected env (4) from .env // tip: ⌘ suppress logs { quiet: true }
2026-05-21 17:49:36: [35m [WEB] Servidor iniciado na porta 3000[39m
2026-05-21 17:49:41: ◇ injected env (4) from .env // tip: ⌘ suppress logs { quiet: true }
2026-05-21 17:49:43: [35m [WEB] Servidor iniciado na porta 3000[39m
2026-05-21 17:49:48: ◇ injected env (4) from .env // tip: ◈ encrypted .env [www.dotenvx.com]
2026-05-21 17:49:49: [35m [WEB] Servidor iniciado na porta 3000[39m
2026-05-21 17:49:55: ◇ injected env (4) from .env // tip: ⌘ multiple files { path: ['.env.local', '.env'] }
2026-05-21 17:49:56: [35m [WEB] Servidor iniciado na porta 3000[39m
2026-05-21 17:50:01: ◇ injected env (4) from .env // tip: ⌘ multiple files { path: ['.env.local', '.env'] }
2026-05-21 17:50:03: [35m [WEB] Servidor iniciado na porta 3000[39m
2026-05-21 17:50:08: ◇ injected env (4) from .env // tip: ⌁ auth for agents [www.vestauth.com]
2026-05-21 17:50:10: [35m [WEB] Servidor iniciado na porta 3000[39m
2026-05-21 17:50:15: ◇ injected env (4) from .env // tip: ⌘ suppress logs { quiet: true }
2026-05-21 17:50:16: [35m [WEB] Servidor iniciado na porta 3000[39m
2026-05-21 17:50:22: ◇ injected env (4) from .env // tip: ◈ encrypted .env [www.dotenvx.com]
2026-05-21 17:50:23: [35m [WEB] Servidor iniciado na porta 3000[39m
2026-05-21 17:50:28: ◇ injected env (4) from .env // tip: ⌘ custom filepath { path: '/custom/path/.env' }
2026-05-21 17:50:30: [35m [WEB] Servidor iniciado na porta 3000[39m
2026-05-21 17:50:35: ◇ injected env (4) from .env // tip: ⌘ custom filepath { path: '/custom/path/.env' }
2026-05-21 17:50:37: [35m [WEB] Servidor iniciado na porta 3000[39m
2026-05-21 17:50:42: ◇ injected env (4) from .env // tip: ⌘ multiple files { path: ['.env.local', '.env'] }
2026-05-21 17:50:44: [35m [WEB] Servidor iniciado na porta 3000[39m
2026-05-21 17:50:49: ◇ injected env (4) from .env // tip: ⌁ auth for agents [www.vestauth.com]
2026-05-21 17:50:51: [35m [WEB] Servidor iniciado na porta 3000[39m
2026-05-21 17:50:57: ◇ injected env (4) from .env // tip: ⌁ auth for agents [www.vestauth.com]
2026-05-21 17:50:58: [35m [WEB] Servidor iniciado na porta 3000[39m
2026-05-21 17:51:03: ◇ injected env (4) from .env // tip: ⌘ enable debugging { debug: true }
2026-05-21 17:51:05: [35m [WEB] Servidor iniciado na porta 3000[39m
2026-05-21 17:51:10: ◇ injected env (4) from .env // tip: ◈ secrets for agents [www.dotenvx.com]
2026-05-21 17:51:11: [35m [WEB] Servidor iniciado na porta 3000[39m
2026-05-21 17:51:17: ◇ injected env (4) from .env // tip: ⌁ auth for agents [www.vestauth.com]
2026-05-21 17:51:18: [35m [WEB] Servidor iniciado na porta 3000[39m
2026-05-21 17:51:23: ◇ injected env (4) from .env // tip: ⌘ enable debugging { debug: true }
2026-05-21 17:51:25: [35m [WEB] Servidor iniciado na porta 3000[39m
2026-05-21 17:51:30: ◇ injected env (4) from .env // tip: ⌁ auth for agents [www.vestauth.com]
2026-05-21 17:51:31: [35m [WEB] Servidor iniciado na porta 3000[39m
2026-05-21 17:51:36: ◇ injected env (4) from .env // tip: ⌘ enable debugging { debug: true }
2026-05-21 17:51:38: [35m [WEB] Servidor iniciado na porta 3000[39m
2026-05-21 17:51:43: ◇ injected env (4) from .env // tip: ◈ encrypted .env [www.dotenvx.com]
2026-05-21 17:51:45: [35m [WEB] Servidor iniciado na porta 3000[39m
2026-05-21 17:51:51: ◇ injected env (4) from .env // tip: ◈ secrets for agents [www.dotenvx.com]
2026-05-21 17:51:52: [35m [WEB] Servidor iniciado na porta 3000[39m
2026-05-21 17:51:57: ◇ injected env (4) from .env // tip: ⌁ auth for agents [www.vestauth.com]
2026-05-21 17:51:59: [35m [WEB] Servidor iniciado na porta 3000[39m
2026-05-21 17:52:04: ◇ injected env (4) from .env // tip: ⌘ multiple files { path: ['.env.local', '.env'] }
2026-05-21 17:52:06: [35m [WEB] Servidor iniciado na porta 3000[39m
2026-05-21 17:52:11: ◇ injected env (4) from .env // tip: ◈ encrypted .env [www.dotenvx.com]
2026-05-21 17:52:13: [35m [WEB] Servidor iniciado na porta 3000[39m
2026-05-21 17:52:18: ◇ injected env (4) from .env // tip: ◈ secrets for agents [www.dotenvx.com]
2026-05-21 17:52:20: [35m [WEB] Servidor iniciado na porta 3000[39m
2026-05-21 17:52:25: ◇ injected env (4) from .env // tip: ⌘ suppress logs { quiet: true }
2026-05-21 17:52:27: [35m [WEB] Servidor iniciado na porta 3000[39m
2026-05-21 17:52:32: ◇ injected env (4) from .env // tip: ⌘ multiple files { path: ['.env.local', '.env'] }
2026-05-21 17:52:33: [35m [WEB] Servidor iniciado na porta 3000[39m
2026-05-21 17:52:38: ◇ injected env (4) from .env // tip: ⌁ auth for agents [www.vestauth.com]
2026-05-21 17:52:40: [35m [WEB] Servidor iniciado na porta 3000[39m
2026-05-21 17:52:45: ◇ injected env (4) from .env // tip: ⌁ auth for agents [www.vestauth.com]
2026-05-21 17:52:47: [35m [WEB] Servidor iniciado na porta 3000[39m
2026-05-21 17:52:52: ◇ injected env (4) from .env // tip: ⌘ suppress logs { quiet: true }
2026-05-21 17:52:54: [35m [WEB] Servidor iniciado na porta 3000[39m
2026-05-21 17:52:59: ◇ injected env (4) from .env // tip: ⌘ custom filepath { path: '/custom/path/.env' }
2026-05-21 17:53:01: [35m [WEB] Servidor iniciado na porta 3000[39m
2026-05-21 17:53:06: ◇ injected env (4) from .env // tip: ⌁ auth for agents [www.vestauth.com]
2026-05-21 17:53:08: [35m [WEB] Servidor iniciado na porta 3000[39m
2026-05-21 17:53:13: ◇ injected env (4) from .env // tip: ⌘ custom filepath { path: '/custom/path/.env' }
2026-05-21 17:53:15: [35m [WEB] Servidor iniciado na porta 3000[39m
2026-05-21 17:53:20: ◇ injected env (4) from .env // tip: ⌘ custom filepath { path: '/custom/path/.env' }
2026-05-21 17:53:22: [35m [WEB] Servidor iniciado na porta 3000[39m
2026-05-21 17:53:27: ◇ injected env (4) from .env // tip: ⌘ enable debugging { debug: true }
2026-05-21 17:53:29: [35m [WEB] Servidor iniciado na porta 3000[39m
2026-05-21 17:53:34: ◇ injected env (4) from .env // tip: ⌘ override existing { override: true }
2026-05-21 17:53:36: [35m [WEB] Servidor iniciado na porta 3000[39m
2026-05-21 17:53:41: ◇ injected env (4) from .env // tip: ◈ secrets for agents [www.dotenvx.com]
2026-05-21 17:53:43: [35m [WEB] Servidor iniciado na porta 3000[39m
2026-05-21 17:53:48: ◇ injected env (4) from .env // tip: ⌘ enable debugging { debug: true }
2026-05-21 17:53:50: [35m [WEB] Servidor iniciado na porta 3000[39m
2026-05-21 17:53:55: ◇ injected env (4) from .env // tip: ⌁ auth for agents [www.vestauth.com]
2026-05-21 17:53:57: [35m [WEB] Servidor iniciado na porta 3000[39m
2026-05-21 17:54:02: ◇ injected env (4) from .env // tip: ⌘ enable debugging { debug: true }
2026-05-21 17:54:03: [35m [WEB] Servidor iniciado na porta 3000[39m
2026-05-21 17:54:09: ◇ injected env (4) from .env // tip: ◈ secrets for agents [www.dotenvx.com]
2026-05-21 17:54:10: [35m [WEB] Servidor iniciado na porta 3000[39m
2026-05-21 17:54:16: ◇ injected env (4) from .env // tip: ◈ encrypted .env [www.dotenvx.com]
2026-05-21 17:54:18: [35m [WEB] Servidor iniciado na porta 3000[39m
2026-05-21 17:54:24: ◇ injected env (4) from .env // tip: ◈ secrets for agents [www.dotenvx.com]
2026-05-21 17:54:26: [35m [WEB] Servidor iniciado na porta 3000[39m
2026-05-21 17:54:31: ◇ injected env (4) from .env // tip: ⌁ auth for agents [www.vestauth.com]
2026-05-21 17:54:33: [35m [WEB] Servidor iniciado na porta 3000[39m
2026-05-21 17:54:38: ◇ injected env (4) from .env // tip: ⌘ enable debugging { debug: true }
2026-05-21 17:54:40: [35m [WEB] Servidor iniciado na porta 3000[39m
2026-05-21 17:54:45: ◇ injected env (4) from .env // tip: ⌘ suppress logs { quiet: true }
2026-05-21 17:54:47: [35m [WEB] Servidor iniciado na porta 3000[39m
2026-05-21 17:54:52: ◇ injected env (4) from .env // tip: ⌘ override existing { override: true }
2026-05-21 17:54:53: [35m [WEB] Servidor iniciado na porta 3000[39m
2026-05-21 17:54:59: ◇ injected env (4) from .env // tip: ⌘ multiple files { path: ['.env.local', '.env'] }
2026-05-21 17:55:01: [35m [WEB] Servidor iniciado na porta 3000[39m
2026-05-21 17:55:06: ◇ injected env (4) from .env // tip: ⌘ custom filepath { path: '/custom/path/.env' }
2026-05-21 17:55:07: [35m [WEB] Servidor iniciado na porta 3000[39m
2026-05-21 17:55:13: ◇ injected env (4) from .env // tip: ◈ secrets for agents [www.dotenvx.com]
2026-05-21 17:55:14: [35m [WEB] Servidor iniciado na porta 3000[39m
2026-05-21 17:55:19: ◇ injected env (4) from .env // tip: ⌘ override existing { override: true }
2026-05-21 17:55:23: [35m [WEB] Servidor iniciado na porta 3000[39m
2026-05-21 17:55:28: ◇ injected env (4) from .env // tip: ◈ secrets for agents [www.dotenvx.com]
2026-05-21 17:55:31: [35m [WEB] Servidor iniciado na porta 3000[39m
2026-05-21 17:55:36: ◇ injected env (4) from .env // tip: ⌘ suppress logs { quiet: true }
2026-05-21 17:55:37: [35m [WEB] Servidor iniciado na porta 3000[39m
2026-05-21 17:55:43: ◇ injected env (4) from .env // tip: ⌁ auth for agents [www.vestauth.com]
2026-05-21 17:55:44: [35m [WEB] Servidor iniciado na porta 3000[39m
2026-05-21 17:55:49: ◇ injected env (4) from .env // tip: ⌘ custom filepath { path: '/custom/path/.env' }
2026-05-21 17:55:51: [35m [WEB] Servidor iniciado na porta 3000[39m
2026-05-21 17:55:56: ◇ injected env (4) from .env // tip: ⌘ override existing { override: true }
2026-05-21 17:55:58: [35m [WEB] Servidor iniciado na porta 3000[39m
2026-05-21 17:56:03: ◇ injected env (4) from .env // tip: ◈ encrypted .env [www.dotenvx.com]
2026-05-21 17:56:05: [35m [WEB] Servidor iniciado na porta 3000[39m
2026-05-21 17:56:10: ◇ injected env (4) from .env // tip: ⌘ custom filepath { path: '/custom/path/.env' }
2026-05-21 17:56:12: [35m [WEB] Servidor iniciado na porta 3000[39m
2026-05-21 17:56:17: ◇ injected env (4) from .env // tip: ⌘ multiple files { path: ['.env.local', '.env'] }
2026-05-21 17:56:18: [35m [WEB] Servidor iniciado na porta 3000[39m
2026-05-21 17:56:23: ◇ injected env (4) from .env // tip: ⌘ override existing { override: true }
2026-05-21 17:56:25: [35m [WEB] Servidor iniciado na porta 3000[39m
2026-05-21 17:56:31: ◇ injected env (4) from .env // tip: ⌘ override existing { override: true }
2026-05-21 17:56:32: [35m [WEB] Servidor iniciado na porta 3000[39m
2026-05-21 17:56:37: ◇ injected env (4) from .env // tip: ⌘ enable debugging { debug: true }
2026-05-21 17:56:38: [35m [WEB] Servidor iniciado na porta 3000[39m
2026-05-21 17:56:44: ◇ injected env (4) from .env // tip: ⌁ auth for agents [www.vestauth.com]
2026-05-21 17:56:45: [35m [WEB] Servidor iniciado na porta 3000[39m
2026-05-21 17:56:50: ◇ injected env (4) from .env // tip: ⌘ multiple files { path: ['.env.local', '.env'] }
2026-05-21 17:56:52: [35m [WEB] Servidor iniciado na porta 3000[39m
2026-05-21 17:56:57: ◇ injected env (4) from .env // tip: ◈ encrypted .env [www.dotenvx.com]
2026-05-21 17:56:58: [35m [WEB] Servidor iniciado na porta 3000[39m
2026-05-21 17:57:04: ◇ injected env (4) from .env // tip: ◈ secrets for agents [www.dotenvx.com]
2026-05-21 17:57:05: [35m [WEB] Servidor iniciado na porta 3000[39m
2026-05-21 17:57:10: ◇ injected env (4) from .env // tip: ◈ encrypted .env [www.dotenvx.com]
2026-05-21 17:57:11: [35m [WEB] Servidor iniciado na porta 3000[39m
2026-05-21 17:57:17: ◇ injected env (4) from .env // tip: ⌘ custom filepath { path: '/custom/path/.env' }
2026-05-21 17:57:18: [35m [WEB] Servidor iniciado na porta 3000[39m
2026-05-21 17:57:23: ◇ injected env (4) from .env // tip: ⌘ enable debugging { debug: true }
2026-05-21 17:57:25: [35m [WEB] Servidor iniciado na porta 3000[39m
2026-05-21 17:57:30: ◇ injected env (4) from .env // tip: ⌘ multiple files { path: ['.env.local', '.env'] }
2026-05-21 17:57:31: [35m [WEB] Servidor iniciado na porta 3000[39m
2026-05-21 17:57:37: ◇ injected env (4) from .env // tip: ⌘ multiple files { path: ['.env.local', '.env'] }
2026-05-21 17:57:38: [35m [WEB] Servidor iniciado na porta 3000[39m
2026-05-21 17:57:43: ◇ injected env (4) from .env // tip: ⌘ enable debugging { debug: true }
2026-05-21 17:57:45: [35m [WEB] Servidor iniciado na porta 3000[39m
2026-05-21 17:57:50: ◇ injected env (4) from .env // tip: ⌘ custom filepath { path: '/custom/path/.env' }
2026-05-21 17:57:51: [35m [WEB] Servidor iniciado na porta 3000[39m
2026-05-21 17:57:56: ◇ injected env (4) from .env // tip: ⌘ custom filepath { path: '/custom/path/.env' }
2026-05-21 17:57:58: [35m [WEB] Servidor iniciado na porta 3000[39m
2026-05-21 17:58:03: ◇ injected env (4) from .env // tip: ⌘ suppress logs { quiet: true }
2026-05-21 17:58:04: [35m [WEB] Servidor iniciado na porta 3000[39m
2026-05-21 17:58:10: ◇ injected env (4) from .env // tip: ⌘ enable debugging { debug: true }
2026-05-21 17:58:11: [35m [WEB] Servidor iniciado na porta 3000[39m
2026-05-21 17:58:16: ◇ injected env (4) from .env // tip: ⌘ override existing { override: true }
2026-05-21 17:58:18: [35m [WEB] Servidor iniciado na porta 3000[39m
2026-05-21 17:58:23: ◇ injected env (4) from .env // tip: ⌘ override existing { override: true }
2026-05-21 17:58:24: [35m [WEB] Servidor iniciado na porta 3000[39m
2026-05-21 17:58:29: ◇ injected env (4) from .env // tip: ◈ secrets for agents [www.dotenvx.com]
2026-05-21 17:58:31: [35m [WEB] Servidor iniciado na porta 3000[39m
2026-05-21 17:58:36: ◇ injected env (4) from .env // tip: ⌘ suppress logs { quiet: true }
2026-05-21 17:58:37: [35m [WEB] Servidor iniciado na porta 3000[39m
2026-05-21 17:58:43: ◇ injected env (4) from .env // tip: ⌘ custom filepath { path: '/custom/path/.env' }
2026-05-21 17:58:44: [35m [WEB] Servidor iniciado na porta 3000[39m
2026-05-21 17:58:49: ◇ injected env (4) from .env // tip: ⌘ custom filepath { path: '/custom/path/.env' }
2026-05-21 17:58:51: [35m [WEB] Servidor iniciado na porta 3000[39m
2026-05-21 17:58:56: ◇ injected env (4) from .env // tip: ⌘ override existing { override: true }
2026-05-21 17:58:57: [35m [WEB] Servidor iniciado na porta 3000[39m
2026-05-21 17:59:02: ◇ injected env (4) from .env // tip: ⌘ enable debugging { debug: true }
2026-05-21 17:59:04: [35m [WEB] Servidor iniciado na porta 3000[39m
2026-05-21 17:59:09: ◇ injected env (4) from .env // tip: ⌁ auth for agents [www.vestauth.com]
2026-05-21 17:59:10: [35m [WEB] Servidor iniciado na porta 3000[39m
2026-05-21 17:59:16: ◇ injected env (4) from .env // tip: ⌘ override existing { override: true }
2026-05-21 17:59:17: [35m [WEB] Servidor iniciado na porta 3000[39m
2026-05-21 17:59:22: ◇ injected env (4) from .env // tip: ⌘ enable debugging { debug: true }
2026-05-21 17:59:23: [35m [WEB] Servidor iniciado na porta 3000[39m
2026-05-21 17:59:29: ◇ injected env (4) from .env // tip: ◈ encrypted .env [www.dotenvx.com]
2026-05-21 17:59:30: [35m [WEB] Servidor iniciado na porta 3000[39m
2026-05-21 17:59:35: ◇ injected env (4) from .env // tip: ⌘ override existing { override: true }
2026-05-21 17:59:37: [35m [WEB] Servidor iniciado na porta 3000[39m
2026-05-21 17:59:42: ◇ injected env (4) from .env // tip: ⌘ multiple files { path: ['.env.local', '.env'] }
2026-05-21 17:59:43: [35m [WEB] Servidor iniciado na porta 3000[39m
2026-05-21 17:59:49: ◇ injected env (4) from .env // tip: ⌘ custom filepath { path: '/custom/path/.env' }
2026-05-21 17:59:50: [35m [WEB] Servidor iniciado na porta 3000[39m
2026-05-21 17:59:55: ◇ injected env (4) from .env // tip: ⌘ custom filepath { path: '/custom/path/.env' }
2026-05-21 17:59:56: [35m [WEB] Servidor iniciado na porta 3000[39m
2026-05-21 18:00:02: ◇ injected env (4) from .env // tip: ⌘ suppress logs { quiet: true }
2026-05-21 18:00:03: [35m [WEB] Servidor iniciado na porta 3000[39m
2026-05-21 18:00:08: ◇ injected env (4) from .env // tip: ⌘ override existing { override: true }
2026-05-21 18:00:10: [35m [WEB] Servidor iniciado na porta 3000[39m
2026-05-21 18:00:15: ◇ injected env (4) from .env // tip: ◈ encrypted .env [www.dotenvx.com]
2026-05-21 18:00:16: [35m [WEB] Servidor iniciado na porta 3000[39m
2026-05-21 18:00:22: ◇ injected env (4) from .env // tip: ⌘ override existing { override: true }
2026-05-21 18:00:23: [35m [WEB] Servidor iniciado na porta 3000[39m
2026-05-21 18:00:28: ◇ injected env (4) from .env // tip: ⌁ auth for agents [www.vestauth.com]
2026-05-21 18:00:30: [35m [WEB] Servidor iniciado na porta 3000[39m
2026-05-21 18:00:35: ◇ injected env (4) from .env // tip: ◈ secrets for agents [www.dotenvx.com]
2026-05-21 18:00:36: [35m [WEB] Servidor iniciado na porta 3000[39m
2026-05-21 18:00:42: ◇ injected env (4) from .env // tip: ⌘ enable debugging { debug: true }
2026-05-21 18:00:43: [35m [WEB] Servidor iniciado na porta 3000[39m
2026-05-21 18:00:48: ◇ injected env (4) from .env // tip: ⌘ multiple files { path: ['.env.local', '.env'] }
2026-05-21 18:00:50: [35m [WEB] Servidor iniciado na porta 3000[39m
2026-05-21 18:00:55: ◇ injected env (4) from .env // tip: ⌘ multiple files { path: ['.env.local', '.env'] }
2026-05-21 18:00:56: [35m [WEB] Servidor iniciado na porta 3000[39m
2026-05-21 18:01:02: ◇ injected env (4) from .env // tip: ⌘ custom filepath { path: '/custom/path/.env' }
2026-05-21 18:01:03: [35m [WEB] Servidor iniciado na porta 3000[39m
2026-05-21 18:01:09: ◇ injected env (4) from .env // tip: ⌘ custom filepath { path: '/custom/path/.env' }
2026-05-21 18:01:10: [35m [WEB] Servidor iniciado na porta 3000[39m
2026-05-21 18:01:15: ◇ injected env (4) from .env // tip: ⌘ custom filepath { path: '/custom/path/.env' }
2026-05-21 18:01:17: [35m [WEB] Servidor iniciado na porta 3000[39m
2026-05-21 18:01:22: ◇ injected env (4) from .env // tip: ⌘ enable debugging { debug: true }
2026-05-21 18:01:23: [35m [WEB] Servidor iniciado na porta 3000[39m
2026-05-21 18:01:28: ◇ injected env (4) from .env // tip: ⌘ custom filepath { path: '/custom/path/.env' }
2026-05-21 18:01:30: [35m [WEB] Servidor iniciado na porta 3000[39m
2026-05-21 18:01:35: ◇ injected env (4) from .env // tip: ⌘ override existing { override: true }
2026-05-21 18:01:36: [35m [WEB] Servidor iniciado na porta 3000[39m
2026-05-21 18:01:42: ◇ injected env (4) from .env // tip: ◈ secrets for agents [www.dotenvx.com]
2026-05-21 18:01:43: [35m [WEB] Servidor iniciado na porta 3000[39m
2026-05-21 18:01:48: ◇ injected env (4) from .env // tip: ⌘ multiple files { path: ['.env.local', '.env'] }
2026-05-21 18:01:50: [35m [WEB] Servidor iniciado na porta 3000[39m
2026-05-21 18:01:55: ◇ injected env (4) from .env // tip: ⌘ override existing { override: true }
2026-05-21 18:01:57: [35m [WEB] Servidor iniciado na porta 3000[39m
2026-05-21 18:02:03: ◇ injected env (4) from .env // tip: ⌘ override existing { override: true }
2026-05-21 18:02:05: [35m [WEB] Servidor iniciado na porta 3000[39m
2026-05-21 18:02:10: ◇ injected env (4) from .env // tip: ⌁ auth for agents [www.vestauth.com]
2026-05-21 18:02:12: [35m [WEB] Servidor iniciado na porta 3000[39m
2026-05-21 18:02:17: ◇ injected env (4) from .env // tip: ⌁ auth for agents [www.vestauth.com]
2026-05-21 18:02:18: [35m [WEB] Servidor iniciado na porta 3000[39m
2026-05-21 18:02:24: ◇ injected env (4) from .env // tip: ⌘ suppress logs { quiet: true }
2026-05-21 18:02:25: [35m [WEB] Servidor iniciado na porta 3000[39m
2026-05-21 18:02:30: ◇ injected env (4) from .env // tip: ⌘ multiple files { path: ['.env.local', '.env'] }
2026-05-21 18:02:33: [35m [WEB] Servidor iniciado na porta 3000[39m
2026-05-21 18:02:38: ◇ injected env (4) from .env // tip: ⌘ multiple files { path: ['.env.local', '.env'] }
2026-05-21 18:02:40: [35m [WEB] Servidor iniciado na porta 3000[39m
2026-05-21 18:02:46: ◇ injected env (4) from .env // tip: ◈ secrets for agents [www.dotenvx.com]
2026-05-21 18:02:47: [35m [WEB] Servidor iniciado na porta 3000[39m
2026-05-21 18:02:53: ◇ injected env (4) from .env // tip: ◈ secrets for agents [www.dotenvx.com]
2026-05-21 18:02:54: [35m [WEB] Servidor iniciado na porta 3000[39m
2026-05-21 18:03:00: ◇ injected env (4) from .env // tip: ◈ encrypted .env [www.dotenvx.com]
2026-05-21 18:03:01: [35m [WEB] Servidor iniciado na porta 3000[39m
2026-05-21 18:03:07: ◇ injected env (4) from .env // tip: ⌘ override existing { override: true }
2026-05-21 18:03:09: [35m [WEB] Servidor iniciado na porta 3000[39m
2026-05-21 18:03:14: ◇ injected env (4) from .env // tip: ⌘ enable debugging { debug: true }
2026-05-21 18:03:16: [35m [WEB] Servidor iniciado na porta 3000[39m
2026-05-21 18:03:21: ◇ injected env (4) from .env // tip: ◈ encrypted .env [www.dotenvx.com]
2026-05-21 18:03:23: [35m [WEB] Servidor iniciado na porta 3000[39m
2026-05-21 18:03:28: ◇ injected env (4) from .env // tip: ⌘ enable debugging { debug: true }
2026-05-21 18:03:29: [35m [WEB] Servidor iniciado na porta 3000[39m
2026-05-21 18:03:35: ◇ injected env (4) from .env // tip: ⌁ auth for agents [www.vestauth.com]
2026-05-21 18:03:36: [35m [WEB] Servidor iniciado na porta 3000[39m
2026-05-21 18:03:41: ◇ injected env (4) from .env // tip: ⌁ auth for agents [www.vestauth.com]
2026-05-21 18:03:43: [35m [WEB] Servidor iniciado na porta 3000[39m
2026-05-21 18:03:48: ◇ injected env (4) from .env // tip: ⌘ enable debugging { debug: true }
2026-05-21 18:03:50: [35m [WEB] Servidor iniciado na porta 3000[39m
2026-05-21 18:03:55: ◇ injected env (4) from .env // tip: ◈ secrets for agents [www.dotenvx.com]
2026-05-21 18:03:57: [35m [WEB] Servidor iniciado na porta 3000[39m
2026-05-21 18:04:02: ◇ injected env (4) from .env // tip: ⌁ auth for agents [www.vestauth.com]
2026-05-21 18:04:05: [35m [WEB] Servidor iniciado na porta 3000[39m
2026-05-21 18:04:10: ◇ injected env (4) from .env // tip: ◈ encrypted .env [www.dotenvx.com]
2026-05-21 18:04:12: [35m [WEB] Servidor iniciado na porta 3000[39m
2026-05-21 18:04:17: ◇ injected env (4) from .env // tip: ⌘ override existing { override: true }
2026-05-21 18:04:19: [35m [WEB] Servidor iniciado na porta 3000[39m
2026-05-21 18:04:24: ◇ injected env (4) from .env // tip: ⌘ suppress logs { quiet: true }
2026-05-21 18:04:25: [35m [WEB] Servidor iniciado na porta 3000[39m
2026-05-21 18:04:31: ◇ injected env (4) from .env // tip: ⌘ enable debugging { debug: true }
2026-05-21 18:04:32: [35m [WEB] Servidor iniciado na porta 3000[39m
2026-05-21 18:04:37: ◇ injected env (4) from .env // tip: ⌘ multiple files { path: ['.env.local', '.env'] }
2026-05-21 18:04:39: [35m [WEB] Servidor iniciado na porta 3000[39m
2026-05-21 18:04:44: ◇ injected env (4) from .env // tip: ⌘ suppress logs { quiet: true }
2026-05-21 18:04:47: [35m [WEB] Servidor iniciado na porta 3000[39m
2026-05-21 18:04:52: ◇ injected env (4) from .env // tip: ⌘ suppress logs { quiet: true }
2026-05-21 18:04:53: [35m [WEB] Servidor iniciado na porta 3000[39m
2026-05-21 18:04:58: ◇ injected env (4) from .env // tip: ⌁ auth for agents [www.vestauth.com]
2026-05-21 18:05:00: [35m [WEB] Servidor iniciado na porta 3000[39m
2026-05-21 18:05:05: ◇ injected env (4) from .env // tip: ◈ encrypted .env [www.dotenvx.com]
2026-05-21 18:05:06: [35m [WEB] Servidor iniciado na porta 3000[39m
2026-05-21 18:05:12: ◇ injected env (4) from .env // tip: ⌘ suppress logs { quiet: true }
2026-05-21 18:05:13: [35m [WEB] Servidor iniciado na porta 3000[39m
2026-05-21 18:05:18: ◇ injected env (4) from .env // tip: ⌘ suppress logs { quiet: true }
2026-05-21 18:05:20: [35m [WEB] Servidor iniciado na porta 3000[39m
2026-05-21 18:05:25: ◇ injected env (4) from .env // tip: ⌘ override existing { override: true }
2026-05-21 18:05:26: [35m [WEB] Servidor iniciado na porta 3000[39m
2026-05-21 18:05:32: ◇ injected env (4) from .env // tip: ◈ encrypted .env [www.dotenvx.com]
2026-05-21 18:05:34: [35m [WEB] Servidor iniciado na porta 3000[39m
2026-05-21 18:05:39: ◇ injected env (4) from .env // tip: ⌘ multiple files { path: ['.env.local', '.env'] }
2026-05-21 18:05:40: [35m [WEB] Servidor iniciado na porta 3000[39m
2026-05-21 18:05:46: ◇ injected env (4) from .env // tip: ⌘ override existing { override: true }
2026-05-21 18:05:47: [35m [WEB] Servidor iniciado na porta 3000[39m
2026-05-21 18:05:52: ◇ injected env (4) from .env // tip: ⌘ custom filepath { path: '/custom/path/.env' }
2026-05-21 18:05:54: [35m [WEB] Servidor iniciado na porta 3000[39m
2026-05-21 18:05:59: ◇ injected env (4) from .env // tip: ⌘ override existing { override: true }
2026-05-21 18:06:01: [35m [WEB] Servidor iniciado na porta 3000[39m
2026-05-21 18:06:06: ◇ injected env (4) from .env // tip: ◈ encrypted .env [www.dotenvx.com]
2026-05-21 18:06:07: [35m [WEB] Servidor iniciado na porta 3000[39m
2026-05-21 18:06:12: ◇ injected env (4) from .env // tip: ⌘ enable debugging { debug: true }
2026-05-21 18:06:14: [35m [WEB] Servidor iniciado na porta 3000[39m
2026-05-21 18:06:19: ◇ injected env (4) from .env // tip: ◈ encrypted .env [www.dotenvx.com]
2026-05-21 18:06:21: [35m [WEB] Servidor iniciado na porta 3000[39m
2026-05-21 18:06:26: ◇ injected env (4) from .env // tip: ◈ encrypted .env [www.dotenvx.com]
2026-05-21 18:06:27: [35m [WEB] Servidor iniciado na porta 3000[39m
2026-05-21 18:06:33: ◇ injected env (4) from .env // tip: ◈ secrets for agents [www.dotenvx.com]
2026-05-21 18:06:34: [35m [WEB] Servidor iniciado na porta 3000[39m
2026-05-21 18:06:40: ◇ injected env (4) from .env // tip: ⌁ auth for agents [www.vestauth.com]
2026-05-21 18:06:42: [35m [WEB] Servidor iniciado na porta 3000[39m
2026-05-21 18:06:48: ◇ injected env (4) from .env // tip: ⌁ auth for agents [www.vestauth.com]
2026-05-21 18:06:50: [35m [WEB] Servidor iniciado na porta 3000[39m
2026-05-21 18:06:55: ◇ injected env (4) from .env // tip: ⌘ suppress logs { quiet: true }
2026-05-21 18:06:57: [35m [WEB] Servidor iniciado na porta 3000[39m
2026-05-21 18:07:02: ◇ injected env (4) from .env // tip: ⌘ custom filepath { path: '/custom/path/.env' }
2026-05-21 18:07:04: [35m [WEB] Servidor iniciado na porta 3000[39m
2026-05-21 18:07:09: ◇ injected env (4) from .env // tip: ⌘ custom filepath { path: '/custom/path/.env' }
2026-05-21 18:07:10: [35m [WEB] Servidor iniciado na porta 3000[39m
2026-05-21 18:07:16: ◇ injected env (4) from .env // tip: ◈ secrets for agents [www.dotenvx.com]
2026-05-21 18:07:17: [35m [WEB] Servidor iniciado na porta 3000[39m
2026-05-21 18:07:22: ◇ injected env (4) from .env // tip: ◈ secrets for agents [www.dotenvx.com]
2026-05-21 18:07:24: [35m [WEB] Servidor iniciado na porta 3000[39m
2026-05-21 18:07:29: ◇ injected env (4) from .env // tip: ⌘ override existing { override: true }
2026-05-21 18:07:31: [35m [WEB] Servidor iniciado na porta 3000[39m
2026-05-21 18:07:36: ◇ injected env (4) from .env // tip: ⌘ multiple files { path: ['.env.local', '.env'] }
2026-05-21 18:07:38: [35m [WEB] Servidor iniciado na porta 3000[39m
2026-05-21 18:07:43: ◇ injected env (4) from .env // tip: ⌘ override existing { override: true }
2026-05-21 18:07:45: [35m [WEB] Servidor iniciado na porta 3000[39m
2026-05-21 18:07:50: ◇ injected env (4) from .env // tip: ◈ secrets for agents [www.dotenvx.com]
2026-05-21 18:07:53: [35m [WEB] Servidor iniciado na porta 3000[39m
2026-05-21 18:07:58: ◇ injected env (4) from .env // tip: ⌘ custom filepath { path: '/custom/path/.env' }
2026-05-21 18:08:00: [35m [WEB] Servidor iniciado na porta 3000[39m
2026-05-21 18:08:05: ◇ injected env (4) from .env // tip: ⌘ multiple files { path: ['.env.local', '.env'] }
2026-05-21 18:08:07: [35m [WEB] Servidor iniciado na porta 3000[39m
2026-05-21 18:08:12: ◇ injected env (4) from .env // tip: ⌁ auth for agents [www.vestauth.com]
2026-05-21 18:08:14: [35m [WEB] Servidor iniciado na porta 3000[39m
2026-05-21 18:08:19: ◇ injected env (4) from .env // tip: ⌘ override existing { override: true }
2026-05-21 18:08:20: [35m [WEB] Servidor iniciado na porta 3000[39m
2026-05-21 18:08:26: ◇ injected env (4) from .env // tip: ◈ encrypted .env [www.dotenvx.com]
2026-05-21 18:08:27: [35m [WEB] Servidor iniciado na porta 3000[39m
2026-05-21 18:08:32: ◇ injected env (4) from .env // tip: ⌘ enable debugging { debug: true }
2026-05-21 18:08:34: [35m [WEB] Servidor iniciado na porta 3000[39m
2026-05-21 18:08:39: ◇ injected env (4) from .env // tip: ⌁ auth for agents [www.vestauth.com]
2026-05-21 18:08:41: [35m [WEB] Servidor iniciado na porta 3000[39m
2026-05-21 18:08:46: ◇ injected env (4) from .env // tip: ⌘ custom filepath { path: '/custom/path/.env' }
2026-05-21 18:08:48: [35m [WEB] Servidor iniciado na porta 3000[39m
2026-05-21 18:08:53: ◇ injected env (4) from .env // tip: ⌘ multiple files { path: ['.env.local', '.env'] }
2026-05-21 18:08:55: [35m [WEB] Servidor iniciado na porta 3000[39m
2026-05-21 18:09:00: ◇ injected env (4) from .env // tip: ⌁ auth for agents [www.vestauth.com]
2026-05-21 18:09:01: [35m [WEB] Servidor iniciado na porta 3000[39m
2026-05-21 18:09:06: ◇ injected env (4) from .env // tip: ⌘ custom filepath { path: '/custom/path/.env' }
2026-05-21 18:09:08: [35m [WEB] Servidor iniciado na porta 3000[39m
2026-05-21 18:09:13: ◇ injected env (4) from .env // tip: ⌘ multiple files { path: ['.env.local', '.env'] }
2026-05-21 18:09:15: [35m [WEB] Servidor iniciado na porta 3000[39m
2026-05-21 18:09:20: ◇ injected env (4) from .env // tip: ⌘ multiple files { path: ['.env.local', '.env'] }
2026-05-21 18:09:21: [35m [WEB] Servidor iniciado na porta 3000[39m
2026-05-21 18:09:27: ◇ injected env (4) from .env // tip: ⌘ suppress logs { quiet: true }
2026-05-21 18:09:29: [35m [WEB] Servidor iniciado na porta 3000[39m
2026-05-21 18:09:34: ◇ injected env (4) from .env // tip: ◈ encrypted .env [www.dotenvx.com]
2026-05-21 18:09:35: [35m [WEB] Servidor iniciado na porta 3000[39m
2026-05-21 18:09:40: ◇ injected env (4) from .env // tip: ⌘ multiple files { path: ['.env.local', '.env'] }
2026-05-21 18:09:42: [35m [WEB] Servidor iniciado na porta 3000[39m
2026-05-21 18:09:47: ◇ injected env (4) from .env // tip: ⌘ multiple files { path: ['.env.local', '.env'] }
2026-05-21 18:09:49: [35m [WEB] Servidor iniciado na porta 3000[39m
2026-05-21 18:09:54: ◇ injected env (4) from .env // tip: ⌁ auth for agents [www.vestauth.com]
2026-05-21 18:09:56: [35m [WEB] Servidor iniciado na porta 3000[39m
2026-05-21 18:10:01: ◇ injected env (4) from .env // tip: ⌁ auth for agents [www.vestauth.com]
2026-05-21 18:10:02: [35m [WEB] Servidor iniciado na porta 3000[39m
2026-05-21 18:10:07: ◇ injected env (4) from .env // tip: ⌘ suppress logs { quiet: true }
2026-05-21 18:10:10: [35m [WEB] Servidor iniciado na porta 3000[39m
2026-05-21 18:10:15: ◇ injected env (4) from .env // tip: ◈ secrets for agents [www.dotenvx.com]
2026-05-21 18:10:16: [35m [WEB] Servidor iniciado na porta 3000[39m
2026-05-21 18:10:21: ◇ injected env (4) from .env // tip: ⌘ enable debugging { debug: true }
2026-05-21 18:10:23: [35m [WEB] Servidor iniciado na porta 3000[39m
2026-05-21 18:10:28: ◇ injected env (4) from .env // tip: ⌁ auth for agents [www.vestauth.com]
2026-05-21 18:10:29: [35m [WEB] Servidor iniciado na porta 3000[39m
2026-05-21 18:10:35: ◇ injected env (4) from .env // tip: ◈ secrets for agents [www.dotenvx.com]
2026-05-21 18:10:36: [35m [WEB] Servidor iniciado na porta 3000[39m
2026-05-21 18:10:41: ◇ injected env (4) from .env // tip: ◈ encrypted .env [www.dotenvx.com]
2026-05-21 18:10:43: [35m [WEB] Servidor iniciado na porta 3000[39m
2026-05-21 18:10:48: ◇ injected env (4) from .env // tip: ⌘ multiple files { path: ['.env.local', '.env'] }
2026-05-21 18:10:50: [35m [WEB] Servidor iniciado na porta 3000[39m
2026-05-21 18:10:55: ◇ injected env (4) from .env // tip: ⌘ custom filepath { path: '/custom/path/.env' }
2026-05-21 18:10:57: [35m [WEB] Servidor iniciado na porta 3000[39m
2026-05-21 18:11:02: ◇ injected env (4) from .env // tip: ⌘ custom filepath { path: '/custom/path/.env' }
2026-05-21 18:11:04: [35m [WEB] Servidor iniciado na porta 3000[39m
2026-05-21 18:11:09: ◇ injected env (4) from .env // tip: ⌘ multiple files { path: ['.env.local', '.env'] }
2026-05-21 18:11:11: [35m [WEB] Servidor iniciado na porta 3000[39m
2026-05-21 18:11:16: ◇ injected env (4) from .env // tip: ⌘ override existing { override: true }
2026-05-21 18:11:18: [35m [WEB] Servidor iniciado na porta 3000[39m
2026-05-21 18:11:23: ◇ injected env (4) from .env // tip: ⌘ multiple files { path: ['.env.local', '.env'] }
2026-05-21 18:11:25: [35m [WEB] Servidor iniciado na porta 3000[39m
2026-05-21 18:11:31: ◇ injected env (4) from .env // tip: ⌘ custom filepath { path: '/custom/path/.env' }
2026-05-21 18:11:32: [35m [WEB] Servidor iniciado na porta 3000[39m
2026-05-21 18:11:38: ◇ injected env (4) from .env // tip: ◈ secrets for agents [www.dotenvx.com]
2026-05-21 18:11:39: [35m [WEB] Servidor iniciado na porta 3000[39m
2026-05-21 18:11:45: ◇ injected env (4) from .env // tip: ◈ encrypted .env [www.dotenvx.com]
2026-05-21 18:11:46: [35m [WEB] Servidor iniciado na porta 3000[39m
2026-05-21 18:11:51: ◇ injected env (4) from .env // tip: ⌘ suppress logs { quiet: true }
2026-05-21 18:11:53: [35m [WEB] Servidor iniciado na porta 3000[39m
2026-05-21 18:11:58: ◇ injected env (4) from .env // tip: ◈ encrypted .env [www.dotenvx.com]
2026-05-21 18:11:59: [35m [WEB] Servidor iniciado na porta 3000[39m
2026-05-21 18:12:05: ◇ injected env (4) from .env // tip: ⌘ enable debugging { debug: true }
2026-05-21 18:12:06: [35m [WEB] Servidor iniciado na porta 3000[39m
2026-05-21 18:12:11: ◇ injected env (4) from .env // tip: ⌘ suppress logs { quiet: true }
2026-05-21 18:12:13: [35m [WEB] Servidor iniciado na porta 3000[39m
2026-05-21 18:12:18: ◇ injected env (4) from .env // tip: ⌘ multiple files { path: ['.env.local', '.env'] }
2026-05-21 18:12:21: [35m [WEB] Servidor iniciado na porta 3000[39m
2026-05-21 18:12:26: ◇ injected env (4) from .env // tip: ◈ encrypted .env [www.dotenvx.com]
2026-05-21 18:12:28: [35m [WEB] Servidor iniciado na porta 3000[39m
2026-05-21 18:12:33: ◇ injected env (4) from .env // tip: ⌁ auth for agents [www.vestauth.com]
2026-05-21 18:12:35: [35m [WEB] Servidor iniciado na porta 3000[39m
2026-05-21 18:12:40: ◇ injected env (4) from .env // tip: ⌘ override existing { override: true }
2026-05-21 18:12:42: [35m [WEB] Servidor iniciado na porta 3000[39m
2026-05-21 18:12:47: ◇ injected env (4) from .env // tip: ◈ secrets for agents [www.dotenvx.com]
2026-05-21 18:12:49: [35m [WEB] Servidor iniciado na porta 3000[39m
2026-05-21 18:12:54: ◇ injected env (4) from .env // tip: ⌘ multiple files { path: ['.env.local', '.env'] }
2026-05-21 18:12:56: [35m [WEB] Servidor iniciado na porta 3000[39m
2026-05-21 18:13:01: ◇ injected env (4) from .env // tip: ⌘ custom filepath { path: '/custom/path/.env' }
2026-05-21 18:13:03: [35m [WEB] Servidor iniciado na porta 3000[39m
2026-05-21 18:13:08: ◇ injected env (4) from .env // tip: ⌘ enable debugging { debug: true }
2026-05-21 18:13:10: [35m [WEB] Servidor iniciado na porta 3000[39m
2026-05-21 18:13:15: ◇ injected env (4) from .env // tip: ◈ encrypted .env [www.dotenvx.com]
2026-05-21 18:13:16: [35m [WEB] Servidor iniciado na porta 3000[39m
2026-05-21 18:13:22: ◇ injected env (4) from .env // tip: ⌘ suppress logs { quiet: true }
2026-05-21 18:13:23: [35m [WEB] Servidor iniciado na porta 3000[39m
2026-05-21 18:13:29: ◇ injected env (4) from .env // tip: ◈ secrets for agents [www.dotenvx.com]
2026-05-21 18:13:31: [35m [WEB] Servidor iniciado na porta 3000[39m
2026-05-21 18:13:36: ◇ injected env (4) from .env // tip: ◈ encrypted .env [www.dotenvx.com]
2026-05-21 18:13:38: [35m [WEB] Servidor iniciado na porta 3000[39m
2026-05-21 18:13:43: ◇ injected env (4) from .env // tip: ⌘ override existing { override: true }
2026-05-21 18:13:44: [35m [WEB] Servidor iniciado na porta 3000[39m
2026-05-21 18:13:50: ◇ injected env (4) from .env // tip: ⌘ custom filepath { path: '/custom/path/.env' }
2026-05-21 18:13:51: [35m [WEB] Servidor iniciado na porta 3000[39m
2026-05-21 18:13:56: ◇ injected env (4) from .env // tip: ◈ encrypted .env [www.dotenvx.com]
2026-05-21 18:13:58: [35m [WEB] Servidor iniciado na porta 3000[39m
2026-05-21 18:14:03: ◇ injected env (4) from .env // tip: ⌘ multiple files { path: ['.env.local', '.env'] }
2026-05-21 18:14:05: [35m [WEB] Servidor iniciado na porta 3000[39m
2026-05-21 18:14:10: ◇ injected env (4) from .env // tip: ◈ encrypted .env [www.dotenvx.com]
2026-05-21 18:14:11: [35m [WEB] Servidor iniciado na porta 3000[39m
2026-05-21 18:14:16: ◇ injected env (4) from .env // tip: ⌘ custom filepath { path: '/custom/path/.env' }
2026-05-21 18:14:18: [35m [WEB] Servidor iniciado na porta 3000[39m
2026-05-21 18:14:23: ◇ injected env (4) from .env // tip: ⌘ enable debugging { debug: true }
2026-05-21 18:14:25: [35m [WEB] Servidor iniciado na porta 3000[39m
2026-05-21 18:14:30: ◇ injected env (4) from .env // tip: ⌁ auth for agents [www.vestauth.com]
2026-05-21 18:14:31: [35m [WEB] Servidor iniciado na porta 3000[39m
2026-05-21 18:14:37: ◇ injected env (4) from .env // tip: ⌘ custom filepath { path: '/custom/path/.env' }
2026-05-21 18:14:38: [35m [WEB] Servidor iniciado na porta 3000[39m
2026-05-21 18:14:43: ◇ injected env (4) from .env // tip: ◈ secrets for agents [www.dotenvx.com]
2026-05-21 18:14:45: [35m [WEB] Servidor iniciado na porta 3000[39m
2026-05-21 18:14:50: ◇ injected env (4) from .env // tip: ⌘ enable debugging { debug: true }
2026-05-21 18:14:52: [35m [WEB] Servidor iniciado na porta 3000[39m
2026-05-21 18:14:57: ◇ injected env (4) from .env // tip: ⌁ auth for agents [www.vestauth.com]
2026-05-21 18:14:58: [35m [WEB] Servidor iniciado na porta 3000[39m
2026-05-21 18:15:03: ◇ injected env (4) from .env // tip: ⌘ suppress logs { quiet: true }
2026-05-21 18:15:05: [35m [WEB] Servidor iniciado na porta 3000[39m
2026-05-21 18:15:10: ◇ injected env (4) from .env // tip: ⌁ auth for agents [www.vestauth.com]
2026-05-21 18:15:12: [35m [WEB] Servidor iniciado na porta 3000[39m
2026-05-21 18:15:17: ◇ injected env (4) from .env // tip: ⌘ suppress logs { quiet: true }
2026-05-21 18:15:18: [35m [WEB] Servidor iniciado na porta 3000[39m
2026-05-21 18:15:23: ◇ injected env (4) from .env // tip: ⌁ auth for agents [www.vestauth.com]
2026-05-21 18:15:25: [35m [WEB] Servidor iniciado na porta 3000[39m
2026-05-21 18:15:30: ◇ injected env (4) from .env // tip: ◈ encrypted .env [www.dotenvx.com]
2026-05-21 18:15:32: [35m [WEB] Servidor iniciado na porta 3000[39m
2026-05-21 18:15:37: ◇ injected env (4) from .env // tip: ⌘ multiple files { path: ['.env.local', '.env'] }
2026-05-21 18:15:39: [35m [WEB] Servidor iniciado na porta 3000[39m
2026-05-21 18:15:44: ◇ injected env (4) from .env // tip: ⌘ multiple files { path: ['.env.local', '.env'] }
2026-05-21 18:15:45: [35m [WEB] Servidor iniciado na porta 3000[39m
2026-05-21 18:15:51: ◇ injected env (4) from .env // tip: ⌘ enable debugging { debug: true }
2026-05-21 18:15:52: [35m [WEB] Servidor iniciado na porta 3000[39m
2026-05-21 18:15:57: ◇ injected env (4) from .env // tip: ⌘ override existing { override: true }
2026-05-21 18:15:59: [35m [WEB] Servidor iniciado na porta 3000[39m
2026-05-21 18:16:04: ◇ injected env (4) from .env // tip: ⌘ custom filepath { path: '/custom/path/.env' }
2026-05-21 18:16:06: [35m [WEB] Servidor iniciado na porta 3000[39m
2026-05-21 18:16:11: ◇ injected env (4) from .env // tip: ⌘ override existing { override: true }
2026-05-21 18:16:12: [35m [WEB] Servidor iniciado na porta 3000[39m
2026-05-21 18:16:18: ◇ injected env (4) from .env // tip: ◈ secrets for agents [www.dotenvx.com]
2026-05-21 18:16:19: [35m [WEB] Servidor iniciado na porta 3000[39m
2026-05-21 18:16:24: ◇ injected env (4) from .env // tip: ⌘ suppress logs { quiet: true }
2026-05-21 18:16:26: [35m [WEB] Servidor iniciado na porta 3000[39m
2026-05-21 18:16:31: ◇ injected env (4) from .env // tip: ⌁ auth for agents [www.vestauth.com]
2026-05-21 18:16:33: [35m [WEB] Servidor iniciado na porta 3000[39m
2026-05-21 18:16:38: ◇ injected env (4) from .env // tip: ◈ secrets for agents [www.dotenvx.com]
2026-05-21 18:16:39: [35m [WEB] Servidor iniciado na porta 3000[39m
2026-05-21 18:16:45: ◇ injected env (4) from .env // tip: ⌘ custom filepath { path: '/custom/path/.env' }
2026-05-21 18:16:46: [35m [WEB] Servidor iniciado na porta 3000[39m
2026-05-21 18:16:51: ◇ injected env (4) from .env // tip: ⌘ enable debugging { debug: true }
2026-05-21 18:16:53: [35m [WEB] Servidor iniciado na porta 3000[39m
2026-05-21 18:16:58: ◇ injected env (4) from .env // tip: ⌘ suppress logs { quiet: true }
2026-05-21 18:17:00: [35m [WEB] Servidor iniciado na porta 3000[39m
2026-05-21 18:17:05: ◇ injected env (4) from .env // tip: ◈ encrypted .env [www.dotenvx.com]
2026-05-21 18:17:06: [35m [WEB] Servidor iniciado na porta 3000[39m
2026-05-21 18:17:11: ◇ injected env (4) from .env // tip: ⌘ override existing { override: true }
2026-05-21 18:17:13: [35m [WEB] Servidor iniciado na porta 3000[39m
2026-05-21 18:17:19: ◇ injected env (4) from .env // tip: ⌘ suppress logs { quiet: true }
2026-05-21 18:17:20: [35m [WEB] Servidor iniciado na porta 3000[39m
2026-05-21 18:17:26: ◇ injected env (4) from .env // tip: ◈ secrets for agents [www.dotenvx.com]
2026-05-21 18:17:27: [35m [WEB] Servidor iniciado na porta 3000[39m
2026-05-21 18:17:32: ◇ injected env (4) from .env // tip: ⌘ override existing { override: true }
2026-05-21 18:17:34: [35m [WEB] Servidor iniciado na porta 3000[39m
2026-05-21 18:17:39: ◇ injected env (4) from .env // tip: ⌘ suppress logs { quiet: true }
2026-05-21 18:17:41: [35m [WEB] Servidor iniciado na porta 3000[39m
2026-05-21 18:17:46: ◇ injected env (4) from .env // tip: ⌘ override existing { override: true }
2026-05-21 18:17:47: [35m [WEB] Servidor iniciado na porta 3000[39m
2026-05-21 18:17:52: ◇ injected env (4) from .env // tip: ⌘ suppress logs { quiet: true }
2026-05-21 18:17:54: [35m [WEB] Servidor iniciado na porta 3000[39m
2026-05-21 18:17:59: ◇ injected env (4) from .env // tip: ◈ secrets for agents [www.dotenvx.com]
2026-05-21 18:18:01: [35m [WEB] Servidor iniciado na porta 3000[39m
2026-05-21 18:18:06: ◇ injected env (4) from .env // tip: ◈ encrypted .env [www.dotenvx.com]
2026-05-21 18:18:08: [35m [WEB] Servidor iniciado na porta 3000[39m
2026-05-21 18:18:13: ◇ injected env (4) from .env // tip: ⌁ auth for agents [www.vestauth.com]
2026-05-21 18:18:14: [35m [WEB] Servidor iniciado na porta 3000[39m
2026-05-21 18:18:20: ◇ injected env (4) from .env // tip: ⌘ multiple files { path: ['.env.local', '.env'] }
2026-05-21 18:18:21: [35m [WEB] Servidor iniciado na porta 3000[39m
2026-05-21 18:18:26: ◇ injected env (4) from .env // tip: ⌘ multiple files { path: ['.env.local', '.env'] }
2026-05-21 18:18:28: [35m [WEB] Servidor iniciado na porta 3000[39m
2026-05-21 18:18:33: ◇ injected env (4) from .env // tip: ◈ encrypted .env [www.dotenvx.com]
2026-05-21 18:18:34: [35m [WEB] Servidor iniciado na porta 3000[39m
2026-05-21 18:18:40: ◇ injected env (4) from .env // tip: ⌘ custom filepath { path: '/custom/path/.env' }
2026-05-21 18:18:41: [35m [WEB] Servidor iniciado na porta 3000[39m
2026-05-21 18:18:46: ◇ injected env (4) from .env // tip: ⌘ suppress logs { quiet: true }
2026-05-21 18:18:48: [35m [WEB] Servidor iniciado na porta 3000[39m
2026-05-21 18:18:53: ◇ injected env (4) from .env // tip: ◈ encrypted .env [www.dotenvx.com]
2026-05-21 18:18:55: [35m [WEB] Servidor iniciado na porta 3000[39m
2026-05-21 18:19:00: ◇ injected env (4) from .env // tip: ⌘ custom filepath { path: '/custom/path/.env' }
2026-05-21 18:19:01: [35m [WEB] Servidor iniciado na porta 3000[39m
2026-05-21 18:19:06: ◇ injected env (4) from .env // tip: ◈ encrypted .env [www.dotenvx.com]
2026-05-21 18:19:08: [35m [WEB] Servidor iniciado na porta 3000[39m
2026-05-21 18:19:13: ◇ injected env (4) from .env // tip: ⌘ override existing { override: true }
2026-05-21 18:19:15: [35m [WEB] Servidor iniciado na porta 3000[39m
2026-05-21 18:19:20: ◇ injected env (4) from .env // tip: ⌘ custom filepath { path: '/custom/path/.env' }
2026-05-21 18:19:21: [35m [WEB] Servidor iniciado na porta 3000[39m
2026-05-21 18:19:26: ◇ injected env (4) from .env // tip: ⌁ auth for agents [www.vestauth.com]
2026-05-21 18:19:28: [35m [WEB] Servidor iniciado na porta 3000[39m
2026-05-21 18:19:33: ◇ injected env (4) from .env // tip: ◈ encrypted .env [www.dotenvx.com]
2026-05-21 18:19:35: [35m [WEB] Servidor iniciado na porta 3000[39m
2026-05-21 18:19:40: ◇ injected env (4) from .env // tip: ⌘ suppress logs { quiet: true }
2026-05-21 18:19:41: [35m [WEB] Servidor iniciado na porta 3000[39m
2026-05-21 18:19:47: ◇ injected env (4) from .env // tip: ⌘ multiple files { path: ['.env.local', '.env'] }
2026-05-21 18:19:48: [35m [WEB] Servidor iniciado na porta 3000[39m
2026-05-21 18:19:53: ◇ injected env (4) from .env // tip: ◈ secrets for agents [www.dotenvx.com]
2026-05-21 18:19:55: [35m [WEB] Servidor iniciado na porta 3000[39m
2026-05-21 18:20:00: ◇ injected env (4) from .env // tip: ◈ encrypted .env [www.dotenvx.com]
2026-05-21 18:20:02: [35m [WEB] Servidor iniciado na porta 3000[39m
2026-05-21 18:20:07: ◇ injected env (4) from .env // tip: ◈ secrets for agents [www.dotenvx.com]
2026-05-21 18:20:08: [35m [WEB] Servidor iniciado na porta 3000[39m
2026-05-21 18:20:13: ◇ injected env (4) from .env // tip: ⌁ auth for agents [www.vestauth.com]
2026-05-21 18:20:15: [35m [WEB] Servidor iniciado na porta 3000[39m
2026-05-21 18:20:20: ◇ injected env (4) from .env // tip: ⌘ custom filepath { path: '/custom/path/.env' }
2026-05-21 18:20:22: [35m [WEB] Servidor iniciado na porta 3000[39m
2026-05-21 18:20:27: ◇ injected env (4) from .env // tip: ◈ encrypted .env [www.dotenvx.com]
2026-05-21 18:20:28: [35m [WEB] Servidor iniciado na porta 3000[39m
2026-05-21 18:20:34: ◇ injected env (4) from .env // tip: ⌁ auth for agents [www.vestauth.com]
2026-05-21 18:20:35: [35m [WEB] Servidor iniciado na porta 3000[39m
2026-05-21 18:20:40: ◇ injected env (4) from .env // tip: ⌘ multiple files { path: ['.env.local', '.env'] }
2026-05-21 18:20:42: [35m [WEB] Servidor iniciado na porta 3000[39m
2026-05-21 18:20:47: ◇ injected env (4) from .env // tip: ◈ encrypted .env [www.dotenvx.com]
2026-05-21 18:20:48: [35m [WEB] Servidor iniciado na porta 3000[39m
2026-05-21 18:20:54: ◇ injected env (4) from .env // tip: ⌘ custom filepath { path: '/custom/path/.env' }
2026-05-21 18:20:55: [35m [WEB] Servidor iniciado na porta 3000[39m
2026-05-21 18:21:00: ◇ injected env (4) from .env // tip: ⌘ suppress logs { quiet: true }
2026-05-21 18:21:02: [35m [WEB] Servidor iniciado na porta 3000[39m
2026-05-21 18:21:07: ◇ injected env (4) from .env // tip: ⌘ override existing { override: true }
2026-05-21 18:21:09: [35m [WEB] Servidor iniciado na porta 3000[39m
2026-05-21 18:21:14: ◇ injected env (4) from .env // tip: ⌘ custom filepath { path: '/custom/path/.env' }
2026-05-21 18:21:15: [35m [WEB] Servidor iniciado na porta 3000[39m
2026-05-21 18:21:20: ◇ injected env (4) from .env // tip: ⌘ multiple files { path: ['.env.local', '.env'] }
2026-05-21 18:21:22: [35m [WEB] Servidor iniciado na porta 3000[39m
2026-05-21 18:21:27: ◇ injected env (4) from .env // tip: ⌘ custom filepath { path: '/custom/path/.env' }
2026-05-21 18:21:29: [35m [WEB] Servidor iniciado na porta 3000[39m
2026-05-21 18:21:34: ◇ injected env (4) from .env // tip: ◈ secrets for agents [www.dotenvx.com]
2026-05-21 18:21:35: [35m [WEB] Servidor iniciado na porta 3000[39m
2026-05-21 18:21:40: ◇ injected env (4) from .env // tip: ⌘ enable debugging { debug: true }
2026-05-21 18:21:42: [35m [WEB] Servidor iniciado na porta 3000[39m
2026-05-21 18:21:47: ◇ injected env (4) from .env // tip: ⌘ multiple files { path: ['.env.local', '.env'] }
2026-05-21 18:21:49: [35m [WEB] Servidor iniciado na porta 3000[39m
2026-05-21 18:21:54: ◇ injected env (4) from .env // tip: ◈ secrets for agents [www.dotenvx.com]
2026-05-21 18:21:56: [35m [WEB] Servidor iniciado na porta 3000[39m
2026-05-21 18:22:01: ◇ injected env (4) from .env // tip: ⌘ multiple files { path: ['.env.local', '.env'] }
2026-05-21 18:22:02: [35m [WEB] Servidor iniciado na porta 3000[39m
2026-05-21 18:22:07: ◇ injected env (4) from .env // tip: ◈ encrypted .env [www.dotenvx.com]
2026-05-21 18:22:09: [35m [WEB] Servidor iniciado na porta 3000[39m
2026-05-21 18:22:14: ◇ injected env (4) from .env // tip: ◈ encrypted .env [www.dotenvx.com]
2026-05-21 18:22:16: [35m [WEB] Servidor iniciado na porta 3000[39m
2026-05-21 18:22:21: ◇ injected env (4) from .env // tip: ⌘ suppress logs { quiet: true }
2026-05-21 18:22:22: [35m [WEB] Servidor iniciado na porta 3000[39m
2026-05-21 18:22:28: ◇ injected env (4) from .env // tip: ⌘ multiple files { path: ['.env.local', '.env'] }
2026-05-21 18:22:30: [35m [WEB] Servidor iniciado na porta 3000[39m
2026-05-21 18:22:35: ◇ injected env (4) from .env // tip: ⌁ auth for agents [www.vestauth.com]
2026-05-21 18:22:36: [35m [WEB] Servidor iniciado na porta 3000[39m
2026-05-21 18:22:41: ◇ injected env (4) from .env // tip: ◈ encrypted .env [www.dotenvx.com]
2026-05-21 18:22:43: [35m [WEB] Servidor iniciado na porta 3000[39m
2026-05-21 18:22:48: ◇ injected env (4) from .env // tip: ⌘ enable debugging { debug: true }
2026-05-21 18:22:49: [35m [WEB] Servidor iniciado na porta 3000[39m
2026-05-21 18:22:55: ◇ injected env (4) from .env // tip: ◈ secrets for agents [www.dotenvx.com]
2026-05-21 18:22:56: [35m [WEB] Servidor iniciado na porta 3000[39m
2026-05-21 18:23:01: ◇ injected env (4) from .env // tip: ⌘ multiple files { path: ['.env.local', '.env'] }
2026-05-21 18:23:03: [35m [WEB] Servidor iniciado na porta 3000[39m
2026-05-21 18:23:08: ◇ injected env (4) from .env // tip: ⌘ multiple files { path: ['.env.local', '.env'] }
2026-05-21 18:23:09: [35m [WEB] Servidor iniciado na porta 3000[39m
2026-05-21 18:23:15: ◇ injected env (4) from .env // tip: ◈ encrypted .env [www.dotenvx.com]
2026-05-21 18:23:16: [35m [WEB] Servidor iniciado na porta 3000[39m
2026-05-21 18:23:21: ◇ injected env (4) from .env // tip: ⌘ suppress logs { quiet: true }
2026-05-21 18:23:23: [35m [WEB] Servidor iniciado na porta 3000[39m
2026-05-21 18:23:28: ◇ injected env (4) from .env // tip: ⌁ auth for agents [www.vestauth.com]
2026-05-21 18:23:29: [35m [WEB] Servidor iniciado na porta 3000[39m
2026-05-21 18:23:35: ◇ injected env (4) from .env // tip: ⌘ custom filepath { path: '/custom/path/.env' }
2026-05-21 18:23:36: [35m [WEB] Servidor iniciado na porta 3000[39m
2026-05-21 18:23:41: ◇ injected env (4) from .env // tip: ⌘ suppress logs { quiet: true }
2026-05-21 18:23:42: [35m [WEB] Servidor iniciado na porta 3000[39m
2026-05-21 18:23:48: ◇ injected env (4) from .env // tip: ⌘ override existing { override: true }
2026-05-21 18:23:49: [35m [WEB] Servidor iniciado na porta 3000[39m
2026-05-21 18:23:54: ◇ injected env (4) from .env // tip: ◈ encrypted .env [www.dotenvx.com]
2026-05-21 18:23:56: [35m [WEB] Servidor iniciado na porta 3000[39m
2026-05-21 18:24:01: ◇ injected env (4) from .env // tip: ⌘ custom filepath { path: '/custom/path/.env' }
2026-05-21 18:24:02: [35m [WEB] Servidor iniciado na porta 3000[39m
2026-05-21 18:24:08: ◇ injected env (4) from .env // tip: ⌘ suppress logs { quiet: true }
2026-05-21 18:24:09: [35m [WEB] Servidor iniciado na porta 3000[39m
2026-05-21 18:24:14: ◇ injected env (4) from .env // tip: ⌘ custom filepath { path: '/custom/path/.env' }
2026-05-21 18:24:16: [35m [WEB] Servidor iniciado na porta 3000[39m
2026-05-21 18:24:21: ◇ injected env (4) from .env // tip: ⌁ auth for agents [www.vestauth.com]
2026-05-21 18:24:22: [35m [WEB] Servidor iniciado na porta 3000[39m
2026-05-21 18:24:28: ◇ injected env (4) from .env // tip: ⌘ enable debugging { debug: true }
2026-05-21 18:24:29: [35m [WEB] Servidor iniciado na porta 3000[39m
2026-05-21 18:24:34: ◇ injected env (4) from .env // tip: ⌁ auth for agents [www.vestauth.com]
2026-05-21 18:24:36: [35m [WEB] Servidor iniciado na porta 3000[39m
2026-05-21 18:24:41: ◇ injected env (4) from .env // tip: ⌁ auth for agents [www.vestauth.com]
2026-05-21 18:24:42: [35m [WEB] Servidor iniciado na porta 3000[39m
2026-05-21 18:24:47: ◇ injected env (4) from .env // tip: ⌘ override existing { override: true }
2026-05-21 18:24:49: [35m [WEB] Servidor iniciado na porta 3000[39m
2026-05-21 18:24:54: ◇ injected env (4) from .env // tip: ⌘ enable debugging { debug: true }
2026-05-21 18:24:55: [35m [WEB] Servidor iniciado na porta 3000[39m
2026-05-21 18:25:01: ◇ injected env (4) from .env // tip: ⌁ auth for agents [www.vestauth.com]
2026-05-21 18:25:02: [35m [WEB] Servidor iniciado na porta 3000[39m
2026-05-21 18:25:07: ◇ injected env (4) from .env // tip: ⌘ multiple files { path: ['.env.local', '.env'] }
2026-05-21 18:25:09: [35m [WEB] Servidor iniciado na porta 3000[39m
2026-05-21 18:25:14: ◇ injected env (4) from .env // tip: ⌘ enable debugging { debug: true }
2026-05-21 18:25:15: [35m [WEB] Servidor iniciado na porta 3000[39m
2026-05-21 18:25:21: ◇ injected env (4) from .env // tip: ⌘ custom filepath { path: '/custom/path/.env' }
2026-05-21 18:25:22: [35m [WEB] Servidor iniciado na porta 3000[39m
2026-05-21 18:25:27: ◇ injected env (4) from .env // tip: ◈ secrets for agents [www.dotenvx.com]
2026-05-21 18:25:28: [35m [WEB] Servidor iniciado na porta 3000[39m
2026-05-21 18:25:34: ◇ injected env (4) from .env // tip: ⌘ enable debugging { debug: true }
2026-05-21 18:25:35: [35m [WEB] Servidor iniciado na porta 3000[39m
2026-05-21 18:25:40: ◇ injected env (4) from .env // tip: ⌘ suppress logs { quiet: true }
2026-05-21 18:25:42: [35m [WEB] Servidor iniciado na porta 3000[39m
2026-05-21 18:25:47: ◇ injected env (4) from .env // tip: ⌁ auth for agents [www.vestauth.com]
2026-05-21 18:25:48: [35m [WEB] Servidor iniciado na porta 3000[39m
2026-05-21 18:25:53: ◇ injected env (4) from .env // tip: ⌘ override existing { override: true }
2026-05-21 18:25:55: [35m [WEB] Servidor iniciado na porta 3000[39m
2026-05-21 18:26:00: ◇ injected env (4) from .env // tip: ◈ encrypted .env [www.dotenvx.com]
2026-05-21 18:26:01: [35m [WEB] Servidor iniciado na porta 3000[39m
2026-05-21 18:26:07: ◇ injected env (4) from .env // tip: ◈ encrypted .env [www.dotenvx.com]
2026-05-21 18:26:08: [35m [WEB] Servidor iniciado na porta 3000[39m
2026-05-21 18:26:13: ◇ injected env (4) from .env // tip: ⌘ override existing { override: true }
2026-05-21 18:26:15: [35m [WEB] Servidor iniciado na porta 3000[39m
2026-05-21 18:26:20: ◇ injected env (4) from .env // tip: ◈ secrets for agents [www.dotenvx.com]
2026-05-21 18:26:21: [35m [WEB] Servidor iniciado na porta 3000[39m
2026-05-21 18:26:26: ◇ injected env (4) from .env // tip: ⌘ enable debugging { debug: true }
2026-05-21 18:26:28: [35m [WEB] Servidor iniciado na porta 3000[39m
2026-05-21 18:26:33: ◇ injected env (4) from .env // tip: ⌘ override existing { override: true }
2026-05-21 18:26:35: [35m [WEB] Servidor iniciado na porta 3000[39m
2026-05-21 18:26:40: ◇ injected env (4) from .env // tip: ⌘ enable debugging { debug: true }
2026-05-21 18:26:41: [35m [WEB] Servidor iniciado na porta 3000[39m
2026-05-21 18:26:46: ◇ injected env (4) from .env // tip: ⌁ auth for agents [www.vestauth.com]
2026-05-21 18:26:48: [35m [WEB] Servidor iniciado na porta 3000[39m
2026-05-21 18:26:53: ◇ injected env (4) from .env // tip: ⌘ suppress logs { quiet: true }
2026-05-21 18:26:54: [35m [WEB] Servidor iniciado na porta 3000[39m
2026-05-21 18:27:00: ◇ injected env (4) from .env // tip: ⌘ custom filepath { path: '/custom/path/.env' }
2026-05-21 18:27:01: [35m [WEB] Servidor iniciado na porta 3000[39m
2026-05-21 18:27:06: ◇ injected env (4) from .env // tip: ⌁ auth for agents [www.vestauth.com]
2026-05-21 18:27:08: [35m [WEB] Servidor iniciado na porta 3000[39m
2026-05-21 18:27:15: ◇ injected env (4) from .env // tip: ◈ encrypted .env [www.dotenvx.com]
2026-05-21 18:27:17: [35m [WEB] Servidor iniciado na porta 3000[39m
2026-05-21 18:27:22: ◇ injected env (4) from .env // tip: ⌘ multiple files { path: ['.env.local', '.env'] }
2026-05-21 18:27:24: [35m [WEB] Servidor iniciado na porta 3000[39m
2026-05-21 18:27:29: ◇ injected env (4) from .env // tip: ⌘ override existing { override: true }
2026-05-21 18:27:30: [35m [WEB] Servidor iniciado na porta 3000[39m
2026-05-21 18:27:35: ◇ injected env (4) from .env // tip: ◈ encrypted .env [www.dotenvx.com]
2026-05-21 18:27:37: [35m [WEB] Servidor iniciado na porta 3000[39m
2026-05-21 18:27:42: ◇ injected env (4) from .env // tip: ◈ encrypted .env [www.dotenvx.com]
2026-05-21 18:27:43: [35m [WEB] Servidor iniciado na porta 3000[39m
2026-05-21 18:27:49: ◇ injected env (4) from .env // tip: ◈ encrypted .env [www.dotenvx.com]
2026-05-21 18:27:50: [35m [WEB] Servidor iniciado na porta 3000[39m
2026-05-21 18:27:55: ◇ injected env (4) from .env // tip: ⌘ suppress logs { quiet: true }
2026-05-21 18:27:56: [35m [WEB] Servidor iniciado na porta 3000[39m
2026-05-21 18:28:02: ◇ injected env (4) from .env // tip: ⌘ enable debugging { debug: true }
2026-05-21 18:28:03: [35m [WEB] Servidor iniciado na porta 3000[39m
2026-05-21 18:28:08: ◇ injected env (4) from .env // tip: ⌘ custom filepath { path: '/custom/path/.env' }
2026-05-21 18:28:10: [35m [WEB] Servidor iniciado na porta 3000[39m
2026-05-21 18:28:15: ◇ injected env (4) from .env // tip: ⌁ auth for agents [www.vestauth.com]
2026-05-21 18:28:16: [35m [WEB] Servidor iniciado na porta 3000[39m
2026-05-21 18:28:22: ◇ injected env (4) from .env // tip: ⌘ custom filepath { path: '/custom/path/.env' }
2026-05-21 18:28:23: [35m [WEB] Servidor iniciado na porta 3000[39m
2026-05-21 18:28:28: ◇ injected env (4) from .env // tip: ⌘ custom filepath { path: '/custom/path/.env' }
2026-05-21 18:28:30: [35m [WEB] Servidor iniciado na porta 3000[39m
2026-05-21 18:28:35: ◇ injected env (4) from .env // tip: ⌘ multiple files { path: ['.env.local', '.env'] }
2026-05-21 18:28:36: [35m [WEB] Servidor iniciado na porta 3000[39m
2026-05-21 18:28:42: ◇ injected env (4) from .env // tip: ⌘ override existing { override: true }
2026-05-21 18:28:43: [35m [WEB] Servidor iniciado na porta 3000[39m
2026-05-21 18:28:48: ◇ injected env (4) from .env // tip: ⌘ custom filepath { path: '/custom/path/.env' }
2026-05-21 18:28:50: [35m [WEB] Servidor iniciado na porta 3000[39m
2026-05-21 18:28:55: ◇ injected env (4) from .env // tip: ⌘ custom filepath { path: '/custom/path/.env' }
2026-05-21 18:28:56: [35m [WEB] Servidor iniciado na porta 3000[39m
2026-05-21 18:29:01: ◇ injected env (4) from .env // tip: ⌘ custom filepath { path: '/custom/path/.env' }
2026-05-21 18:29:03: [35m [WEB] Servidor iniciado na porta 3000[39m
2026-05-21 18:29:08: ◇ injected env (4) from .env // tip: ⌘ override existing { override: true }
2026-05-21 18:29:09: [35m [WEB] Servidor iniciado na porta 3000[39m
2026-05-21 18:29:15: ◇ injected env (4) from .env // tip: ◈ encrypted .env [www.dotenvx.com]
2026-05-21 18:29:16: [35m [WEB] Servidor iniciado na porta 3000[39m
2026-05-21 18:29:21: ◇ injected env (4) from .env // tip: ⌘ multiple files { path: ['.env.local', '.env'] }
2026-05-21 18:29:23: [35m [WEB] Servidor iniciado na porta 3000[39m
2026-05-21 18:29:28: ◇ injected env (4) from .env // tip: ⌘ custom filepath { path: '/custom/path/.env' }
2026-05-21 18:29:29: [35m [WEB] Servidor iniciado na porta 3000[39m
2026-05-21 18:29:34: ◇ injected env (4) from .env // tip: ⌘ custom filepath { path: '/custom/path/.env' }
2026-05-21 18:29:36: [35m [WEB] Servidor iniciado na porta 3000[39m
2026-05-21 18:29:41: ◇ injected env (4) from .env // tip: ⌁ auth for agents [www.vestauth.com]
2026-05-21 18:29:42: [35m [WEB] Servidor iniciado na porta 3000[39m
2026-05-21 18:29:48: ◇ injected env (4) from .env // tip: ◈ secrets for agents [www.dotenvx.com]
2026-05-21 18:29:49: [35m [WEB] Servidor iniciado na porta 3000[39m
2026-05-21 18:29:54: ◇ injected env (4) from .env // tip: ⌁ auth for agents [www.vestauth.com]
2026-05-21 18:29:56: [35m [WEB] Servidor iniciado na porta 3000[39m
2026-05-21 18:30:01: ◇ injected env (4) from .env // tip: ⌁ auth for agents [www.vestauth.com]
2026-05-21 18:30:02: [35m [WEB] Servidor iniciado na porta 3000[39m
2026-05-21 18:30:07: ◇ injected env (4) from .env // tip: ⌘ custom filepath { path: '/custom/path/.env' }
2026-05-21 18:30:09: [35m [WEB] Servidor iniciado na porta 3000[39m
2026-05-21 18:30:14: ◇ injected env (4) from .env // tip: ⌘ multiple files { path: ['.env.local', '.env'] }
2026-05-21 18:30:15: [35m [WEB] Servidor iniciado na porta 3000[39m
2026-05-21 18:30:21: ◇ injected env (4) from .env // tip: ◈ secrets for agents [www.dotenvx.com]
2026-05-21 18:30:22: [35m [WEB] Servidor iniciado na porta 3000[39m
2026-05-21 18:30:27: ◇ injected env (4) from .env // tip: ◈ encrypted .env [www.dotenvx.com]
2026-05-21 18:30:29: [35m [WEB] Servidor iniciado na porta 3000[39m
2026-05-21 18:30:34: ◇ injected env (4) from .env // tip: ◈ encrypted .env [www.dotenvx.com]
2026-05-21 18:30:35: [35m [WEB] Servidor iniciado na porta 3000[39m
2026-05-21 18:30:41: ◇ injected env (4) from .env // tip: ⌘ custom filepath { path: '/custom/path/.env' }
2026-05-21 18:30:42: [35m [WEB] Servidor iniciado na porta 3000[39m
2026-05-21 18:30:47: ◇ injected env (4) from .env // tip: ⌘ override existing { override: true }
2026-05-21 18:30:49: [35m [WEB] Servidor iniciado na porta 3000[39m
2026-05-21 18:30:54: ◇ injected env (4) from .env // tip: ⌘ custom filepath { path: '/custom/path/.env' }
2026-05-21 18:30:55: [35m [WEB] Servidor iniciado na porta 3000[39m
2026-05-21 18:31:01: ◇ injected env (4) from .env // tip: ⌘ multiple files { path: ['.env.local', '.env'] }
2026-05-21 18:31:04: [35m [WEB] Servidor iniciado na porta 3000[39m
2026-05-21 18:31:09: ◇ injected env (4) from .env // tip: ⌘ override existing { override: true }
2026-05-21 18:31:10: [35m [WEB] Servidor iniciado na porta 3000[39m
2026-05-21 18:31:16: ◇ injected env (4) from .env // tip: ◈ encrypted .env [www.dotenvx.com]
2026-05-21 18:31:17: [35m [WEB] Servidor iniciado na porta 3000[39m
2026-05-21 18:31:23: ◇ injected env (4) from .env // tip: ◈ encrypted .env [www.dotenvx.com]
2026-05-21 18:31:24: [35m [WEB] Servidor iniciado na porta 3000[39m
2026-05-21 18:31:29: ◇ injected env (4) from .env // tip: ⌁ auth for agents [www.vestauth.com]
2026-05-21 18:31:31: [35m [WEB] Servidor iniciado na porta 3000[39m
2026-05-21 18:31:36: ◇ injected env (4) from .env // tip: ⌘ multiple files { path: ['.env.local', '.env'] }
2026-05-21 18:31:38: [35m [WEB] Servidor iniciado na porta 3000[39m
2026-05-21 18:31:43: ◇ injected env (4) from .env // tip: ⌘ custom filepath { path: '/custom/path/.env' }
2026-05-21 18:31:44: [35m [WEB] Servidor iniciado na porta 3000[39m
2026-05-21 18:31:49: ◇ injected env (4) from .env // tip: ◈ secrets for agents [www.dotenvx.com]
2026-05-21 18:31:51: [35m [WEB] Servidor iniciado na porta 3000[39m
2026-05-21 18:31:56: ◇ injected env (4) from .env // tip: ⌘ custom filepath { path: '/custom/path/.env' }
2026-05-21 18:31:58: [35m [WEB] Servidor iniciado na porta 3000[39m
2026-05-21 18:32:03: ◇ injected env (4) from .env // tip: ⌁ auth for agents [www.vestauth.com]
2026-05-21 18:32:04: [35m [WEB] Servidor iniciado na porta 3000[39m
2026-05-21 18:32:10: ◇ injected env (4) from .env // tip: ⌘ override existing { override: true }
2026-05-21 18:32:11: [35m [WEB] Servidor iniciado na porta 3000[39m
2026-05-21 18:32:16: ◇ injected env (4) from .env // tip: ⌁ auth for agents [www.vestauth.com]
2026-05-21 18:32:18: [35m [WEB] Servidor iniciado na porta 3000[39m
2026-05-21 18:32:23: ◇ injected env (4) from .env // tip: ⌘ suppress logs { quiet: true }
2026-05-21 18:32:25: [35m [WEB] Servidor iniciado na porta 3000[39m
2026-05-21 18:32:30: ◇ injected env (4) from .env // tip: ⌘ enable debugging { debug: true }
2026-05-21 18:32:32: [35m [WEB] Servidor iniciado na porta 3000[39m
2026-05-21 18:32:37: ◇ injected env (4) from .env // tip: ⌁ auth for agents [www.vestauth.com]
2026-05-21 18:32:38: [35m [WEB] Servidor iniciado na porta 3000[39m
2026-05-21 18:32:43: ◇ injected env (4) from .env // tip: ⌘ multiple files { path: ['.env.local', '.env'] }
2026-05-21 18:32:45: [35m [WEB] Servidor iniciado na porta 3000[39m
2026-05-21 18:32:50: ◇ injected env (4) from .env // tip: ⌘ multiple files { path: ['.env.local', '.env'] }
2026-05-21 18:32:52: [35m [WEB] Servidor iniciado na porta 3000[39m
2026-05-21 18:32:57: ◇ injected env (4) from .env // tip: ⌘ custom filepath { path: '/custom/path/.env' }
2026-05-21 18:32:58: [35m [WEB] Servidor iniciado na porta 3000[39m
2026-05-21 18:33:04: ◇ injected env (4) from .env // tip: ⌘ enable debugging { debug: true }
2026-05-21 18:33:05: [35m [WEB] Servidor iniciado na porta 3000[39m
2026-05-21 18:33:10: ◇ injected env (4) from .env // tip: ◈ secrets for agents [www.dotenvx.com]
2026-05-21 18:33:12: [35m [WEB] Servidor iniciado na porta 3000[39m
2026-05-21 18:33:17: ◇ injected env (4) from .env // tip: ⌁ auth for agents [www.vestauth.com]
2026-05-21 18:33:18: [35m [WEB] Servidor iniciado na porta 3000[39m
2026-05-21 18:33:24: ◇ injected env (4) from .env // tip: ⌘ custom filepath { path: '/custom/path/.env' }
2026-05-21 18:33:25: [35m [WEB] Servidor iniciado na porta 3000[39m
2026-05-21 18:33:30: ◇ injected env (4) from .env // tip: ⌘ override existing { override: true }
2026-05-21 18:33:32: [35m [WEB] Servidor iniciado na porta 3000[39m
2026-05-21 18:33:37: ◇ injected env (4) from .env // tip: ⌁ auth for agents [www.vestauth.com]
2026-05-21 18:33:39: [35m [WEB] Servidor iniciado na porta 3000[39m
2026-05-21 18:33:44: ◇ injected env (4) from .env // tip: ⌘ override existing { override: true }
2026-05-21 18:33:45: [35m [WEB] Servidor iniciado na porta 3000[39m
2026-05-21 18:33:50: ◇ injected env (4) from .env // tip: ⌁ auth for agents [www.vestauth.com]
2026-05-21 18:33:52: [35m [WEB] Servidor iniciado na porta 3000[39m
2026-05-21 18:33:57: ◇ injected env (4) from .env // tip: ⌘ custom filepath { path: '/custom/path/.env' }
2026-05-21 18:33:59: [35m [WEB] Servidor iniciado na porta 3000[39m
2026-05-21 18:34:04: ◇ injected env (4) from .env // tip: ⌁ auth for agents [www.vestauth.com]
2026-05-21 18:34:05: [35m [WEB] Servidor iniciado na porta 3000[39m
2026-05-21 18:34:11: ◇ injected env (4) from .env // tip: ⌁ auth for agents [www.vestauth.com]
2026-05-21 18:34:12: [35m [WEB] Servidor iniciado na porta 3000[39m
2026-05-21 18:34:17: ◇ injected env (4) from .env // tip: ◈ encrypted .env [www.dotenvx.com]
2026-05-21 18:34:19: [35m [WEB] Servidor iniciado na porta 3000[39m
2026-05-21 18:34:24: ◇ injected env (4) from .env // tip: ⌘ override existing { override: true }
2026-05-21 18:34:26: [35m [WEB] Servidor iniciado na porta 3000[39m
2026-05-21 18:34:31: ◇ injected env (4) from .env // tip: ⌘ multiple files { path: ['.env.local', '.env'] }
2026-05-21 18:34:32: [35m [WEB] Servidor iniciado na porta 3000[39m
2026-05-21 18:34:38: ◇ injected env (4) from .env // tip: ⌘ enable debugging { debug: true }
2026-05-21 18:34:39: [35m [WEB] Servidor iniciado na porta 3000[39m
2026-05-21 18:34:44: ◇ injected env (4) from .env // tip: ⌘ suppress logs { quiet: true }
2026-05-21 18:34:46: [35m [WEB] Servidor iniciado na porta 3000[39m
2026-05-21 18:34:51: ◇ injected env (4) from .env // tip: ◈ secrets for agents [www.dotenvx.com]
2026-05-21 18:34:53: [35m [WEB] Servidor iniciado na porta 3000[39m
2026-05-21 18:34:58: ◇ injected env (4) from .env // tip: ⌘ custom filepath { path: '/custom/path/.env' }
2026-05-21 18:34:59: [35m [WEB] Servidor iniciado na porta 3000[39m
2026-05-21 18:35:05: ◇ injected env (4) from .env // tip: ⌘ override existing { override: true }
2026-05-21 18:35:07: [35m [WEB] Servidor iniciado na porta 3000[39m
2026-05-21 18:35:12: ◇ injected env (4) from .env // tip: ⌘ multiple files { path: ['.env.local', '.env'] }
2026-05-21 18:35:14: [35m [WEB] Servidor iniciado na porta 3000[39m
2026-05-21 18:35:19: ◇ injected env (4) from .env // tip: ⌘ suppress logs { quiet: true }
2026-05-21 18:35:20: [35m [WEB] Servidor iniciado na porta 3000[39m
2026-05-21 18:35:26: ◇ injected env (4) from .env // tip: ◈ secrets for agents [www.dotenvx.com]
2026-05-21 18:35:27: [35m [WEB] Servidor iniciado na porta 3000[39m
2026-05-21 18:35:32: ◇ injected env (4) from .env // tip: ⌘ enable debugging { debug: true }
2026-05-21 18:35:34: [35m [WEB] Servidor iniciado na porta 3000[39m
2026-05-21 18:35:39: ◇ injected env (4) from .env // tip: ⌘ override existing { override: true }
2026-05-21 18:35:40: [35m [WEB] Servidor iniciado na porta 3000[39m
2026-05-21 18:35:45: ◇ injected env (4) from .env // tip: ◈ secrets for agents [www.dotenvx.com]
2026-05-21 18:35:47: [35m [WEB] Servidor iniciado na porta 3000[39m
2026-05-21 18:35:52: ◇ injected env (4) from .env // tip: ◈ encrypted .env [www.dotenvx.com]
2026-05-21 18:35:53: [35m [WEB] Servidor iniciado na porta 3000[39m
2026-05-21 18:35:59: ◇ injected env (4) from .env // tip: ⌁ auth for agents [www.vestauth.com]
2026-05-21 18:36:02: [35m [WEB] Servidor iniciado na porta 3000[39m
2026-05-21 18:36:07: ◇ injected env (4) from .env // tip: ◈ encrypted .env [www.dotenvx.com]
2026-05-21 18:36:09: [35m [WEB] Servidor iniciado na porta 3000[39m
2026-05-21 18:36:14: ◇ injected env (4) from .env // tip: ⌘ enable debugging { debug: true }
2026-05-21 18:36:15: [35m [WEB] Servidor iniciado na porta 3000[39m
2026-05-21 18:36:20: ◇ injected env (4) from .env // tip: ⌘ multiple files { path: ['.env.local', '.env'] }
2026-05-21 18:36:22: [35m [WEB] Servidor iniciado na porta 3000[39m
2026-05-21 18:36:27: ◇ injected env (4) from .env // tip: ⌘ custom filepath { path: '/custom/path/.env' }
2026-05-21 18:36:28: [35m [WEB] Servidor iniciado na porta 3000[39m
2026-05-21 18:36:34: ◇ injected env (4) from .env // tip: ⌘ multiple files { path: ['.env.local', '.env'] }
2026-05-21 18:36:35: [35m [WEB] Servidor iniciado na porta 3000[39m
2026-05-21 18:36:40: ◇ injected env (4) from .env // tip: ⌘ suppress logs { quiet: true }
2026-05-21 18:36:42: [35m [WEB] Servidor iniciado na porta 3000[39m
2026-05-21 18:36:47: ◇ injected env (4) from .env // tip: ◈ encrypted .env [www.dotenvx.com]
2026-05-21 18:36:48: [35m [WEB] Servidor iniciado na porta 3000[39m
2026-05-21 18:36:53: ◇ injected env (4) from .env // tip: ⌁ auth for agents [www.vestauth.com]
2026-05-21 18:36:55: [35m [WEB] Servidor iniciado na porta 3000[39m
2026-05-21 18:37:00: ◇ injected env (4) from .env // tip: ⌘ override existing { override: true }
2026-05-21 18:37:02: [35m [WEB] Servidor iniciado na porta 3000[39m
2026-05-21 18:37:07: ◇ injected env (4) from .env // tip: ◈ secrets for agents [www.dotenvx.com]
2026-05-21 18:37:09: [35m [WEB] Servidor iniciado na porta 3000[39m
2026-05-21 18:37:14: ◇ injected env (4) from .env // tip: ⌘ suppress logs { quiet: true }
2026-05-21 18:37:15: [35m [WEB] Servidor iniciado na porta 3000[39m
2026-05-21 18:37:21: ◇ injected env (4) from .env // tip: ◈ encrypted .env [www.dotenvx.com]
2026-05-21 18:37:23: [35m [WEB] Servidor iniciado na porta 3000[39m
2026-05-21 18:37:28: ◇ injected env (4) from .env // tip: ◈ secrets for agents [www.dotenvx.com]
2026-05-21 18:37:29: [35m [WEB] Servidor iniciado na porta 3000[39m
2026-05-21 18:37:35: ◇ injected env (4) from .env // tip: ⌘ suppress logs { quiet: true }
2026-05-21 18:37:36: [35m [WEB] Servidor iniciado na porta 3000[39m
2026-05-21 18:37:41: ◇ injected env (4) from .env // tip: ◈ secrets for agents [www.dotenvx.com]
2026-05-21 18:37:43: [35m [WEB] Servidor iniciado na porta 3000[39m
2026-05-21 18:37:48: ◇ injected env (4) from .env // tip: ⌁ auth for agents [www.vestauth.com]
2026-05-21 18:37:50: [35m [WEB] Servidor iniciado na porta 3000[39m
2026-05-21 18:37:55: ◇ injected env (4) from .env // tip: ⌘ suppress logs { quiet: true }
2026-05-21 18:37:57: [35m [WEB] Servidor iniciado na porta 3000[39m
2026-05-21 18:38:02: ◇ injected env (4) from .env // tip: ⌘ enable debugging { debug: true }
2026-05-21 18:38:03: [35m [WEB] Servidor iniciado na porta 3000[39m
2026-05-21 18:38:08: ◇ injected env (4) from .env // tip: ⌘ multiple files { path: ['.env.local', '.env'] }
2026-05-21 18:38:10: [35m [WEB] Servidor iniciado na porta 3000[39m
2026-05-21 18:38:15: ◇ injected env (4) from .env // tip: ◈ encrypted .env [www.dotenvx.com]
2026-05-21 18:38:16: [35m [WEB] Servidor iniciado na porta 3000[39m
2026-05-21 18:38:22: ◇ injected env (4) from .env // tip: ◈ encrypted .env [www.dotenvx.com]
2026-05-21 18:38:23: [35m [WEB] Servidor iniciado na porta 3000[39m
2026-05-21 18:38:29: ◇ injected env (4) from .env // tip: ⌘ enable debugging { debug: true }
2026-05-21 18:38:30: [35m [WEB] Servidor iniciado na porta 3000[39m
2026-05-21 18:38:35: ◇ injected env (4) from .env // tip: ⌘ suppress logs { quiet: true }
2026-05-21 18:38:37: [35m [WEB] Servidor iniciado na porta 3000[39m
2026-05-21 18:38:42: ◇ injected env (4) from .env // tip: ⌘ custom filepath { path: '/custom/path/.env' }
2026-05-21 18:38:43: [35m [WEB] Servidor iniciado na porta 3000[39m
2026-05-21 18:38:49: ◇ injected env (4) from .env // tip: ◈ encrypted .env [www.dotenvx.com]
2026-05-21 18:38:50: [35m [WEB] Servidor iniciado na porta 3000[39m
2026-05-21 18:38:56: ◇ injected env (4) from .env // tip: ⌘ enable debugging { debug: true }
2026-05-21 18:38:57: [35m [WEB] Servidor iniciado na porta 3000[39m
2026-05-21 18:39:02: ◇ injected env (4) from .env // tip: ◈ secrets for agents [www.dotenvx.com]
2026-05-21 18:39:04: [35m [WEB] Servidor iniciado na porta 3000[39m
2026-05-21 18:39:09: ◇ injected env (4) from .env // tip: ⌘ multiple files { path: ['.env.local', '.env'] }
2026-05-21 18:39:10: [35m [WEB] Servidor iniciado na porta 3000[39m
2026-05-21 18:39:15: ◇ injected env (4) from .env // tip: ⌘ override existing { override: true }
2026-05-21 18:39:17: [35m [WEB] Servidor iniciado na porta 3000[39m
2026-05-21 18:39:22: ◇ injected env (4) from .env // tip: ⌘ enable debugging { debug: true }
2026-05-21 18:39:23: [35m [WEB] Servidor iniciado na porta 3000[39m
2026-05-21 18:39:28: ◇ injected env (4) from .env // tip: ◈ encrypted .env [www.dotenvx.com]
2026-05-21 18:39:30: [35m [WEB] Servidor iniciado na porta 3000[39m
2026-05-21 18:39:35: ◇ injected env (4) from .env // tip: ⌘ custom filepath { path: '/custom/path/.env' }
2026-05-21 18:39:36: [35m [WEB] Servidor iniciado na porta 3000[39m
2026-05-21 18:39:42: ◇ injected env (4) from .env // tip: ⌘ multiple files { path: ['.env.local', '.env'] }
2026-05-21 18:39:43: [35m [WEB] Servidor iniciado na porta 3000[39m
2026-05-21 18:39:48: ◇ injected env (4) from .env // tip: ⌘ suppress logs { quiet: true }
2026-05-21 18:39:50: [35m [WEB] Servidor iniciado na porta 3000[39m
2026-05-21 18:39:55: ◇ injected env (4) from .env // tip: ◈ secrets for agents [www.dotenvx.com]
2026-05-21 18:39:57: [35m [WEB] Servidor iniciado na porta 3000[39m
2026-05-21 18:40:02: ◇ injected env (4) from .env // tip: ⌘ multiple files { path: ['.env.local', '.env'] }
2026-05-21 18:40:03: [35m [WEB] Servidor iniciado na porta 3000[39m
2026-05-21 18:40:08: ◇ injected env (4) from .env // tip: ⌘ suppress logs { quiet: true }
2026-05-21 18:40:10: [35m [WEB] Servidor iniciado na porta 3000[39m
2026-05-21 18:40:15: ◇ injected env (4) from .env // tip: ⌁ auth for agents [www.vestauth.com]
2026-05-21 18:40:17: [35m [WEB] Servidor iniciado na porta 3000[39m
2026-05-21 18:40:22: ◇ injected env (4) from .env // tip: ⌘ multiple files { path: ['.env.local', '.env'] }
2026-05-21 18:40:23: [35m [WEB] Servidor iniciado na porta 3000[39m
2026-05-21 18:40:29: ◇ injected env (4) from .env // tip: ⌁ auth for agents [www.vestauth.com]
2026-05-21 18:40:30: [35m [WEB] Servidor iniciado na porta 3000[39m
2026-05-21 18:40:35: ◇ injected env (4) from .env // tip: ⌘ custom filepath { path: '/custom/path/.env' }
2026-05-21 18:40:37: [35m [WEB] Servidor iniciado na porta 3000[39m
2026-05-21 18:40:42: ◇ injected env (4) from .env // tip: ⌘ enable debugging { debug: true }
2026-05-21 18:40:43: [35m [WEB] Servidor iniciado na porta 3000[39m
2026-05-21 18:40:49: ◇ injected env (4) from .env // tip: ⌘ suppress logs { quiet: true }
2026-05-21 18:40:50: [35m [WEB] Servidor iniciado na porta 3000[39m
2026-05-21 18:40:55: ◇ injected env (4) from .env // tip: ⌘ multiple files { path: ['.env.local', '.env'] }
2026-05-21 18:40:57: [35m [WEB] Servidor iniciado na porta 3000[39m
2026-05-21 18:41:02: ◇ injected env (4) from .env // tip: ⌘ enable debugging { debug: true }
2026-05-21 18:41:03: [35m [WEB] Servidor iniciado na porta 3000[39m
2026-05-21 18:41:08: ◇ injected env (4) from .env // tip: ⌘ override existing { override: true }
2026-05-21 18:41:10: [35m [WEB] Servidor iniciado na porta 3000[39m
2026-05-21 18:41:15: ◇ injected env (4) from .env // tip: ⌘ override existing { override: true }
2026-05-21 18:41:16: [35m [WEB] Servidor iniciado na porta 3000[39m
2026-05-21 18:41:22: ◇ injected env (4) from .env // tip: ⌁ auth for agents [www.vestauth.com]
2026-05-21 18:41:23: [35m [WEB] Servidor iniciado na porta 3000[39m
2026-05-21 18:41:28: ◇ injected env (4) from .env // tip: ⌘ enable debugging { debug: true }
2026-05-21 18:41:30: [35m [WEB] Servidor iniciado na porta 3000[39m
2026-05-21 18:41:35: ◇ injected env (4) from .env // tip: ⌁ auth for agents [www.vestauth.com]
2026-05-21 18:41:36: [35m [WEB] Servidor iniciado na porta 3000[39m
2026-05-21 18:41:41: ◇ injected env (4) from .env // tip: ⌘ multiple files { path: ['.env.local', '.env'] }
2026-05-21 18:41:43: [35m [WEB] Servidor iniciado na porta 3000[39m
2026-05-21 18:41:48: ◇ injected env (4) from .env // tip: ⌘ custom filepath { path: '/custom/path/.env' }
2026-05-21 18:41:49: [35m [WEB] Servidor iniciado na porta 3000[39m
2026-05-21 18:41:55: ◇ injected env (4) from .env // tip: ⌘ custom filepath { path: '/custom/path/.env' }
2026-05-21 18:41:56: [35m [WEB] Servidor iniciado na porta 3000[39m
2026-05-21 18:42:01: ◇ injected env (4) from .env // tip: ⌘ override existing { override: true }
2026-05-21 18:42:03: [35m [WEB] Servidor iniciado na porta 3000[39m
2026-05-21 18:42:08: ◇ injected env (4) from .env // tip: ⌘ suppress logs { quiet: true }
2026-05-21 18:42:09: [35m [WEB] Servidor iniciado na porta 3000[39m
2026-05-21 18:42:15: ◇ injected env (4) from .env // tip: ⌘ override existing { override: true }
2026-05-21 18:42:16: [35m [WEB] Servidor iniciado na porta 3000[39m
2026-05-21 18:42:21: ◇ injected env (4) from .env // tip: ◈ secrets for agents [www.dotenvx.com]
2026-05-21 18:42:23: [35m [WEB] Servidor iniciado na porta 3000[39m
2026-05-21 18:42:28: ◇ injected env (4) from .env // tip: ⌘ suppress logs { quiet: true }
2026-05-21 18:42:29: [35m [WEB] Servidor iniciado na porta 3000[39m
2026-05-21 18:42:35: ◇ injected env (4) from .env // tip: ◈ encrypted .env [www.dotenvx.com]
2026-05-21 18:42:36: [35m [WEB] Servidor iniciado na porta 3000[39m
2026-05-21 18:42:41: ◇ injected env (4) from .env // tip: ⌘ override existing { override: true }
2026-05-21 18:42:42: [35m [WEB] Servidor iniciado na porta 3000[39m
2026-05-21 18:42:48: ◇ injected env (4) from .env // tip: ◈ secrets for agents [www.dotenvx.com]
2026-05-21 18:42:49: [35m [WEB] Servidor iniciado na porta 3000[39m
2026-05-21 18:42:54: ◇ injected env (4) from .env // tip: ⌘ custom filepath { path: '/custom/path/.env' }
2026-05-21 18:42:56: [35m [WEB] Servidor iniciado na porta 3000[39m
2026-05-21 18:43:01: ◇ injected env (4) from .env // tip: ⌘ custom filepath { path: '/custom/path/.env' }
2026-05-21 18:43:03: [35m [WEB] Servidor iniciado na porta 3000[39m
2026-05-21 18:43:08: ◇ injected env (4) from .env // tip: ⌘ enable debugging { debug: true }
2026-05-21 18:43:09: [35m [WEB] Servidor iniciado na porta 3000[39m
2026-05-21 18:43:14: ◇ injected env (4) from .env // tip: ⌁ auth for agents [www.vestauth.com]
2026-05-21 18:43:16: [35m [WEB] Servidor iniciado na porta 3000[39m
2026-05-21 18:43:21: ◇ injected env (4) from .env // tip: ⌘ multiple files { path: ['.env.local', '.env'] }
2026-05-21 18:43:23: [35m [WEB] Servidor iniciado na porta 3000[39m
2026-05-21 18:43:28: ◇ injected env (4) from .env // tip: ⌘ multiple files { path: ['.env.local', '.env'] }
2026-05-21 18:43:29: [35m [WEB] Servidor iniciado na porta 3000[39m
2026-05-21 18:43:34: ◇ injected env (4) from .env // tip: ⌘ suppress logs { quiet: true }
2026-05-21 18:43:36: [35m [WEB] Servidor iniciado na porta 3000[39m
2026-05-21 18:43:41: ◇ injected env (4) from .env // tip: ◈ secrets for agents [www.dotenvx.com]
2026-05-21 18:43:43: [35m [WEB] Servidor iniciado na porta 3000[39m
2026-05-21 18:43:48: ◇ injected env (4) from .env // tip: ⌘ enable debugging { debug: true }
2026-05-21 18:43:50: [35m [WEB] Servidor iniciado na porta 3000[39m
2026-05-21 18:43:55: ◇ injected env (4) from .env // tip: ◈ secrets for agents [www.dotenvx.com]
2026-05-21 18:43:57: [35m [WEB] Servidor iniciado na porta 3000[39m
2026-05-21 18:44:02: ◇ injected env (4) from .env // tip: ⌘ multiple files { path: ['.env.local', '.env'] }
2026-05-21 18:44:03: [35m [WEB] Servidor iniciado na porta 3000[39m
2026-05-21 18:44:09: ◇ injected env (4) from .env // tip: ⌁ auth for agents [www.vestauth.com]
2026-05-21 18:44:10: [35m [WEB] Servidor iniciado na porta 3000[39m
2026-05-21 18:44:16: ◇ injected env (4) from .env // tip: ⌘ enable debugging { debug: true }
2026-05-21 18:44:17: [35m [WEB] Servidor iniciado na porta 3000[39m
2026-05-21 18:44:23: ◇ injected env (4) from .env // tip: ⌘ enable debugging { debug: true }
2026-05-21 18:44:25: [35m [WEB] Servidor iniciado na porta 3000[39m
2026-05-21 18:44:30: ◇ injected env (4) from .env // tip: ⌘ suppress logs { quiet: true }
2026-05-21 18:44:32: [35m [WEB] Servidor iniciado na porta 3000[39m
2026-05-21 18:44:37: ◇ injected env (4) from .env // tip: ◈ secrets for agents [www.dotenvx.com]
2026-05-21 18:44:38: [35m [WEB] Servidor iniciado na porta 3000[39m
2026-05-21 18:44:44: ◇ injected env (4) from .env // tip: ◈ secrets for agents [www.dotenvx.com]
2026-05-21 18:44:45: [35m [WEB] Servidor iniciado na porta 3000[39m
2026-05-21 18:44:51: ◇ injected env (4) from .env // tip: ⌘ multiple files { path: ['.env.local', '.env'] }
2026-05-21 18:44:52: [35m [WEB] Servidor iniciado na porta 3000[39m
2026-05-21 18:44:58: ◇ injected env (4) from .env // tip: ⌘ enable debugging { debug: true }
2026-05-21 18:45:00: [35m [WEB] Servidor iniciado na porta 3000[39m
2026-05-21 18:45:05: ◇ injected env (4) from .env // tip: ⌘ override existing { override: true }
2026-05-21 18:45:06: [35m [WEB] Servidor iniciado na porta 3000[39m
2026-05-21 18:45:11: ◇ injected env (4) from .env // tip: ◈ secrets for agents [www.dotenvx.com]
2026-05-21 18:45:13: [35m [WEB] Servidor iniciado na porta 3000[39m
2026-05-21 18:45:18: ◇ injected env (4) from .env // tip: ⌘ suppress logs { quiet: true }
2026-05-21 18:45:20: [35m [WEB] Servidor iniciado na porta 3000[39m
2026-05-21 18:45:25: ◇ injected env (4) from .env // tip: ◈ encrypted .env [www.dotenvx.com]
2026-05-21 18:45:27: [35m [WEB] Servidor iniciado na porta 3000[39m
2026-05-21 18:45:32: ◇ injected env (4) from .env // tip: ◈ secrets for agents [www.dotenvx.com]
2026-05-21 18:45:34: [35m [WEB] Servidor iniciado na porta 3000[39m
2026-05-21 18:45:39: ◇ injected env (4) from .env // tip: ◈ encrypted .env [www.dotenvx.com]
2026-05-21 18:45:41: [35m [WEB] Servidor iniciado na porta 3000[39m
2026-05-21 18:45:46: ◇ injected env (4) from .env // tip: ◈ encrypted .env [www.dotenvx.com]
2026-05-21 18:45:48: [35m [WEB] Servidor iniciado na porta 3000[39m
2026-05-21 18:45:53: ◇ injected env (4) from .env // tip: ⌘ enable debugging { debug: true }
2026-05-21 18:45:55: [35m [WEB] Servidor iniciado na porta 3000[39m
2026-05-21 18:46:00: ◇ injected env (4) from .env // tip: ⌘ enable debugging { debug: true }
2026-05-21 18:46:02: [35m [WEB] Servidor iniciado na porta 3000[39m
2026-05-21 18:46:07: ◇ injected env (4) from .env // tip: ⌘ override existing { override: true }
2026-05-21 18:46:10: [35m [WEB] Servidor iniciado na porta 3000[39m
2026-05-21 18:46:15: ◇ injected env (4) from .env // tip: ⌘ override existing { override: true }
2026-05-21 18:46:17: [35m [WEB] Servidor iniciado na porta 3000[39m
2026-05-21 18:46:22: ◇ injected env (4) from .env // tip: ⌘ override existing { override: true }
2026-05-21 18:46:24: [35m [WEB] Servidor iniciado na porta 3000[39m
2026-05-21 18:46:29: ◇ injected env (4) from .env // tip: ⌘ suppress logs { quiet: true }
2026-05-21 18:46:31: [35m [WEB] Servidor iniciado na porta 3000[39m
2026-05-21 18:46:36: ◇ injected env (4) from .env // tip: ⌘ override existing { override: true }
2026-05-21 18:46:37: [35m [WEB] Servidor iniciado na porta 3000[39m
2026-05-21 18:46:43: ◇ injected env (4) from .env // tip: ⌘ custom filepath { path: '/custom/path/.env' }
2026-05-21 18:46:44: [35m [WEB] Servidor iniciado na porta 3000[39m
2026-05-21 18:46:50: ◇ injected env (4) from .env // tip: ⌘ suppress logs { quiet: true }
2026-05-21 18:46:51: [35m [WEB] Servidor iniciado na porta 3000[39m
2026-05-21 18:46:56: ◇ injected env (4) from .env // tip: ⌁ auth for agents [www.vestauth.com]
2026-05-21 18:46:58: [35m [WEB] Servidor iniciado na porta 3000[39m
2026-05-21 18:47:03: ◇ injected env (4) from .env // tip: ⌘ enable debugging { debug: true }
2026-05-21 18:47:05: [35m [WEB] Servidor iniciado na porta 3000[39m
2026-05-21 18:47:10: ◇ injected env (4) from .env // tip: ⌁ auth for agents [www.vestauth.com]
2026-05-21 18:47:11: [35m [WEB] Servidor iniciado na porta 3000[39m
2026-05-21 18:47:16: ◇ injected env (4) from .env // tip: ◈ secrets for agents [www.dotenvx.com]
2026-05-21 18:47:18: [35m [WEB] Servidor iniciado na porta 3000[39m
2026-05-21 18:47:23: ◇ injected env (4) from .env // tip: ⌘ enable debugging { debug: true }
2026-05-21 18:47:25: [35m [WEB] Servidor iniciado na porta 3000[39m
2026-05-21 18:47:30: ◇ injected env (4) from .env // tip: ⌘ suppress logs { quiet: true }
2026-05-21 18:47:31: [35m [WEB] Servidor iniciado na porta 3000[39m
2026-05-21 18:47:37: ◇ injected env (4) from .env // tip: ⌘ override existing { override: true }
2026-05-21 18:47:38: [35m [WEB] Servidor iniciado na porta 3000[39m
2026-05-21 18:47:43: ◇ injected env (4) from .env // tip: ⌘ custom filepath { path: '/custom/path/.env' }
2026-05-21 18:47:45: [35m [WEB] Servidor iniciado na porta 3000[39m
2026-05-21 18:47:50: ◇ injected env (4) from .env // tip: ⌁ auth for agents [www.vestauth.com]
2026-05-21 18:47:52: [35m [WEB] Servidor iniciado na porta 3000[39m
2026-05-21 18:47:57: ◇ injected env (4) from .env // tip: ⌘ custom filepath { path: '/custom/path/.env' }
2026-05-21 18:47:59: [35m [WEB] Servidor iniciado na porta 3000[39m
2026-05-21 18:48:04: ◇ injected env (4) from .env // tip: ⌘ custom filepath { path: '/custom/path/.env' }
2026-05-21 18:48:05: [35m [WEB] Servidor iniciado na porta 3000[39m
2026-05-21 18:48:10: ◇ injected env (4) from .env // tip: ⌘ suppress logs { quiet: true }
2026-05-21 18:48:12: [35m [WEB] Servidor iniciado na porta 3000[39m
2026-05-21 18:48:17: ◇ injected env (4) from .env // tip: ◈ secrets for agents [www.dotenvx.com]
2026-05-21 18:48:19: [35m [WEB] Servidor iniciado na porta 3000[39m
2026-05-21 18:48:24: ◇ injected env (4) from .env // tip: ⌘ multiple files { path: ['.env.local', '.env'] }
2026-05-21 18:48:25: [35m [WEB] Servidor iniciado na porta 3000[39m
2026-05-21 18:48:31: ◇ injected env (4) from .env // tip: ⌘ multiple files { path: ['.env.local', '.env'] }
2026-05-21 18:48:32: [35m [WEB] Servidor iniciado na porta 3000[39m
2026-05-21 18:48:37: ◇ injected env (4) from .env // tip: ⌁ auth for agents [www.vestauth.com]
2026-05-21 18:48:39: [35m [WEB] Servidor iniciado na porta 3000[39m
2026-05-21 18:48:44: ◇ injected env (4) from .env // tip: ⌘ suppress logs { quiet: true }
2026-05-21 18:48:45: [35m [WEB] Servidor iniciado na porta 3000[39m
2026-05-21 18:48:51: ◇ injected env (4) from .env // tip: ⌘ custom filepath { path: '/custom/path/.env' }
2026-05-21 18:48:52: [35m [WEB] Servidor iniciado na porta 3000[39m
2026-05-21 18:48:57: ◇ injected env (4) from .env // tip: ⌘ custom filepath { path: '/custom/path/.env' }
2026-05-21 18:48:59: [35m [WEB] Servidor iniciado na porta 3000[39m
2026-05-21 18:49:04: ◇ injected env (4) from .env // tip: ⌁ auth for agents [www.vestauth.com]
2026-05-21 18:49:06: [35m [WEB] Servidor iniciado na porta 3000[39m
2026-05-21 18:49:11: ◇ injected env (4) from .env // tip: ◈ encrypted .env [www.dotenvx.com]
2026-05-21 18:49:12: [35m [WEB] Servidor iniciado na porta 3000[39m
2026-05-21 18:49:17: ◇ injected env (4) from .env // tip: ⌘ override existing { override: true }
2026-05-21 18:49:19: [35m [WEB] Servidor iniciado na porta 3000[39m
2026-05-21 18:49:24: ◇ injected env (4) from .env // tip: ⌁ auth for agents [www.vestauth.com]
2026-05-21 18:49:26: [35m [WEB] Servidor iniciado na porta 3000[39m
2026-05-21 18:49:31: ◇ injected env (4) from .env // tip: ◈ encrypted .env [www.dotenvx.com]
2026-05-21 18:49:32: [35m [WEB] Servidor iniciado na porta 3000[39m
2026-05-21 18:49:38: ◇ injected env (4) from .env // tip: ⌘ enable debugging { debug: true }
2026-05-21 18:49:39: [35m [WEB] Servidor iniciado na porta 3000[39m
2026-05-21 18:49:44: ◇ injected env (4) from .env // tip: ⌘ multiple files { path: ['.env.local', '.env'] }
2026-05-21 18:49:46: [35m [WEB] Servidor iniciado na porta 3000[39m
2026-05-21 18:49:51: ◇ injected env (4) from .env // tip: ⌘ override existing { override: true }
2026-05-21 18:49:53: [35m [WEB] Servidor iniciado na porta 3000[39m
2026-05-21 18:49:58: ◇ injected env (4) from .env // tip: ⌘ suppress logs { quiet: true }
2026-05-21 18:49:59: [35m [WEB] Servidor iniciado na porta 3000[39m
2026-05-21 18:50:04: ◇ injected env (4) from .env // tip: ⌘ suppress logs { quiet: true }
2026-05-21 18:50:06: [35m [WEB] Servidor iniciado na porta 3000[39m
2026-05-21 18:50:11: ◇ injected env (4) from .env // tip: ⌘ suppress logs { quiet: true }
2026-05-21 18:50:13: [35m [WEB] Servidor iniciado na porta 3000[39m
2026-05-21 18:50:18: ◇ injected env (4) from .env // tip: ⌘ custom filepath { path: '/custom/path/.env' }
2026-05-21 18:50:20: [35m [WEB] Servidor iniciado na porta 3000[39m
2026-05-21 18:50:25: ◇ injected env (4) from .env // tip: ◈ encrypted .env [www.dotenvx.com]
2026-05-21 18:50:27: [35m [WEB] Servidor iniciado na porta 3000[39m
2026-05-21 18:50:32: ◇ injected env (4) from .env // tip: ⌁ auth for agents [www.vestauth.com]
2026-05-21 18:50:33: [35m [WEB] Servidor iniciado na porta 3000[39m
2026-05-21 18:50:39: ◇ injected env (4) from .env // tip: ⌘ suppress logs { quiet: true }
2026-05-21 18:50:40: [35m [WEB] Servidor iniciado na porta 3000[39m
2026-05-21 18:50:45: ◇ injected env (4) from .env // tip: ◈ secrets for agents [www.dotenvx.com]
2026-05-21 18:50:47: [35m [WEB] Servidor iniciado na porta 3000[39m
2026-05-21 18:50:52: ◇ injected env (4) from .env // tip: ⌘ enable debugging { debug: true }
2026-05-21 18:50:54: [35m [WEB] Servidor iniciado na porta 3000[39m
2026-05-21 18:50:59: ◇ injected env (4) from .env // tip: ⌘ suppress logs { quiet: true }
2026-05-21 18:51:00: [35m [WEB] Servidor iniciado na porta 3000[39m
2026-05-21 18:51:05: ◇ injected env (4) from .env // tip: ◈ secrets for agents [www.dotenvx.com]
2026-05-21 18:51:07: [35m [WEB] Servidor iniciado na porta 3000[39m
2026-05-21 18:51:12: ◇ injected env (4) from .env // tip: ⌘ multiple files { path: ['.env.local', '.env'] }
2026-05-21 18:51:14: [35m [WEB] Servidor iniciado na porta 3000[39m
2026-05-21 18:51:19: ◇ injected env (4) from .env // tip: ◈ secrets for agents [www.dotenvx.com]
2026-05-21 18:51:20: [35m [WEB] Servidor iniciado na porta 3000[39m
2026-05-21 18:51:26: ◇ injected env (4) from .env // tip: ◈ secrets for agents [www.dotenvx.com]
2026-05-21 18:51:27: [35m [WEB] Servidor iniciado na porta 3000[39m
2026-05-21 18:51:32: ◇ injected env (4) from .env // tip: ⌘ custom filepath { path: '/custom/path/.env' }
2026-05-21 18:51:34: [35m [WEB] Servidor iniciado na porta 3000[39m
2026-05-21 18:51:39: ◇ injected env (4) from .env // tip: ⌁ auth for agents [www.vestauth.com]
2026-05-21 18:51:41: [35m [WEB] Servidor iniciado na porta 3000[39m
2026-05-21 18:51:46: ◇ injected env (4) from .env // tip: ⌘ custom filepath { path: '/custom/path/.env' }
2026-05-21 18:51:47: [35m [WEB] Servidor iniciado na porta 3000[39m
2026-05-21 18:51:52: ◇ injected env (4) from .env // tip: ⌘ enable debugging { debug: true }
2026-05-21 18:51:54: [35m [WEB] Servidor iniciado na porta 3000[39m
2026-05-21 18:51:59: ◇ injected env (4) from .env // tip: ⌘ custom filepath { path: '/custom/path/.env' }
2026-05-21 18:52:01: [35m [WEB] Servidor iniciado na porta 3000[39m
2026-05-21 18:52:06: ◇ injected env (4) from .env // tip: ⌘ override existing { override: true }
2026-05-21 18:52:07: [35m [WEB] Servidor iniciado na porta 3000[39m
2026-05-21 18:52:13: ◇ injected env (4) from .env // tip: ⌘ custom filepath { path: '/custom/path/.env' }
2026-05-21 18:52:14: [35m [WEB] Servidor iniciado na porta 3000[39m
2026-05-21 18:52:19: ◇ injected env (4) from .env // tip: ◈ encrypted .env [www.dotenvx.com]
2026-05-21 18:52:21: [35m [WEB] Servidor iniciado na porta 3000[39m
2026-05-21 18:52:26: ◇ injected env (4) from .env // tip: ⌘ enable debugging { debug: true }
2026-05-21 18:52:28: [35m [WEB] Servidor iniciado na porta 3000[39m
2026-05-21 18:52:33: ◇ injected env (4) from .env // tip: ⌘ enable debugging { debug: true }
2026-05-21 18:52:35: [35m [WEB] Servidor iniciado na porta 3000[39m
2026-05-21 18:52:40: ◇ injected env (4) from .env // tip: ⌘ custom filepath { path: '/custom/path/.env' }
2026-05-21 18:52:41: [35m [WEB] Servidor iniciado na porta 3000[39m
2026-05-21 18:52:46: ◇ injected env (4) from .env // tip: ⌘ enable debugging { debug: true }
2026-05-21 18:52:48: [35m [WEB] Servidor iniciado na porta 3000[39m
2026-05-21 18:52:53: ◇ injected env (4) from .env // tip: ◈ secrets for agents [www.dotenvx.com]
2026-05-21 18:52:55: [35m [WEB] Servidor iniciado na porta 3000[39m
2026-05-21 18:53:00: ◇ injected env (4) from .env // tip: ⌘ suppress logs { quiet: true }
2026-05-21 18:53:01: [35m [WEB] Servidor iniciado na porta 3000[39m
2026-05-21 18:53:07: ◇ injected env (4) from .env // tip: ⌘ override existing { override: true }
2026-05-21 18:53:08: [35m [WEB] Servidor iniciado na porta 3000[39m
2026-05-21 18:53:13: ◇ injected env (4) from .env // tip: ⌘ enable debugging { debug: true }
2026-05-21 18:53:15: [35m [WEB] Servidor iniciado na porta 3000[39m
2026-05-21 18:53:20: ◇ injected env (4) from .env // tip: ⌘ enable debugging { debug: true }
2026-05-21 18:53:21: [35m [WEB] Servidor iniciado na porta 3000[39m
2026-05-21 18:53:27: ◇ injected env (4) from .env // tip: ⌘ enable debugging { debug: true }
2026-05-21 18:53:28: [35m [WEB] Servidor iniciado na porta 3000[39m
2026-05-21 18:53:33: ◇ injected env (4) from .env // tip: ⌁ auth for agents [www.vestauth.com]
2026-05-21 18:53:35: [35m [WEB] Servidor iniciado na porta 3000[39m
2026-05-21 18:53:40: ◇ injected env (4) from .env // tip: ⌁ auth for agents [www.vestauth.com]
2026-05-21 18:53:42: [35m [WEB] Servidor iniciado na porta 3000[39m
2026-05-21 18:53:47: ◇ injected env (4) from .env // tip: ◈ encrypted .env [www.dotenvx.com]
2026-05-21 18:53:48: [35m [WEB] Servidor iniciado na porta 3000[39m
2026-05-21 18:53:54: ◇ injected env (4) from .env // tip: ⌘ suppress logs { quiet: true }
2026-05-21 18:53:55: [35m [WEB] Servidor iniciado na porta 3000[39m
2026-05-21 18:54:00: ◇ injected env (4) from .env // tip: ⌁ auth for agents [www.vestauth.com]
2026-05-21 18:54:02: [35m [WEB] Servidor iniciado na porta 3000[39m
2026-05-21 18:54:07: ◇ injected env (4) from .env // tip: ◈ encrypted .env [www.dotenvx.com]
2026-05-21 18:54:09: [35m [WEB] Servidor iniciado na porta 3000[39m
2026-05-21 18:54:14: ◇ injected env (4) from .env // tip: ⌁ auth for agents [www.vestauth.com]
2026-05-21 18:54:15: [35m [WEB] Servidor iniciado na porta 3000[39m
2026-05-21 18:54:20: ◇ injected env (4) from .env // tip: ⌘ custom filepath { path: '/custom/path/.env' }
2026-05-21 18:54:22: [35m [WEB] Servidor iniciado na porta 3000[39m
2026-05-21 18:54:27: ◇ injected env (4) from .env // tip: ⌘ override existing { override: true }
2026-05-21 18:54:29: [35m [WEB] Servidor iniciado na porta 3000[39m
2026-05-21 18:54:34: ◇ injected env (4) from .env // tip: ⌘ override existing { override: true }
2026-05-21 18:54:35: [35m [WEB] Servidor iniciado na porta 3000[39m
2026-05-21 18:54:41: ◇ injected env (4) from .env // tip: ◈ secrets for agents [www.dotenvx.com]
2026-05-21 18:54:42: [35m [WEB] Servidor iniciado na porta 3000[39m
2026-05-21 18:54:47: ◇ injected env (4) from .env // tip: ◈ secrets for agents [www.dotenvx.com]
2026-05-21 18:54:49: [35m [WEB] Servidor iniciado na porta 3000[39m
2026-05-21 18:54:54: ◇ injected env (4) from .env // tip: ◈ encrypted .env [www.dotenvx.com]
2026-05-21 18:54:56: [35m [WEB] Servidor iniciado na porta 3000[39m
2026-05-21 18:55:01: ◇ injected env (4) from .env // tip: ⌘ override existing { override: true }
2026-05-21 18:55:02: [35m [WEB] Servidor iniciado na porta 3000[39m
2026-05-21 18:55:08: ◇ injected env (4) from .env // tip: ⌁ auth for agents [www.vestauth.com]
2026-05-21 18:55:09: [35m [WEB] Servidor iniciado na porta 3000[39m
2026-05-21 18:55:14: ◇ injected env (4) from .env // tip: ⌘ suppress logs { quiet: true }
2026-05-21 18:55:16: [35m [WEB] Servidor iniciado na porta 3000[39m
2026-05-21 18:55:21: ◇ injected env (4) from .env // tip: ◈ secrets for agents [www.dotenvx.com]
2026-05-21 18:55:23: [35m [WEB] Servidor iniciado na porta 3000[39m
2026-05-21 18:55:28: ◇ injected env (4) from .env // tip: ⌘ override existing { override: true }
2026-05-21 18:55:29: [35m [WEB] Servidor iniciado na porta 3000[39m
2026-05-21 18:55:34: ◇ injected env (4) from .env // tip: ⌘ enable debugging { debug: true }
2026-05-21 18:55:36: [35m [WEB] Servidor iniciado na porta 3000[39m
2026-05-21 18:55:41: ◇ injected env (4) from .env // tip: ⌘ enable debugging { debug: true }
2026-05-21 18:55:43: [35m [WEB] Servidor iniciado na porta 3000[39m
2026-05-21 18:55:48: ◇ injected env (4) from .env // tip: ⌘ enable debugging { debug: true }
2026-05-21 18:55:49: [35m [WEB] Servidor iniciado na porta 3000[39m
2026-05-21 18:55:55: ◇ injected env (4) from .env // tip: ⌘ enable debugging { debug: true }
2026-05-21 18:55:56: [35m [WEB] Servidor iniciado na porta 3000[39m
2026-05-21 18:56:01: ◇ injected env (4) from .env // tip: ⌘ enable debugging { debug: true }
2026-05-21 18:56:03: [35m [WEB] Servidor iniciado na porta 3000[39m
2026-05-21 18:56:08: ◇ injected env (4) from .env // tip: ◈ secrets for agents [www.dotenvx.com]
2026-05-21 18:56:10: [35m [WEB] Servidor iniciado na porta 3000[39m
2026-05-21 18:56:15: ◇ injected env (4) from .env // tip: ⌘ override existing { override: true }
2026-05-21 18:56:17: [35m [WEB] Servidor iniciado na porta 3000[39m
2026-05-21 18:56:22: ◇ injected env (4) from .env // tip: ⌘ enable debugging { debug: true }
2026-05-21 18:56:24: [35m [WEB] Servidor iniciado na porta 3000[39m
2026-05-21 18:56:29: ◇ injected env (4) from .env // tip: ◈ secrets for agents [www.dotenvx.com]
2026-05-21 18:56:30: [35m [WEB] Servidor iniciado na porta 3000[39m
2026-05-21 18:56:36: ◇ injected env (4) from .env // tip: ⌘ multiple files { path: ['.env.local', '.env'] }
2026-05-21 18:56:37: [35m [WEB] Servidor iniciado na porta 3000[39m
2026-05-21 18:56:42: ◇ injected env (4) from .env // tip: ⌘ enable debugging { debug: true }
2026-05-21 18:56:44: [35m [WEB] Servidor iniciado na porta 3000[39m
2026-05-21 18:56:49: ◇ injected env (4) from .env // tip: ⌘ enable debugging { debug: true }
2026-05-21 18:56:50: [35m [WEB] Servidor iniciado na porta 3000[39m
2026-05-21 18:56:56: ◇ injected env (4) from .env // tip: ⌘ custom filepath { path: '/custom/path/.env' }
2026-05-21 18:56:57: [35m [WEB] Servidor iniciado na porta 3000[39m
2026-05-21 18:57:02: ◇ injected env (4) from .env // tip: ⌘ custom filepath { path: '/custom/path/.env' }
2026-05-21 18:57:04: [35m [WEB] Servidor iniciado na porta 3000[39m
2026-05-21 18:57:09: ◇ injected env (4) from .env // tip: ⌘ multiple files { path: ['.env.local', '.env'] }
2026-05-21 18:57:11: [35m [WEB] Servidor iniciado na porta 3000[39m
2026-05-21 18:57:16: ◇ injected env (4) from .env // tip: ⌘ override existing { override: true }
2026-05-21 18:57:17: [35m [WEB] Servidor iniciado na porta 3000[39m
2026-05-21 18:57:23: ◇ injected env (4) from .env // tip: ⌘ multiple files { path: ['.env.local', '.env'] }
2026-05-21 18:57:24: [35m [WEB] Servidor iniciado na porta 3000[39m
2026-05-21 18:57:29: ◇ injected env (4) from .env // tip: ⌁ auth for agents [www.vestauth.com]
2026-05-21 18:57:31: [35m [WEB] Servidor iniciado na porta 3000[39m
2026-05-21 18:57:36: ◇ injected env (4) from .env // tip: ⌁ auth for agents [www.vestauth.com]
2026-05-21 18:57:37: [35m [WEB] Servidor iniciado na porta 3000[39m
2026-05-21 18:57:42: ◇ injected env (4) from .env // tip: ⌘ custom filepath { path: '/custom/path/.env' }
2026-05-21 18:57:44: [35m [WEB] Servidor iniciado na porta 3000[39m
2026-05-21 18:57:49: ◇ injected env (4) from .env // tip: ⌘ override existing { override: true }
2026-05-21 18:57:50: [35m [WEB] Servidor iniciado na porta 3000[39m
2026-05-21 18:57:56: ◇ injected env (4) from .env // tip: ◈ encrypted .env [www.dotenvx.com]
2026-05-21 18:57:57: [35m [WEB] Servidor iniciado na porta 3000[39m
2026-05-21 18:58:02: ◇ injected env (4) from .env // tip: ◈ secrets for agents [www.dotenvx.com]
2026-05-21 18:58:04: [35m [WEB] Servidor iniciado na porta 3000[39m
2026-05-21 18:58:09: ◇ injected env (4) from .env // tip: ⌁ auth for agents [www.vestauth.com]
2026-05-21 18:58:10: [35m [WEB] Servidor iniciado na porta 3000[39m
2026-05-21 18:58:15: ◇ injected env (4) from .env // tip: ⌘ suppress logs { quiet: true }
2026-05-21 18:58:17: [35m [WEB] Servidor iniciado na porta 3000[39m
2026-05-21 18:58:22: ◇ injected env (4) from .env // tip: ◈ secrets for agents [www.dotenvx.com]
2026-05-21 18:58:23: [35m [WEB] Servidor iniciado na porta 3000[39m
2026-05-21 18:58:29: ◇ injected env (4) from .env // tip: ◈ secrets for agents [www.dotenvx.com]
2026-05-21 18:58:30: [35m [WEB] Servidor iniciado na porta 3000[39m
2026-05-21 18:58:35: ◇ injected env (4) from .env // tip: ⌁ auth for agents [www.vestauth.com]
2026-05-21 18:58:37: [35m [WEB] Servidor iniciado na porta 3000[39m
2026-05-21 18:58:42: ◇ injected env (4) from .env // tip: ⌘ override existing { override: true }
2026-05-21 18:58:43: [35m [WEB] Servidor iniciado na porta 3000[39m
2026-05-21 18:58:48: ◇ injected env (4) from .env // tip: ⌁ auth for agents [www.vestauth.com]
2026-05-21 18:58:50: [35m [WEB] Servidor iniciado na porta 3000[39m
2026-05-21 18:58:55: ◇ injected env (4) from .env // tip: ⌘ enable debugging { debug: true }
2026-05-21 18:58:56: [35m [WEB] Servidor iniciado na porta 3000[39m
2026-05-21 18:59:02: ◇ injected env (4) from .env // tip: ⌁ auth for agents [www.vestauth.com]
2026-05-21 18:59:03: [35m [WEB] Servidor iniciado na porta 3000[39m
2026-05-21 18:59:08: ◇ injected env (4) from .env // tip: ⌘ enable debugging { debug: true }
2026-05-21 18:59:10: [35m [WEB] Servidor iniciado na porta 3000[39m
2026-05-21 18:59:15: ◇ injected env (4) from .env // tip: ⌁ auth for agents [www.vestauth.com]
2026-05-21 18:59:16: [35m [WEB] Servidor iniciado na porta 3000[39m
2026-05-21 18:59:22: ◇ injected env (4) from .env // tip: ◈ secrets for agents [www.dotenvx.com]
2026-05-21 18:59:23: [35m [WEB] Servidor iniciado na porta 3000[39m
2026-05-21 18:59:28: ◇ injected env (4) from .env // tip: ⌘ custom filepath { path: '/custom/path/.env' }
2026-05-21 18:59:30: [35m [WEB] Servidor iniciado na porta 3000[39m
2026-05-21 18:59:35: ◇ injected env (4) from .env // tip: ◈ encrypted .env [www.dotenvx.com]
2026-05-21 18:59:36: [35m [WEB] Servidor iniciado na porta 3000[39m
2026-05-21 18:59:41: ◇ injected env (4) from .env // tip: ⌘ override existing { override: true }
2026-05-21 18:59:43: [35m [WEB] Servidor iniciado na porta 3000[39m
2026-05-21 18:59:48: ◇ injected env (4) from .env // tip: ⌘ custom filepath { path: '/custom/path/.env' }
2026-05-21 18:59:49: [35m [WEB] Servidor iniciado na porta 3000[39m
2026-05-21 18:59:55: ◇ injected env (4) from .env // tip: ⌘ override existing { override: true }
2026-05-21 18:59:56: [35m [WEB] Servidor iniciado na porta 3000[39m
2026-05-21 19:00:01: ◇ injected env (4) from .env // tip: ◈ encrypted .env [www.dotenvx.com]
2026-05-21 19:00:03: [35m [WEB] Servidor iniciado na porta 3000[39m
2026-05-21 19:00:08: ◇ injected env (4) from .env // tip: ⌘ multiple files { path: ['.env.local', '.env'] }
2026-05-21 19:00:09: [35m [WEB] Servidor iniciado na porta 3000[39m
2026-05-21 19:00:14: ◇ injected env (4) from .env // tip: ⌘ multiple files { path: ['.env.local', '.env'] }
2026-05-21 19:00:16: [35m [WEB] Servidor iniciado na porta 3000[39m
2026-05-21 19:00:21: ◇ injected env (4) from .env // tip: ⌘ enable debugging { debug: true }
2026-05-21 19:00:22: [35m [WEB] Servidor iniciado na porta 3000[39m
2026-05-21 19:00:28: ◇ injected env (4) from .env // tip: ⌘ suppress logs { quiet: true }
2026-05-21 19:00:29: [35m [WEB] Servidor iniciado na porta 3000[39m
2026-05-21 19:00:34: ◇ injected env (4) from .env // tip: ◈ secrets for agents [www.dotenvx.com]
2026-05-21 19:00:36: [35m [WEB] Servidor iniciado na porta 3000[39m
2026-05-21 19:00:41: ◇ injected env (4) from .env // tip: ◈ secrets for agents [www.dotenvx.com]
2026-05-21 19:00:42: [35m [WEB] Servidor iniciado na porta 3000[39m
2026-05-21 19:00:47: ◇ injected env (4) from .env // tip: ⌘ override existing { override: true }
2026-05-21 19:00:49: [35m [WEB] Servidor iniciado na porta 3000[39m
2026-05-21 19:00:54: ◇ injected env (4) from .env // tip: ⌘ override existing { override: true }
2026-05-21 19:00:55: [35m [WEB] Servidor iniciado na porta 3000[39m
2026-05-21 19:01:01: ◇ injected env (4) from .env // tip: ⌘ enable debugging { debug: true }
2026-05-21 19:01:02: [35m [WEB] Servidor iniciado na porta 3000[39m
2026-05-21 19:01:07: ◇ injected env (4) from .env // tip: ◈ encrypted .env [www.dotenvx.com]
2026-05-21 19:01:09: [35m [WEB] Servidor iniciado na porta 3000[39m
2026-05-21 19:01:14: ◇ injected env (4) from .env // tip: ◈ encrypted .env [www.dotenvx.com]
2026-05-21 19:01:15: [35m [WEB] Servidor iniciado na porta 3000[39m
2026-05-21 19:01:20: ◇ injected env (4) from .env // tip: ⌘ enable debugging { debug: true }
2026-05-21 19:01:22: [35m [WEB] Servidor iniciado na porta 3000[39m
2026-05-21 19:01:27: ◇ injected env (4) from .env // tip: ◈ encrypted .env [www.dotenvx.com]
2026-05-21 19:01:28: [35m [WEB] Servidor iniciado na porta 3000[39m
2026-05-21 19:01:34: ◇ injected env (4) from .env // tip: ⌁ auth for agents [www.vestauth.com]
2026-05-21 19:01:35: [35m [WEB] Servidor iniciado na porta 3000[39m
2026-05-21 19:01:40: ◇ injected env (4) from .env // tip: ⌘ multiple files { path: ['.env.local', '.env'] }
2026-05-21 19:01:42: [35m [WEB] Servidor iniciado na porta 3000[39m
2026-05-21 19:01:47: ◇ injected env (4) from .env // tip: ⌘ multiple files { path: ['.env.local', '.env'] }
2026-05-21 19:01:50: [35m [WEB] Servidor iniciado na porta 3000[39m
2026-05-21 19:01:55: ◇ injected env (4) from .env // tip: ◈ encrypted .env [www.dotenvx.com]
2026-05-21 19:01:59: [35m [WEB] Servidor iniciado na porta 3000[39m
2026-05-21 19:02:04: ◇ injected env (4) from .env // tip: ⌁ auth for agents [www.vestauth.com]
2026-05-21 19:02:06: [35m [WEB] Servidor iniciado na porta 3000[39m
2026-05-21 19:02:11: ◇ injected env (4) from .env // tip: ⌘ enable debugging { debug: true }
2026-05-21 19:02:13: [35m [WEB] Servidor iniciado na porta 3000[39m
2026-05-21 19:02:18: ◇ injected env (4) from .env // tip: ◈ secrets for agents [www.dotenvx.com]
2026-05-21 19:02:19: [35m [WEB] Servidor iniciado na porta 3000[39m
2026-05-21 19:02:25: ◇ injected env (4) from .env // tip: ◈ encrypted .env [www.dotenvx.com]
2026-05-21 19:02:26: [35m [WEB] Servidor iniciado na porta 3000[39m
2026-05-21 19:02:32: ◇ injected env (4) from .env // tip: ⌘ multiple files { path: ['.env.local', '.env'] }
2026-05-21 19:02:33: [35m [WEB] Servidor iniciado na porta 3000[39m
2026-05-21 19:02:39: ◇ injected env (4) from .env // tip: ⌘ override existing { override: true }
2026-05-21 19:02:40: [35m [WEB] Servidor iniciado na porta 3000[39m
2026-05-21 19:02:45: ◇ injected env (4) from .env // tip: ⌘ multiple files { path: ['.env.local', '.env'] }
2026-05-21 19:02:47: [35m [WEB] Servidor iniciado na porta 3000[39m
2026-05-21 19:02:52: ◇ injected env (4) from .env // tip: ⌘ suppress logs { quiet: true }
2026-05-21 19:02:54: [35m [WEB] Servidor iniciado na porta 3000[39m
2026-05-21 19:02:59: ◇ injected env (4) from .env // tip: ⌁ auth for agents [www.vestauth.com]
2026-05-21 19:03:01: [35m [WEB] Servidor iniciado na porta 3000[39m
2026-05-21 19:03:06: ◇ injected env (4) from .env // tip: ◈ encrypted .env [www.dotenvx.com]
2026-05-21 19:03:09: [35m [WEB] Servidor iniciado na porta 3000[39m
2026-05-21 19:03:14: ◇ injected env (4) from .env // tip: ⌁ auth for agents [www.vestauth.com]
2026-05-21 19:03:16: [35m [WEB] Servidor iniciado na porta 3000[39m
2026-05-21 19:03:21: ◇ injected env (4) from .env // tip: ◈ encrypted .env [www.dotenvx.com]
2026-05-21 19:03:23: [35m [WEB] Servidor iniciado na porta 3000[39m
2026-05-21 19:03:29: ◇ injected env (4) from .env // tip: ⌘ override existing { override: true }
2026-05-21 19:03:30: [35m [WEB] Servidor iniciado na porta 3000[39m
2026-05-21 19:03:35: ◇ injected env (4) from .env // tip: ◈ secrets for agents [www.dotenvx.com]
2026-05-21 19:03:37: [35m [WEB] Servidor iniciado na porta 3000[39m
2026-05-21 19:03:42: ◇ injected env (4) from .env // tip: ⌘ enable debugging { debug: true }
2026-05-21 19:03:44: [35m [WEB] Servidor iniciado na porta 3000[39m
2026-05-21 19:03:49: ◇ injected env (4) from .env // tip: ⌘ multiple files { path: ['.env.local', '.env'] }
2026-05-21 19:03:51: [35m [WEB] Servidor iniciado na porta 3000[39m
2026-05-21 19:03:56: ◇ injected env (4) from .env // tip: ⌘ suppress logs { quiet: true }
2026-05-21 19:03:58: [35m [WEB] Servidor iniciado na porta 3000[39m
2026-05-21 19:04:03: ◇ injected env (4) from .env // tip: ⌘ custom filepath { path: '/custom/path/.env' }
2026-05-21 19:04:04: [35m [WEB] Servidor iniciado na porta 3000[39m
2026-05-21 19:04:10: ◇ injected env (4) from .env // tip: ⌘ custom filepath { path: '/custom/path/.env' }
2026-05-21 19:04:11: [35m [WEB] Servidor iniciado na porta 3000[39m
2026-05-21 19:04:17: ◇ injected env (4) from .env // tip: ◈ encrypted .env [www.dotenvx.com]
2026-05-21 19:04:18: [35m [WEB] Servidor iniciado na porta 3000[39m
2026-05-21 19:04:23: ◇ injected env (4) from .env // tip: ◈ secrets for agents [www.dotenvx.com]
2026-05-21 19:04:25: [35m [WEB] Servidor iniciado na porta 3000[39m
2026-05-21 19:04:30: ◇ injected env (4) from .env // tip: ◈ encrypted .env [www.dotenvx.com]
2026-05-21 19:04:32: [35m [WEB] Servidor iniciado na porta 3000[39m
2026-05-21 19:04:37: ◇ injected env (4) from .env // tip: ◈ secrets for agents [www.dotenvx.com]
2026-05-21 19:04:39: [35m [WEB] Servidor iniciado na porta 3000[39m
2026-05-21 19:04:44: ◇ injected env (4) from .env // tip: ⌘ suppress logs { quiet: true }
2026-05-21 19:04:46: [35m [WEB] Servidor iniciado na porta 3000[39m
2026-05-21 19:04:51: ◇ injected env (4) from .env // tip: ◈ encrypted .env [www.dotenvx.com]
2026-05-21 19:04:52: [35m [WEB] Servidor iniciado na porta 3000[39m
2026-05-21 19:04:58: ◇ injected env (4) from .env // tip: ◈ secrets for agents [www.dotenvx.com]
2026-05-21 19:04:59: [35m [WEB] Servidor iniciado na porta 3000[39m
2026-05-21 19:05:04: ◇ injected env (4) from .env // tip: ⌘ custom filepath { path: '/custom/path/.env' }
2026-05-21 19:05:06: [35m [WEB] Servidor iniciado na porta 3000[39m
2026-05-21 19:05:12: ◇ injected env (4) from .env // tip: ⌘ suppress logs { quiet: true }
2026-05-21 19:05:13: [35m [WEB] Servidor iniciado na porta 3000[39m
2026-05-21 19:05:18: ◇ injected env (4) from .env // tip: ◈ encrypted .env [www.dotenvx.com]
2026-05-21 19:05:20: [35m [WEB] Servidor iniciado na porta 3000[39m
2026-05-21 19:05:25: ◇ injected env (4) from .env // tip: ⌘ multiple files { path: ['.env.local', '.env'] }
2026-05-21 19:05:28: [35m [WEB] Servidor iniciado na porta 3000[39m
2026-05-21 19:05:33: ◇ injected env (4) from .env // tip: ◈ secrets for agents [www.dotenvx.com]
2026-05-21 19:05:35: [35m [WEB] Servidor iniciado na porta 3000[39m
2026-05-21 19:05:41: ◇ injected env (4) from .env // tip: ⌘ override existing { override: true }
2026-05-21 19:05:43: [35m [WEB] Servidor iniciado na porta 3000[39m
2026-05-21 19:05:48: ◇ injected env (4) from .env // tip: ◈ encrypted .env [www.dotenvx.com]
2026-05-21 19:05:51: [35m [WEB] Servidor iniciado na porta 3000[39m
2026-05-21 19:05:56: ◇ injected env (4) from .env // tip: ⌘ suppress logs { quiet: true }
2026-05-21 19:05:58: [35m [WEB] Servidor iniciado na porta 3000[39m
2026-05-21 19:06:03: ◇ injected env (4) from .env // tip: ⌘ suppress logs { quiet: true }
2026-05-21 19:06:06: [35m [WEB] Servidor iniciado na porta 3000[39m
2026-05-21 19:06:12: ◇ injected env (4) from .env // tip: ◈ encrypted .env [www.dotenvx.com]
2026-05-21 19:06:13: [35m [WEB] Servidor iniciado na porta 3000[39m
2026-05-21 19:06:18: ◇ injected env (4) from .env // tip: ⌘ override existing { override: true }
2026-05-21 19:06:20: [35m [WEB] Servidor iniciado na porta 3000[39m
2026-05-21 19:06:25: ◇ injected env (4) from .env // tip: ◈ secrets for agents [www.dotenvx.com]
2026-05-21 19:06:27: [35m [WEB] Servidor iniciado na porta 3000[39m
2026-05-21 19:06:32: ◇ injected env (4) from .env // tip: ⌁ auth for agents [www.vestauth.com]
2026-05-21 19:06:34: [35m [WEB] Servidor iniciado na porta 3000[39m
2026-05-21 19:06:39: ◇ injected env (4) from .env // tip: ⌘ override existing { override: true }
2026-05-21 19:06:40: [35m [WEB] Servidor iniciado na porta 3000[39m
2026-05-21 19:06:45: ◇ injected env (4) from .env // tip: ◈ secrets for agents [www.dotenvx.com]
2026-05-21 19:06:47: [35m [WEB] Servidor iniciado na porta 3000[39m
2026-05-21 19:06:52: ◇ injected env (4) from .env // tip: ◈ encrypted .env [www.dotenvx.com]
2026-05-21 19:06:54: [35m [WEB] Servidor iniciado na porta 3000[39m
2026-05-21 19:06:59: ◇ injected env (4) from .env // tip: ⌘ enable debugging { debug: true }
2026-05-21 19:07:01: [35m [WEB] Servidor iniciado na porta 3000[39m
2026-05-21 19:07:06: ◇ injected env (4) from .env // tip: ⌘ custom filepath { path: '/custom/path/.env' }
2026-05-21 19:07:08: [35m [WEB] Servidor iniciado na porta 3000[39m
2026-05-21 19:07:13: ◇ injected env (4) from .env // tip: ⌘ custom filepath { path: '/custom/path/.env' }
2026-05-21 19:07:15: [35m [WEB] Servidor iniciado na porta 3000[39m
2026-05-21 19:07:21: ◇ injected env (4) from .env // tip: ◈ encrypted .env [www.dotenvx.com]
2026-05-21 19:07:23: [35m [WEB] Servidor iniciado na porta 3000[39m
2026-05-21 19:07:29: ◇ injected env (4) from .env // tip: ⌘ enable debugging { debug: true }
2026-05-21 19:07:30: [35m [WEB] Servidor iniciado na porta 3000[39m
2026-05-21 19:07:36: ◇ injected env (4) from .env // tip: ⌘ suppress logs { quiet: true }
2026-05-21 19:07:37: [35m [WEB] Servidor iniciado na porta 3000[39m
2026-05-21 19:07:42: ◇ injected env (4) from .env // tip: ⌘ multiple files { path: ['.env.local', '.env'] }
2026-05-21 19:07:44: [35m [WEB] Servidor iniciado na porta 3000[39m
2026-05-21 19:07:49: ◇ injected env (4) from .env // tip: ⌁ auth for agents [www.vestauth.com]
2026-05-21 19:07:50: [35m [WEB] Servidor iniciado na porta 3000[39m
2026-05-21 19:07:56: ◇ injected env (4) from .env // tip: ⌘ override existing { override: true }
2026-05-21 19:07:58: [35m [WEB] Servidor iniciado na porta 3000[39m
2026-05-21 19:08:03: ◇ injected env (4) from .env // tip: ⌘ multiple files { path: ['.env.local', '.env'] }
2026-05-21 19:08:05: [35m [WEB] Servidor iniciado na porta 3000[39m
2026-05-21 19:08:10: ◇ injected env (4) from .env // tip: ◈ encrypted .env [www.dotenvx.com]
2026-05-21 19:08:12: [35m [WEB] Servidor iniciado na porta 3000[39m
2026-05-21 19:08:17: ◇ injected env (4) from .env // tip: ◈ secrets for agents [www.dotenvx.com]
2026-05-21 19:08:18: [35m [WEB] Servidor iniciado na porta 3000[39m
2026-05-21 19:08:23: ◇ injected env (4) from .env // tip: ◈ secrets for agents [www.dotenvx.com]
2026-05-21 19:08:25: [35m [WEB] Servidor iniciado na porta 3000[39m
2026-05-21 19:08:30: ◇ injected env (4) from .env // tip: ⌘ enable debugging { debug: true }
2026-05-21 19:08:32: [35m [WEB] Servidor iniciado na porta 3000[39m
2026-05-21 19:08:37: ◇ injected env (4) from .env // tip: ⌘ multiple files { path: ['.env.local', '.env'] }
2026-05-21 19:08:38: [35m [WEB] Servidor iniciado na porta 3000[39m
2026-05-21 19:08:43: ◇ injected env (4) from .env // tip: ⌁ auth for agents [www.vestauth.com]
2026-05-21 19:08:45: [35m [WEB] Servidor iniciado na porta 3000[39m
2026-05-21 19:08:50: ◇ injected env (4) from .env // tip: ⌘ enable debugging { debug: true }
2026-05-21 19:08:52: [35m [WEB] Servidor iniciado na porta 3000[39m
2026-05-21 19:08:57: ◇ injected env (4) from .env // tip: ⌘ custom filepath { path: '/custom/path/.env' }
2026-05-21 19:08:59: [35m [WEB] Servidor iniciado na porta 3000[39m
2026-05-21 19:09:04: ◇ injected env (4) from .env // tip: ⌁ auth for agents [www.vestauth.com]
2026-05-21 19:09:06: [35m [WEB] Servidor iniciado na porta 3000[39m
2026-05-21 19:09:11: ◇ injected env (4) from .env // tip: ⌘ suppress logs { quiet: true }
2026-05-21 19:09:12: [35m [WEB] Servidor iniciado na porta 3000[39m
2026-05-21 19:09:18: ◇ injected env (4) from .env // tip: ◈ secrets for agents [www.dotenvx.com]
2026-05-21 19:09:20: [35m [WEB] Servidor iniciado na porta 3000[39m
2026-05-21 19:09:25: ◇ injected env (4) from .env // tip: ◈ encrypted .env [www.dotenvx.com]
2026-05-21 19:09:27: [35m [WEB] Servidor iniciado na porta 3000[39m
2026-05-21 19:09:33: ◇ injected env (4) from .env // tip: ⌁ auth for agents [www.vestauth.com]
2026-05-21 19:09:34: [35m [WEB] Servidor iniciado na porta 3000[39m
2026-05-21 19:09:40: ◇ injected env (4) from .env // tip: ⌘ override existing { override: true }
2026-05-21 19:09:42: [35m [WEB] Servidor iniciado na porta 3000[39m
2026-05-21 19:09:47: ◇ injected env (4) from .env // tip: ⌘ enable debugging { debug: true }
2026-05-21 19:09:49: [35m [WEB] Servidor iniciado na porta 3000[39m
2026-05-21 19:09:54: ◇ injected env (4) from .env // tip: ⌁ auth for agents [www.vestauth.com]
2026-05-21 19:09:56: [35m [WEB] Servidor iniciado na porta 3000[39m
2026-05-21 19:10:02: ◇ injected env (4) from .env // tip: ⌘ enable debugging { debug: true }
2026-05-21 19:10:05: [35m [WEB] Servidor iniciado na porta 3000[39m
2026-05-21 19:10:10: ◇ injected env (4) from .env // tip: ⌘ suppress logs { quiet: true }
2026-05-21 19:10:11: [35m [WEB] Servidor iniciado na porta 3000[39m
2026-05-21 19:10:16: ◇ injected env (4) from .env // tip: ⌁ auth for agents [www.vestauth.com]
2026-05-21 19:10:18: [35m [WEB] Servidor iniciado na porta 3000[39m
2026-05-21 19:10:23: ◇ injected env (4) from .env // tip: ⌘ custom filepath { path: '/custom/path/.env' }
2026-05-21 19:10:25: [35m [WEB] Servidor iniciado na porta 3000[39m
2026-05-21 19:10:30: ◇ injected env (4) from .env // tip: ◈ secrets for agents [www.dotenvx.com]
2026-05-21 19:10:32: [35m [WEB] Servidor iniciado na porta 3000[39m
2026-05-21 19:10:37: ◇ injected env (4) from .env // tip: ⌘ suppress logs { quiet: true }
2026-05-21 19:10:39: [35m [WEB] Servidor iniciado na porta 3000[39m
2026-05-21 19:10:44: ◇ injected env (4) from .env // tip: ◈ secrets for agents [www.dotenvx.com]
2026-05-21 19:10:45: [35m [WEB] Servidor iniciado na porta 3000[39m
2026-05-21 19:10:51: ◇ injected env (4) from .env // tip: ◈ secrets for agents [www.dotenvx.com]
2026-05-21 19:10:53: [35m [WEB] Servidor iniciado na porta 3000[39m
2026-05-21 19:10:58: ◇ injected env (4) from .env // tip: ⌘ multiple files { path: ['.env.local', '.env'] }
2026-05-21 19:10:59: [35m [WEB] Servidor iniciado na porta 3000[39m
2026-05-21 19:11:05: ◇ injected env (4) from .env // tip: ⌘ multiple files { path: ['.env.local', '.env'] }
2026-05-21 19:11:06: [35m [WEB] Servidor iniciado na porta 3000[39m
2026-05-21 19:11:12: ◇ injected env (4) from .env // tip: ⌘ enable debugging { debug: true }
2026-05-21 19:11:13: [35m [WEB] Servidor iniciado na porta 3000[39m
2026-05-21 19:11:18: ◇ injected env (4) from .env // tip: ⌘ enable debugging { debug: true }
2026-05-21 19:11:20: [35m [WEB] Servidor iniciado na porta 3000[39m
2026-05-21 19:11:25: ◇ injected env (4) from .env // tip: ⌘ override existing { override: true }
2026-05-21 19:11:27: [35m [WEB] Servidor iniciado na porta 3000[39m
2026-05-21 19:11:32: ◇ injected env (4) from .env // tip: ⌘ enable debugging { debug: true }
2026-05-21 19:11:34: [35m [WEB] Servidor iniciado na porta 3000[39m
2026-05-21 19:11:39: ◇ injected env (4) from .env // tip: ◈ encrypted .env [www.dotenvx.com]
2026-05-21 19:11:41: [35m [WEB] Servidor iniciado na porta 3000[39m
2026-05-21 19:11:46: ◇ injected env (4) from .env // tip: ◈ encrypted .env [www.dotenvx.com]
2026-05-21 19:11:48: [35m [WEB] Servidor iniciado na porta 3000[39m
2026-05-21 19:11:53: ◇ injected env (4) from .env // tip: ⌘ multiple files { path: ['.env.local', '.env'] }
2026-05-21 19:11:55: [35m [WEB] Servidor iniciado na porta 3000[39m
2026-05-21 19:12:00: ◇ injected env (4) from .env // tip: ⌘ override existing { override: true }
2026-05-21 19:12:04: [35m [WEB] Servidor iniciado na porta 3000[39m
2026-05-21 19:12:09: ◇ injected env (4) from .env // tip: ⌁ auth for agents [www.vestauth.com]
2026-05-21 19:12:11: [35m [WEB] Servidor iniciado na porta 3000[39m
2026-05-21 19:12:16: ◇ injected env (4) from .env // tip: ⌘ custom filepath { path: '/custom/path/.env' }
2026-05-21 19:12:18: [35m [WEB] Servidor iniciado na porta 3000[39m
2026-05-21 19:12:23: ◇ injected env (4) from .env // tip: ⌘ override existing { override: true }
2026-05-21 19:12:24: [35m [WEB] Servidor iniciado na porta 3000[39m
2026-05-21 19:12:30: ◇ injected env (4) from .env // tip: ⌘ override existing { override: true }
2026-05-21 19:12:31: [35m [WEB] Servidor iniciado na porta 3000[39m
2026-05-21 19:12:37: ◇ injected env (4) from .env // tip: ◈ encrypted .env [www.dotenvx.com]
2026-05-21 19:12:39: [35m [WEB] Servidor iniciado na porta 3000[39m
2026-05-21 19:12:44: ◇ injected env (4) from .env // tip: ⌘ suppress logs { quiet: true }
2026-05-21 19:12:46: [35m [WEB] Servidor iniciado na porta 3000[39m
2026-05-21 19:12:52: ◇ injected env (4) from .env // tip: ⌘ custom filepath { path: '/custom/path/.env' }
2026-05-21 19:12:54: [35m [WEB] Servidor iniciado na porta 3000[39m
2026-05-21 19:12:59: ◇ injected env (4) from .env // tip: ⌘ multiple files { path: ['.env.local', '.env'] }
2026-05-21 19:13:01: [35m [WEB] Servidor iniciado na porta 3000[39m
2026-05-21 19:13:06: ◇ injected env (4) from .env // tip: ⌘ enable debugging { debug: true }
2026-05-21 19:13:08: [35m [WEB] Servidor iniciado na porta 3000[39m
2026-05-21 19:13:13: ◇ injected env (4) from .env // tip: ⌘ enable debugging { debug: true }
2026-05-21 19:13:15: [35m [WEB] Servidor iniciado na porta 3000[39m
2026-05-21 19:13:20: ◇ injected env (4) from .env // tip: ⌁ auth for agents [www.vestauth.com]
2026-05-21 19:13:22: [35m [WEB] Servidor iniciado na porta 3000[39m
2026-05-21 19:13:27: ◇ injected env (4) from .env // tip: ⌘ multiple files { path: ['.env.local', '.env'] }
2026-05-21 19:13:29: [35m [WEB] Servidor iniciado na porta 3000[39m
2026-05-21 19:13:34: ◇ injected env (4) from .env // tip: ⌘ suppress logs { quiet: true }
2026-05-21 19:13:36: [35m [WEB] Servidor iniciado na porta 3000[39m
2026-05-21 19:13:41: ◇ injected env (4) from .env // tip: ◈ encrypted .env [www.dotenvx.com]
2026-05-21 19:13:43: [35m [WEB] Servidor iniciado na porta 3000[39m
2026-05-21 19:13:48: ◇ injected env (4) from .env // tip: ◈ secrets for agents [www.dotenvx.com]
2026-05-21 19:13:50: [35m [WEB] Servidor iniciado na porta 3000[39m
2026-05-21 19:13:55: ◇ injected env (4) from .env // tip: ⌘ override existing { override: true }
2026-05-21 19:13:57: [35m [WEB] Servidor iniciado na porta 3000[39m
2026-05-21 19:14:02: ◇ injected env (4) from .env // tip: ⌁ auth for agents [www.vestauth.com]
2026-05-21 19:14:04: [35m [WEB] Servidor iniciado na porta 3000[39m
2026-05-21 19:14:09: ◇ injected env (4) from .env // tip: ⌘ override existing { override: true }
2026-05-21 19:14:12: [35m [WEB] Servidor iniciado na porta 3000[39m
2026-05-21 19:14:17: ◇ injected env (4) from .env // tip: ⌘ override existing { override: true }
2026-05-21 19:14:19: [35m [WEB] Servidor iniciado na porta 3000[39m
2026-05-21 19:14:24: ◇ injected env (4) from .env // tip: ⌁ auth for agents [www.vestauth.com]
2026-05-21 19:14:26: [35m [WEB] Servidor iniciado na porta 3000[39m
2026-05-21 19:14:33: ◇ injected env (4) from .env // tip: ◈ encrypted .env [www.dotenvx.com]
2026-05-21 19:14:35: [35m [WEB] Servidor iniciado na porta 3000[39m
2026-05-21 19:14:40: ◇ injected env (4) from .env // tip: ⌘ multiple files { path: ['.env.local', '.env'] }
2026-05-21 19:14:42: [35m [WEB] Servidor iniciado na porta 3000[39m
2026-05-21 19:14:47: ◇ injected env (4) from .env // tip: ⌘ suppress logs { quiet: true }
2026-05-21 19:14:50: [35m [WEB] Servidor iniciado na porta 3000[39m
2026-05-21 19:14:55: ◇ injected env (4) from .env // tip: ⌘ suppress logs { quiet: true }
2026-05-21 19:14:57: [35m [WEB] Servidor iniciado na porta 3000[39m
2026-05-21 19:15:02: ◇ injected env (4) from .env // tip: ⌘ suppress logs { quiet: true }
2026-05-21 19:15:04: [35m [WEB] Servidor iniciado na porta 3000[39m
2026-05-21 19:15:09: ◇ injected env (4) from .env // tip: ⌁ auth for agents [www.vestauth.com]
2026-05-21 19:15:11: [35m [WEB] Servidor iniciado na porta 3000[39m
2026-05-21 19:15:17: ◇ injected env (4) from .env // tip: ⌘ override existing { override: true }
2026-05-21 19:15:18: [35m [WEB] Servidor iniciado na porta 3000[39m
2026-05-21 19:15:23: ◇ injected env (4) from .env // tip: ◈ encrypted .env [www.dotenvx.com]
2026-05-21 19:15:25: [35m [WEB] Servidor iniciado na porta 3000[39m
2026-05-21 19:15:31: ◇ injected env (4) from .env // tip: ◈ encrypted .env [www.dotenvx.com]
2026-05-21 19:15:32: [35m [WEB] Servidor iniciado na porta 3000[39m
2026-05-21 19:15:38: ◇ injected env (4) from .env // tip: ⌁ auth for agents [www.vestauth.com]
2026-05-21 19:15:39: [35m [WEB] Servidor iniciado na porta 3000[39m
2026-05-21 19:15:44: ◇ injected env (4) from .env // tip: ⌘ override existing { override: true }
2026-05-21 19:15:46: [35m [WEB] Servidor iniciado na porta 3000[39m
2026-05-21 19:15:51: ◇ injected env (4) from .env // tip: ◈ encrypted .env [www.dotenvx.com]
2026-05-21 19:15:53: [35m [WEB] Servidor iniciado na porta 3000[39m
2026-05-21 19:15:59: ◇ injected env (4) from .env // tip: ⌁ auth for agents [www.vestauth.com]
2026-05-21 19:16:01: [35m [WEB] Servidor iniciado na porta 3000[39m
2026-05-21 19:16:06: ◇ injected env (4) from .env // tip: ◈ secrets for agents [www.dotenvx.com]
2026-05-21 19:16:08: [35m [WEB] Servidor iniciado na porta 3000[39m
2026-05-21 19:16:13: ◇ injected env (4) from .env // tip: ⌁ auth for agents [www.vestauth.com]
2026-05-21 19:16:15: [35m [WEB] Servidor iniciado na porta 3000[39m
2026-05-21 19:16:20: ◇ injected env (4) from .env // tip: ◈ encrypted .env [www.dotenvx.com]
2026-05-21 19:16:22: [35m [WEB] Servidor iniciado na porta 3000[39m
2026-05-21 19:16:28: ◇ injected env (4) from .env // tip: ◈ encrypted .env [www.dotenvx.com]
2026-05-21 19:16:30: [35m [WEB] Servidor iniciado na porta 3000[39m
2026-05-21 19:16:35: ◇ injected env (4) from .env // tip: ◈ encrypted .env [www.dotenvx.com]
2026-05-21 19:16:37: [35m [WEB] Servidor iniciado na porta 3000[39m
2026-05-21 19:16:42: ◇ injected env (4) from .env // tip: ⌁ auth for agents [www.vestauth.com]
2026-05-21 19:16:44: [35m [WEB] Servidor iniciado na porta 3000[39m
2026-05-21 19:16:49: ◇ injected env (4) from .env // tip: ⌘ override existing { override: true }
2026-05-21 19:16:51: [35m [WEB] Servidor iniciado na porta 3000[39m
2026-05-21 19:16:56: ◇ injected env (4) from .env // tip: ⌘ custom filepath { path: '/custom/path/.env' }
2026-05-21 19:16:58: [35m [WEB] Servidor iniciado na porta 3000[39m
2026-05-21 19:17:03: ◇ injected env (4) from .env // tip: ⌘ suppress logs { quiet: true }
2026-05-21 19:17:05: [35m [WEB] Servidor iniciado na porta 3000[39m
2026-05-21 19:17:10: ◇ injected env (4) from .env // tip: ⌁ auth for agents [www.vestauth.com]
2026-05-21 19:17:13: [35m [WEB] Servidor iniciado na porta 3000[39m
2026-05-21 19:17:18: ◇ injected env (4) from .env // tip: ⌘ multiple files { path: ['.env.local', '.env'] }
2026-05-21 19:17:20: [35m [WEB] Servidor iniciado na porta 3000[39m
2026-05-21 19:17:25: ◇ injected env (4) from .env // tip: ◈ secrets for agents [www.dotenvx.com]
2026-05-21 19:17:27: [35m [WEB] Servidor iniciado na porta 3000[39m
2026-05-21 19:17:32: ◇ injected env (4) from .env // tip: ⌘ suppress logs { quiet: true }
2026-05-21 19:17:34: [35m [WEB] Servidor iniciado na porta 3000[39m
2026-05-21 19:17:39: ◇ injected env (4) from .env // tip: ⌘ custom filepath { path: '/custom/path/.env' }
2026-05-21 19:17:41: [35m [WEB] Servidor iniciado na porta 3000[39m
2026-05-21 19:17:46: ◇ injected env (4) from .env // tip: ◈ secrets for agents [www.dotenvx.com]
2026-05-21 19:17:48: [35m [WEB] Servidor iniciado na porta 3000[39m
2026-05-21 19:17:53: ◇ injected env (4) from .env // tip: ⌘ enable debugging { debug: true }
2026-05-21 19:17:54: [35m [WEB] Servidor iniciado na porta 3000[39m
2026-05-21 19:18:00: ◇ injected env (4) from .env // tip: ◈ encrypted .env [www.dotenvx.com]
2026-05-21 19:18:02: [35m [WEB] Servidor iniciado na porta 3000[39m
2026-05-21 19:18:07: ◇ injected env (4) from .env // tip: ◈ secrets for agents [www.dotenvx.com]
2026-05-21 19:18:08: [35m [WEB] Servidor iniciado na porta 3000[39m
2026-05-21 19:18:14: ◇ injected env (4) from .env // tip: ◈ encrypted .env [www.dotenvx.com]
2026-05-21 19:18:15: [35m [WEB] Servidor iniciado na porta 3000[39m
2026-05-21 19:18:21: ◇ injected env (4) from .env // tip: ◈ encrypted .env [www.dotenvx.com]
2026-05-21 19:18:22: [35m [WEB] Servidor iniciado na porta 3000[39m
2026-05-21 19:18:28: ◇ injected env (4) from .env // tip: ⌘ multiple files { path: ['.env.local', '.env'] }
2026-05-21 19:18:30: [35m [WEB] Servidor iniciado na porta 3000[39m
2026-05-21 19:18:35: ◇ injected env (4) from .env // tip: ◈ encrypted .env [www.dotenvx.com]
2026-05-21 19:18:37: [35m [WEB] Servidor iniciado na porta 3000[39m
2026-05-21 19:18:42: ◇ injected env (4) from .env // tip: ⌘ suppress logs { quiet: true }
2026-05-21 19:18:44: [35m [WEB] Servidor iniciado na porta 3000[39m
2026-05-21 19:18:49: ◇ injected env (4) from .env // tip: ◈ encrypted .env [www.dotenvx.com]
2026-05-21 19:18:51: [35m [WEB] Servidor iniciado na porta 3000[39m
2026-05-21 19:18:56: ◇ injected env (4) from .env // tip: ⌘ enable debugging { debug: true }
2026-05-21 19:18:57: [35m [WEB] Servidor iniciado na porta 3000[39m
2026-05-21 19:19:03: ◇ injected env (4) from .env // tip: ◈ encrypted .env [www.dotenvx.com]
2026-05-21 19:19:04: [35m [WEB] Servidor iniciado na porta 3000[39m
2026-05-21 19:19:09: ◇ injected env (4) from .env // tip: ⌘ override existing { override: true }
2026-05-21 19:19:11: [35m [WEB] Servidor iniciado na porta 3000[39m
2026-05-21 19:19:16: ◇ injected env (4) from .env // tip: ◈ secrets for agents [www.dotenvx.com]
2026-05-21 19:19:18: [35m [WEB] Servidor iniciado na porta 3000[39m
2026-05-21 19:19:23: ◇ injected env (4) from .env // tip: ⌁ auth for agents [www.vestauth.com]
2026-05-21 19:19:24: [35m [WEB] Servidor iniciado na porta 3000[39m
2026-05-21 19:19:30: ◇ injected env (4) from .env // tip: ⌘ override existing { override: true }
2026-05-21 19:19:31: [35m [WEB] Servidor iniciado na porta 3000[39m
2026-05-21 19:19:36: ◇ injected env (4) from .env // tip: ◈ secrets for agents [www.dotenvx.com]
2026-05-21 19:19:38: [35m [WEB] Servidor iniciado na porta 3000[39m
2026-05-21 19:19:43: ◇ injected env (4) from .env // tip: ⌘ multiple files { path: ['.env.local', '.env'] }
2026-05-21 19:19:44: [35m [WEB] Servidor iniciado na porta 3000[39m
2026-05-21 19:19:50: ◇ injected env (4) from .env // tip: ◈ secrets for agents [www.dotenvx.com]
2026-05-21 19:19:51: [35m [WEB] Servidor iniciado na porta 3000[39m
2026-05-21 19:19:56: ◇ injected env (4) from .env // tip: ⌘ suppress logs { quiet: true }
2026-05-21 19:19:59: [35m [WEB] Servidor iniciado na porta 3000[39m
2026-05-21 19:20:04: ◇ injected env (4) from .env // tip: ◈ encrypted .env [www.dotenvx.com]
2026-05-21 19:20:06: [35m [WEB] Servidor iniciado na porta 3000[39m
2026-05-21 19:20:11: ◇ injected env (4) from .env // tip: ⌘ enable debugging { debug: true }
2026-05-21 19:20:13: [35m [WEB] Servidor iniciado na porta 3000[39m
2026-05-21 19:20:18: ◇ injected env (4) from .env // tip: ◈ secrets for agents [www.dotenvx.com]
2026-05-21 19:20:20: [35m [WEB] Servidor iniciado na porta 3000[39m
2026-05-21 19:20:25: ◇ injected env (4) from .env // tip: ⌘ custom filepath { path: '/custom/path/.env' }
2026-05-21 19:20:27: [35m [WEB] Servidor iniciado na porta 3000[39m
2026-05-21 19:20:32: ◇ injected env (4) from .env // tip: ◈ secrets for agents [www.dotenvx.com]
2026-05-21 19:20:33: [35m [WEB] Servidor iniciado na porta 3000[39m
2026-05-21 19:20:39: ◇ injected env (4) from .env // tip: ⌘ override existing { override: true }
2026-05-21 19:20:41: [35m [WEB] Servidor iniciado na porta 3000[39m
2026-05-21 19:20:46: ◇ injected env (4) from .env // tip: ⌁ auth for agents [www.vestauth.com]
2026-05-21 19:20:48: [35m [WEB] Servidor iniciado na porta 3000[39m
2026-05-21 19:20:53: ◇ injected env (4) from .env // tip: ◈ encrypted .env [www.dotenvx.com]
2026-05-21 19:20:57: [35m [WEB] Servidor iniciado na porta 3000[39m
2026-05-21 19:21:02: ◇ injected env (4) from .env // tip: ◈ secrets for agents [www.dotenvx.com]
2026-05-21 19:21:04: [35m [WEB] Servidor iniciado na porta 3000[39m
2026-05-21 19:21:09: ◇ injected env (4) from .env // tip: ⌘ custom filepath { path: '/custom/path/.env' }
2026-05-21 19:21:11: [35m [WEB] Servidor iniciado na porta 3000[39m
2026-05-21 19:21:16: ◇ injected env (4) from .env // tip: ⌘ multiple files { path: ['.env.local', '.env'] }
2026-05-21 19:21:18: [35m [WEB] Servidor iniciado na porta 3000[39m
2026-05-21 19:21:23: ◇ injected env (4) from .env // tip: ⌘ multiple files { path: ['.env.local', '.env'] }
2026-05-21 19:21:25: [35m [WEB] Servidor iniciado na porta 3000[39m
2026-05-21 19:21:31: ◇ injected env (4) from .env // tip: ⌘ override existing { override: true }
2026-05-21 19:21:32: [35m [WEB] Servidor iniciado na porta 3000[39m
2026-05-21 19:21:38: ◇ injected env (4) from .env // tip: ⌁ auth for agents [www.vestauth.com]
2026-05-21 19:21:40: [35m [WEB] Servidor iniciado na porta 3000[39m
2026-05-21 19:21:45: ◇ injected env (4) from .env // tip: ⌘ multiple files { path: ['.env.local', '.env'] }
2026-05-21 19:21:46: [35m [WEB] Servidor iniciado na porta 3000[39m
2026-05-21 19:21:53: ◇ injected env (4) from .env // tip: ⌘ multiple files { path: ['.env.local', '.env'] }
2026-05-21 19:21:55: [35m [WEB] Servidor iniciado na porta 3000[39m
2026-05-21 19:22:00: ◇ injected env (4) from .env // tip: ⌁ auth for agents [www.vestauth.com]
2026-05-21 19:22:01: [35m [WEB] Servidor iniciado na porta 3000[39m
2026-05-21 19:22:07: ◇ injected env (4) from .env // tip: ⌘ custom filepath { path: '/custom/path/.env' }
2026-05-21 19:22:09: [35m [WEB] Servidor iniciado na porta 3000[39m
2026-05-21 19:22:14: ◇ injected env (4) from .env // tip: ◈ secrets for agents [www.dotenvx.com]
2026-05-21 19:22:16: [35m [WEB] Servidor iniciado na porta 3000[39m
2026-05-21 19:22:21: ◇ injected env (4) from .env // tip: ⌁ auth for agents [www.vestauth.com]
2026-05-21 19:22:23: [35m [WEB] Servidor iniciado na porta 3000[39m
2026-05-21 19:22:29: ◇ injected env (4) from .env // tip: ◈ encrypted .env [www.dotenvx.com]
2026-05-21 19:22:31: [35m [WEB] Servidor iniciado na porta 3000[39m
2026-05-21 19:22:36: ◇ injected env (4) from .env // tip: ◈ encrypted .env [www.dotenvx.com]
2026-05-21 19:22:37: [35m [WEB] Servidor iniciado na porta 3000[39m
2026-05-21 19:22:43: ◇ injected env (4) from .env // tip: ⌘ suppress logs { quiet: true }
2026-05-21 19:22:44: [35m [WEB] Servidor iniciado na porta 3000[39m
2026-05-21 19:22:49: ◇ injected env (4) from .env // tip: ⌘ suppress logs { quiet: true }
2026-05-21 19:22:51: [35m [WEB] Servidor iniciado na porta 3000[39m
2026-05-21 19:22:56: ◇ injected env (4) from .env // tip: ⌘ multiple files { path: ['.env.local', '.env'] }
2026-05-21 19:22:57: [35m [WEB] Servidor iniciado na porta 3000[39m
2026-05-21 19:23:02: ◇ injected env (4) from .env // tip: ⌘ multiple files { path: ['.env.local', '.env'] }
2026-05-21 19:23:04: [35m [WEB] Servidor iniciado na porta 3000[39m
2026-05-21 19:23:09: ◇ injected env (4) from .env // tip: ⌁ auth for agents [www.vestauth.com]
2026-05-21 19:23:10: [35m [WEB] Servidor iniciado na porta 3000[39m
2026-05-21 19:23:16: ◇ injected env (4) from .env // tip: ◈ secrets for agents [www.dotenvx.com]
2026-05-21 19:23:17: [35m [WEB] Servidor iniciado na porta 3000[39m
2026-05-21 19:23:22: ◇ injected env (4) from .env // tip: ⌘ suppress logs { quiet: true }
2026-05-21 19:23:24: [35m [WEB] Servidor iniciado na porta 3000[39m
2026-05-21 19:23:29: ◇ injected env (4) from .env // tip: ⌘ multiple files { path: ['.env.local', '.env'] }
2026-05-21 19:23:31: [35m [WEB] Servidor iniciado na porta 3000[39m
2026-05-21 19:23:36: ◇ injected env (4) from .env // tip: ⌁ auth for agents [www.vestauth.com]
2026-05-21 19:23:38: [35m [WEB] Servidor iniciado na porta 3000[39m
2026-05-21 19:23:43: ◇ injected env (4) from .env // tip: ⌘ suppress logs { quiet: true }
2026-05-21 19:23:45: [35m [WEB] Servidor iniciado na porta 3000[39m
2026-05-21 19:23:50: ◇ injected env (4) from .env // tip: ⌘ custom filepath { path: '/custom/path/.env' }
2026-05-21 19:23:53: [35m [WEB] Servidor iniciado na porta 3000[39m
2026-05-21 19:23:58: ◇ injected env (4) from .env // tip: ⌘ enable debugging { debug: true }
2026-05-21 19:23:59: [35m [WEB] Servidor iniciado na porta 3000[39m
2026-05-21 19:24:05: ◇ injected env (4) from .env // tip: ◈ encrypted .env [www.dotenvx.com]
2026-05-21 19:24:06: [35m [WEB] Servidor iniciado na porta 3000[39m
2026-05-21 19:24:11: ◇ injected env (4) from .env // tip: ⌘ override existing { override: true }
2026-05-21 19:24:13: [35m [WEB] Servidor iniciado na porta 3000[39m
2026-05-21 19:24:18: ◇ injected env (4) from .env // tip: ◈ secrets for agents [www.dotenvx.com]
2026-05-21 19:24:20: [35m [WEB] Servidor iniciado na porta 3000[39m
2026-05-21 19:24:25: ◇ injected env (4) from .env // tip: ⌘ suppress logs { quiet: true }
2026-05-21 19:24:27: [35m [WEB] Servidor iniciado na porta 3000[39m
2026-05-21 19:24:32: ◇ injected env (4) from .env // tip: ⌁ auth for agents [www.vestauth.com]
2026-05-21 19:24:34: [35m [WEB] Servidor iniciado na porta 3000[39m
2026-05-21 19:24:39: ◇ injected env (4) from .env // tip: ⌘ enable debugging { debug: true }
2026-05-21 19:24:41: [35m [WEB] Servidor iniciado na porta 3000[39m
2026-05-21 19:24:46: ◇ injected env (4) from .env // tip: ⌘ multiple files { path: ['.env.local', '.env'] }
2026-05-21 19:24:47: [35m [WEB] Servidor iniciado na porta 3000[39m
